scenario,description,seed,delivered_packages,pending_packages,average_delivery_time,average_waiting_time,total_cost,total_income,gross_profit,moto_distance,furgoneta_distance,moto_trips,furgoneta_trips
A1,Alta demanda con flota de motos,,179,9,0.6338305620721837,0.12052991308168422,2810477.209240742,7770000.0,4959522.790759258,3763.7925569590743,0.0,179,0
A1,Alta demanda con flota de motos,,174,11,0.7361923754703382,0.20703750633398194,2737337.0127221765,8170000.0,5432662.9872778235,3610.371969795343,0.0,174,0
A1,Alta demanda con flota de motos,,170,45,1.797216067353462,1.1912499324151835,2955802.8582288343,7600000.0,4644197.141771166,4068.631037835228,0.0,170,0
A1,Alta demanda con flota de motos,,170,53,1.9306691549631263,1.3509672554857357,2825935.874684504,7950000.0,5124064.125315497,3796.21901521377,0.0,170,0
A1,Alta demanda con flota de motos,,182,25,1.2353078566082836,0.693457588616727,2843840.636620647,8460000.0,5616159.363379354,3833.776462691677,0.0,182,0
A1,Alta demanda con flota de motos,,179,43,1.298029531157508,0.7443686319043968,2934099.715648288,8220000.0,5285900.284351712,4023.106018263264,0.0,179,0
A1,Alta demanda con flota de motos,,171,49,1.4180375165618255,0.8521495136025602,2804622.965197953,7680000.0,4875377.034802048,3751.512557708361,0.0,171,0
A1,Alta demanda con flota de motos,,161,42,2.001712484491233,1.3768050581973386,2835456.4876623675,7180000.0,4344543.5123376325,3816.1896757089416,0.0,161,0
A1,Alta demanda con flota de motos,,182,22,1.1885501835278354,0.6797935204911038,2784831.168236128,8310000.0,5525168.831763872,3709.9968214177525,0.0,182,0
A1,Alta demanda con flota de motos,,177,22,1.255789999867487,0.6826704417295462,2925392.0477579716,7660000.0,4734607.952242028,4004.840610400701,0.0,177,0
A1,Alta demanda con flota de motos,,168,27,1.1151922907445977,0.5577817127769512,2737058.1229174696,7440000.0,4702941.87708253,3609.786964016998,0.0,168,0
A1,Alta demanda con flota de motos,,179,38,1.6752108055807762,1.1153903693983285,2869202.3498371216,8720000.0,5850797.650162878,3886.975785613407,0.0,179,0
A1,Alta demanda con flota de motos,,176,56,1.8627227394876251,1.2919629256383918,2796281.7326289383,8280000.0,5483718.267371062,3734.0157931476892,0.0,176,0
A1,Alta demanda con flota de motos,,181,28,1.3869228316709605,0.8376024778059051,2894479.0255285096,8080000.0,5185520.974471491,3939.9967318332515,0.0,181,0
A1,Alta demanda con flota de motos,,170,38,1.1448772721534168,0.5910574812908165,2804072.561914506,7350000.0,4545927.438085495,3750.3580189055906,0.0,170,0
A1,Alta demanda con flota de motos,,181,29,1.1867632379146875,0.6521639768138368,2808712.8765311227,7930000.0,5121287.123468878,3760.0916513948787,0.0,181,0
A1,Alta demanda con flota de motos,,171,73,1.9439224520938965,1.3372997459070703,2910543.001400442,7730000.0,4819456.998599558,3973.692903401922,0.0,171,0
A1,Alta demanda con flota de motos,,183,42,1.3209979392209696,0.7881475945293859,2845241.571998975,8040000.0,5194758.428001026,3836.7150975129157,0.0,183,0
A1,Alta demanda con flota de motos,,176,48,1.8885555114097123,1.3077567529032679,2918945.2026324496,7780000.0,4861054.79736755,3991.3175572563223,0.0,176,0
A1,Alta demanda con flota de motos,,177,49,2.0117881084272025,1.4408745689668296,2911311.1626295387,7760000.0,4848688.837370461,3975.3042163654322,0.0,177,0
A1,Alta demanda con flota de motos,,183,35,1.0811227803811274,0.5485848877123667,2906621.9983071717,8240000.0,5333378.001692828,3965.4681155906414,0.0,183,0
A1,Alta demanda con flota de motos,,183,16,0.7588259745073248,0.23738764251589128,2798459.0639709895,8340000.0,5541540.93602901,3738.5830143044227,0.0,183,0
A1,Alta demanda con flota de motos,,177,55,1.8707161330374995,1.3153954992170513,2848762.341830419,7960000.0,5111237.658169581,3844.100346671656,0.0,177,0
A1,Alta demanda con flota de motos,,169,52,2.2754552617755963,1.6914472250730892,2911163.0704693324,7620000.0,4708836.929530667,3974.9935747859126,0.0,169,0
A1,Alta demanda con flota de motos,,169,12,0.9419398181805352,0.3638710125764078,2834479.339531563,7420000.0,4585520.660468437,3814.139986931636,0.0,169,0
A1,Alta demanda con flota de motos,,167,51,2.244931590524736,1.654444498929449,2833812.3845366826,7510000.0,4676187.615463317,3812.7409665325013,0.0,167,0
A1,Alta demanda con flota de motos,,181,10,0.6832091921242629,0.14678045012187574,2871354.51908417,8180000.0,5308645.48091583,3891.4902261710463,0.0,181,0
A1,Alta demanda con flota de motos,,177,29,1.5766496229896794,1.009572952104903,2845202.4146926804,7910000.0,5064797.58530732,3836.632960231239,0.0,177,0
A1,Alta demanda con flota de motos,,179,21,1.1531453158043847,0.6182796836591387,2804469.8900859472,7970000.0,5165530.109914053,3751.191463772576,0.0,179,0
A1,Alta demanda con flota de motos,,167,11,0.7423406340647951,0.1806756445970727,2750470.932645253,7660000.0,4909529.067354747,3637.921987463783,0.0,167,0
A1,Alta demanda con flota de motos,,187,24,1.3765801018055266,0.8440685153517441,2873613.5896347,8260000.0,5386386.4103653,3896.2289054035973,0.0,187,0
A1,Alta demanda con flota de motos,,182,12,1.1892350079694767,0.6645031740504039,2814294.917421862,7710000.0,4895705.0825781375,3771.8006709462757,0.0,182,0
A1,Alta demanda con flota de motos,,176,5,1.0168609017248604,0.4460222939520968,2912181.3088652375,7930000.0,5017818.691134762,3977.129455464509,0.0,176,0
A1,Alta demanda con flota de motos,,184,16,1.1367702021280097,0.5913126534304379,2894497.1220641783,8120000.0,5225502.877935821,3940.0346915498003,0.0,184,0
A1,Alta demanda con flota de motos,,180,18,1.5944707188929095,1.0336016741941012,2907895.1000349754,8200000.0,5292104.899965025,3968.1386035561673,0.0,180,0
A1,Alta demanda con flota de motos,,176,47,1.4927428225783752,0.9559226604198792,2791660.9044948034,8130000.0,5338339.095505197,3724.3230359598865,0.0,176,0
A1,Alta demanda con flota de motos,,187,32,1.7779179511245096,1.2431062870143796,2859894.5883369823,8410000.0,5550105.411663018,3867.4516073570776,0.0,187,0
A1,Alta demanda con flota de motos,,171,32,1.311534051705772,0.7414261665373703,2793343.0812590118,8130000.0,5336656.918740988,3727.8516092911477,0.0,171,0
A1,Alta demanda con flota de motos,,177,36,1.219237340667549,0.6783800421918371,2801529.4472837546,8110000.0,5308470.552716246,3745.0235221658145,0.0,177,0
A1,Alta demanda con flota de motos,,178,26,1.3260735916825783,0.8013859034579046,2731795.288620886,7840000.0,5108204.711379115,3598.7475196846035,0.0,178,0
A1,Alta demanda con flota de motos,,175,37,1.1879118412869825,0.6242634284658971,2813888.457875164,8000000.0,5186111.542124836,3770.948071892935,0.0,175,0
A1,Alta demanda con flota de motos,,170,38,1.4767838339630757,0.9106001164950649,2786049.7501179343,7700000.0,4913950.249882066,3712.552947278944,0.0,170,0
A1,Alta demanda con flota de motos,,176,36,1.6862152920932645,1.1088940465532326,2927699.8333391747,7680000.0,4752300.166660825,4009.6814754211655,0.0,176,0
A1,Alta demanda con flota de motos,,181,6,1.0784533597838142,0.5320828722594497,2928664.2162660877,8480000.0,5551335.783733912,4011.704387608172,0.0,181,0
A1,Alta demanda con flota de motos,,177,47,1.7895481882624904,1.201421977813529,2900912.5387225747,8210000.0,5309087.461277425,3953.491819606342,0.0,177,0
A1,Alta demanda con flota de motos,,187,31,1.3709654719464142,0.8552917320217608,2820569.224669605,8360000.0,5539430.7753303945,3784.9618046021037,0.0,187,0
A1,Alta demanda con flota de motos,,184,8,1.0632833647495818,0.554407407592499,2768947.477664914,8370000.0,5601052.522335086,3676.6788205132275,0.0,184,0
A1,Alta demanda con flota de motos,,185,20,1.2987526158497982,0.7631377887185113,2865287.4011588474,8050000.0,5184712.598841153,3878.7636976846466,0.0,185,0
A1,Alta demanda con flota de motos,,188,48,1.8894658123011039,1.3524966552656286,2889588.8737195437,8290000.0,5400411.126280457,3929.7390350049327,0.0,188,0
A1,Alta demanda con flota de motos,,189,11,1.0218167859919616,0.48414676210031166,2963207.6127934135,7870000.0,4906792.387206586,4084.1634242270675,0.0,189,0
A1,Alta demanda con flota de motos,,174,37,1.6413367512615888,1.065035617813697,2861667.229857814,7870000.0,5008332.770142186,3871.1699416780343,0.0,174,0
A1,Alta demanda con flota de motos,,180,27,1.1957045238598036,0.6469871691223451,2845670.470936323,8300000.0,5454329.529063677,3837.6147659569942,0.0,180,0
A1,Alta demanda con flota de motos,,176,37,1.3902607799189988,0.8250569091546477,2837686.4536245745,7630000.0,4792313.5463754255,3820.867304476185,0.0,176,0
A1,Alta demanda con flota de motos,,184,25,1.381575076477146,0.8487856377895903,2878852.243054278,8470000.0,5591147.756945722,3907.2176273627333,0.0,184,0
A1,Alta demanda con flota de motos,,183,22,0.9136722985414494,0.3659769069316066,2889367.5991318254,8290000.0,5400632.400868175,3929.2748842535234,0.0,183,0
A1,Alta demanda con flota de motos,,183,18,0.7660936847507871,0.2413905526154532,2849940.8171843276,7990000.0,5140059.182815673,3846.572344141722,0.0,183,0
A1,Alta demanda con flota de motos,,181,37,1.5674204668393457,1.0342855343972184,2841342.8151942794,8130000.0,5288657.184805721,3828.53697403695,0.0,181,0
A1,Alta demanda con flota de motos,,178,47,1.8721337786186398,1.299392921859005,2928883.674798292,7840000.0,4911116.325201708,4012.164728959053,0.0,178,0
A1,Alta demanda con flota de motos,,184,26,1.146612079006698,0.6278551313570333,2843734.1927234177,8370000.0,5526265.807276582,3833.5531834828407,0.0,184,0
A1,Alta demanda con flota de motos,,185,33,1.1870836964440026,0.6315463629961607,2914164.4022738826,8750000.0,5835835.597726118,3981.2892385883865,0.0,185,0
A1,Alta demanda con flota de motos,,174,30,1.3028218856801235,0.7224695427750281,2916907.317181551,7870000.0,4953092.682818449,3987.04284106288,0.0,174,0
A1,Alta demanda con flota de motos,,192,16,1.0130414998513941,0.4847307488165011,2862084.8835027353,8560000.0,5697915.116497265,3872.046021733665,0.0,192,0
A1,Alta demanda con flota de motos,,180,43,1.5048610655731978,0.9567457866636732,2891814.012516683,8050000.0,5158185.987483317,3934.406538197804,0.0,180,0
A1,Alta demanda con flota de motos,,182,34,1.5917595314519042,1.048493868473872,2926457.072005545,7860000.0,4933542.927994455,4007.0746301762065,0.0,182,0
A1,Alta demanda con flota de motos,,165,39,1.6255560193172438,1.0201136721400172,2860912.475770565,7050000.0,4189087.524229435,3869.5867518488926,0.0,165,0
A1,Alta demanda con flota de motos,,164,10,0.7465845842966822,0.1748678643884706,2741183.4471427295,7720000.0,4978816.55285727,3618.4403406143633,0.0,164,0
A1,Alta demanda con flota de motos,,168,29,1.039037035881711,0.46190104385984576,2770246.0348437177,7090000.0,4319753.965156282,3679.402704428235,0.0,168,0
A1,Alta demanda con flota de motos,,182,19,1.0225134725640213,0.47799533807536354,2878529.0666924254,7810000.0,4931470.933307575,3906.5397250661476,0.0,182,0
A1,Alta demanda con flota de motos,,185,15,1.6137584650445205,1.0706423128465201,2878340.78917914,7800000.0,4921659.21082086,3906.1447897499593,0.0,185,0
A1,Alta demanda con flota de motos,,177,53,1.7169483170746445,1.1340055151891066,2960225.8479965087,8110000.0,5149774.152003491,4077.9088046375605,0.0,177,0
A1,Alta demanda con flota de motos,,174,37,1.893645943567223,1.3523100297136392,2789050.8300006725,8370000.0,5580949.1699993275,3718.8480826443288,0.0,174,0
A1,Alta demanda con flota de motos,,179,36,1.535943388138612,0.9877037678004159,2876497.3612855347,8370000.0,5493502.638714465,3902.2779722775763,0.0,179,0
A1,Alta demanda con flota de motos,,179,28,1.1103435189011024,0.5448012318164015,2895913.578310084,8470000.0,5574086.421689916,3943.005883305939,0.0,179,0
A1,Alta demanda con flota de motos,,173,74,2.384586830055608,1.7985593348038593,2917580.5397298383,7890000.0,4972419.460270162,3988.4550084286607,0.0,173,0
A1,Alta demanda con flota de motos,,173,38,1.706569858265983,1.1476488523812671,2791475.903026589,8140000.0,5348524.096973411,3723.9349725524826,0.0,173,0
A1,Alta demanda con flota de motos,,170,25,0.9532629849569735,0.41367804841744543,2757695.004435093,7850000.0,5092304.995564907,3653.0753694406685,0.0,170,0
A1,Alta demanda con flota de motos,,173,36,1.3535939223715758,0.773690450549673,2913915.2030401137,7540000.0,4626084.796959886,3980.7665124461846,0.0,173,0
A1,Alta demanda con flota de motos,,182,4,0.7185022248265112,0.1772450130542601,2852179.0092985937,8210000.0,5357820.990701406,3851.267228277959,0.0,182,0
A1,Alta demanda con flota de motos,,178,36,1.1582513863507773,0.6181696168680081,2794979.5477718767,8740000.0,5945020.452228123,3731.284299729894,0.0,178,0
A1,Alta demanda con flota de motos,,181,13,1.0345646443943473,0.49135443296568104,2868083.225235626,8730000.0,5861916.774764374,3884.6282836699584,0.0,181,0
A1,Alta demanda con flota de motos,,186,45,1.235261409681279,0.7271550254258585,2858757.0147735025,8280000.0,5421242.985226497,3865.0654064394034,0.0,186,0
A1,Alta demanda con flota de motos,,179,11,1.0403165776254164,0.5073791572899911,2793837.0218871557,7770000.0,4976162.978112845,3728.8877107073417,0.0,179,0
A1,Alta demanda con flota de motos,,190,38,1.933963790392088,1.3968968769036365,2937339.2093796576,8050000.0,5112660.790620342,4029.9012560946753,0.0,190,0
A1,Alta demanda con flota de motos,,181,19,1.3744301375048804,0.8271155977100382,2903931.1141639524,8030000.0,5126068.885836048,3959.823654064796,0.0,181,0
A1,Alta demanda con flota de motos,,177,40,1.3034851691895244,0.738940249461965,2884650.4162432733,7210000.0,4325349.583756726,3919.3800110788707,0.0,177,0
A1,Alta demanda con flota de motos,,188,16,1.1258024237945046,0.5967325590331587,2909344.2951347837,7990000.0,5080655.704865216,3971.178469098105,0.0,188,0
A1,Alta demanda con flota de motos,,181,47,1.7576119416084648,1.1971906850968008,2876727.658109774,7880000.0,5003272.341890226,3902.761048283368,0.0,181,0
A1,Alta demanda con flota de motos,,184,25,1.0985882168497847,0.5637064754832273,2862209.7303111674,8370000.0,5507790.269688833,3872.3079033195445,0.0,184,0
A1,Alta demanda con flota de motos,,167,13,0.8195370171039306,0.25203849768608977,2790723.525191695,7560000.0,4769276.4748083055,3722.3567672058616,0.0,167,0
A1,Alta demanda con flota de motos,,180,21,1.0787903165049946,0.5470519252938946,2830159.279926181,8100000.0,5269840.720073819,3805.078128845544,0.0,180,0
A1,Alta demanda con flota de motos,,174,35,1.2678743850271836,0.7036395475189501,2818952.850338004,7970000.0,5151047.1496619955,3781.5712599927797,0.0,174,0
A1,Alta demanda con flota de motos,,167,48,1.2691140727246164,0.6996507780594661,2803127.1294650435,7210000.0,4406872.870534956,3748.374857683379,0.0,167,0
A1,Alta demanda con flota de motos,,169,18,0.9500851633753042,0.3754482351952524,2787616.744056423,7720000.0,4932383.255943577,3715.839910420533,0.0,169,0
A1,Alta demanda con flota de motos,,176,13,1.0079536449710398,0.44726166823433877,2846797.8293934353,8130000.0,5283202.170606565,3839.9795394285907,0.0,176,0
A1,Alta demanda con flota de motos,,176,15,1.1655307550828764,0.5845437116748202,2881098.7987609976,7680000.0,4798901.201239003,3911.9300551661418,0.0,176,0
A1,Alta demanda con flota de motos,,163,26,1.008251718065433,0.4166485546315438,2785689.7800031877,7140000.0,4354310.219996812,3711.797865545577,0.0,163,0
A1,Alta demanda con flota de motos,,187,45,1.384359667721308,0.852857832711426,2894852.5387597857,8310000.0,5415147.461240214,3940.780221924656,0.0,187,0
A1,Alta demanda con flota de motos,,180,7,0.946838378692128,0.4099462989664657,2836925.547777262,8250000.0,5413074.452222738,3819.2712105712176,0.0,180,0
A1,Alta demanda con flota de motos,,162,40,1.6771293320554985,1.0975723533944235,2762150.4996902514,7460000.0,4697849.500309749,3662.421320513933,0.0,162,0
A1,Alta demanda con flota de motos,,172,67,2.1604589622555435,1.5820073168776565,2879299.0016379002,8160000.0,5280700.9983621,3908.1547586186175,0.0,172,0
A1,Alta demanda con flota de motos,,178,39,1.7042199572646164,1.1408760635472766,2894193.125098476,7690000.0,4795806.874901524,3939.397020403236,0.0,178,0
A1,Alta demanda con flota de motos,,182,35,1.4391140026811968,0.8725179468237532,2965750.2563769366,8210000.0,5244249.743623063,4089.4969328871525,0.0,182,0
A1,Alta demanda con flota de motos,,174,28,1.598007800080096,1.0085075241214212,2912426.9437230295,7920000.0,5007573.056276971,3977.6447048882696,0.0,174,0
A1,Alta demanda con flota de motos,,183,12,0.837498038589431,0.28656976382606997,2885590.0327574066,8240000.0,5354409.967242593,3921.3509726590814,0.0,183,0
A1,Alta demanda con flota de motos,,173,18,1.1462669239863084,0.5727095091344779,2872952.298200398,8040000.0,5167047.701799601,3894.841765021613,0.0,173,0
A1,Alta demanda con flota de motos,,176,18,0.9975579385382803,0.43941020626924615,2863178.2611209084,8180000.0,5316821.738879092,3874.3395162025986,0.0,176,0
A1,Alta demanda con flota de motos,,184,48,1.80828996558794,1.2657791826019273,2910996.008493566,8170000.0,5259003.991506434,3974.6431416775204,0.0,184,0
A1,Alta demanda con flota de motos,,170,20,1.1885317234110477,0.6074280060407286,2865430.551340399,7600000.0,4734569.448659601,3879.063972854144,0.0,170,0
A1,Alta demanda con flota de motos,,175,35,1.6971493176395123,1.1376782150623421,2888763.0855238647,7800000.0,4911236.914476136,3928.0068423682555,0.0,175,0
A1,Alta demanda con flota de motos,,182,32,1.7434724429716977,1.1865452218675412,2920693.4811401945,7360000.0,4439306.518859806,3994.9847871511124,0.0,182,0
A1,Alta demanda con flota de motos,,185,40,1.8172647458677809,1.2851157906039345,2896095.265410349,8450000.0,5553904.734589651,3943.3869944175967,0.0,185,0
A1,Alta demanda con flota de motos,,171,45,1.9290060524719626,1.3329174150263086,2915797.2979690586,7730000.0,4814202.702030942,3984.714438796416,0.0,171,0
A1,Alta demanda con flota de motos,,171,41,1.5809413298302655,1.012224591325465,2842725.110447108,7780000.0,4937274.889552892,3831.436508894897,0.0,171,0
A1,Alta demanda con flota de motos,,181,20,0.9389777163812968,0.39736850514511723,2882482.652511545,7880000.0,4997517.3474884555,3914.8328591653626,0.0,181,0
A1,Alta demanda con flota de motos,,177,10,0.9797282763833506,0.4367539629301681,2837006.4870684743,8460000.0,5622993.512931526,3819.440990721862,0.0,177,0
A1,Alta demanda con flota de motos,,179,44,1.67400396665156,1.137360834717065,2836954.621469561,7570000.0,4733045.378530439,3819.3321962283,0.0,179,0
A1,Alta demanda con flota de motos,,182,16,1.2807525233318375,0.7163505571918511,2920850.5107572335,7960000.0,5039149.489242766,3995.314176149161,0.0,182,0
A1,Alta demanda con flota de motos,,186,31,1.2296123927292408,0.6745712932860102,2967266.6781038074,8580000.0,5612733.321896193,4092.677814574629,0.0,186,0
A1,Alta demanda con flota de motos,,183,19,1.0041797629835951,0.4608860086447241,2925691.322472018,8140000.0,5214308.677527982,4005.468376041734,0.0,183,0
A1,Alta demanda con flota de motos,,177,19,1.2787312102708572,0.7241495926821333,2823662.2345547085,8110000.0,5286337.765445292,3791.449774490938,0.0,177,0
A1,Alta demanda con flota de motos,,178,24,0.9016349471080509,0.3498984094112426,2820314.7757312316,7990000.0,5169685.224268768,3784.4280665567285,0.0,178,0
A1,Alta demanda con flota de motos,,177,16,1.3084892565768071,0.7526064357850123,2898062.52332556,8160000.0,5261937.476674439,3947.5135606400186,0.0,177,0
A1,Alta demanda con flota de motos,,192,22,1.2102848026738657,0.6940193722880461,2898151.27371856,8110000.0,5211848.72628144,3947.6997255404867,0.0,192,0
A1,Alta demanda con flota de motos,,184,15,0.9856800786849569,0.4597982437117832,2862517.55161847,7920000.0,5057482.44838153,3872.953596494509,0.0,184,0
A1,Alta demanda con flota de motos,,168,24,1.514670512069465,0.9162433196950615,2873826.8818895556,7390000.0,4516173.118110444,3896.6763122268612,0.0,168,0
A1,Alta demanda con flota de motos,,180,7,0.8450809537256052,0.29965368628940847,2832685.9736341694,8300000.0,5467314.026365831,3810.3781806735974,0.0,180,0
A1,Alta demanda con flota de motos,,182,42,1.8206777686619604,1.2707953911312457,2842817.303733603,8560000.0,5717182.696266397,3831.6298956893042,0.0,182,0
A1,Alta demanda con flota de motos,,176,29,1.373334160173778,0.7960568207876855,2906958.2831023796,7980000.0,5073041.71689762,3966.1735144436802,0.0,176,0
A1,Alta demanda con flota de motos,,172,22,1.15719786907837,0.5618320393277659,2891315.1511389567,8010000.0,5118684.848861043,3933.3601149021697,0.0,172,0
A1,Alta demanda con flota de motos,,166,48,1.682943642187245,1.0671838604933739,2907641.6000343002,7630000.0,4722358.3999657,3967.606856024703,0.0,166,0
A1,Alta demanda con flota de motos,,160,2,0.6617586423004679,0.13194427982868878,2576993.742532487,7200000.0,4623006.257467513,3274.032175384061,0.0,160,0
A1,Alta demanda con flota de motos,,168,36,1.2933464402319024,0.7461145787345124,2706471.0596977533,7040000.0,4333528.940302247,3545.626824693452,0.0,168,0
A1,Alta demanda con flota de motos,,180,37,1.454570161777944,0.890530576910513,2998617.010559938,8200000.0,5201382.989440062,4158.439005303403,0.0,180,0
A1,Alta demanda con flota de motos,,178,19,1.6006970964969596,1.031171474046549,2904662.177917892,7890000.0,4985337.822082108,3961.357150496611,0.0,178,0
A1,Alta demanda con flota de motos,,184,33,1.7013521187357332,1.1762667580881547,2858640.6633981625,8470000.0,5611359.336601838,3864.821345072721,0.0,184,0
A1,Alta demanda con flota de motos,,171,64,2.0392274928793444,1.441057521028329,2860163.0619988395,7480000.0,4619836.9380011605,3868.0147639905085,0.0,171,0
A1,Alta demanda con flota de motos,,187,21,1.2226377274477007,0.6845437626312852,2914037.5428550253,8260000.0,5345962.457144975,3981.0231353038007,0.0,187,0
A1,Alta demanda con flota de motos,,175,39,1.8578027977524871,1.2988863456575024,2824658.019955987,8300000.0,5475341.980044013,3793.538557242762,0.0,175,0
A1,Alta demanda con flota de motos,,178,15,1.1506642612713662,0.6006890640675916,2841047.923840186,8490000.0,5648952.076159814,3827.9184030343013,0.0,178,0
A1,Alta demanda con flota de motos,,177,31,1.2362848088319947,0.6889882918865693,2810143.032264952,7910000.0,5099856.967735048,3763.0915795173523,0.0,177,0
A1,Alta demanda con flota de motos,,188,14,1.0599684349334118,0.548980392106671,2824072.5964782974,8740000.0,5915927.403521703,3792.3105592613247,0.0,188,0
A1,Alta demanda con flota de motos,,174,49,1.8345974998090826,1.2388518887118372,2912539.015823424,7720000.0,4807460.984176576,3977.8797899477286,0.0,174,0
A1,Alta demanda con flota de motos,,178,14,1.019787185053274,0.4932554088482405,2775767.854791918,8040000.0,5264232.145208082,3690.985403121835,0.0,178,0
A1,Alta demanda con flota de motos,,169,48,1.7915682700156383,1.2328976540799241,2828506.807246078,7920000.0,5091493.192753922,3801.6118634959703,0.0,169,0
A1,Alta demanda con flota de motos,,182,24,1.3062550877570764,0.7463688586584337,2894417.8383504217,8260000.0,5365582.161649578,3939.8683841771544,0.0,182,0
A1,Alta demanda con flota de motos,,182,28,1.4469910410583264,0.9024665696767212,2859802.8130844138,8060000.0,5200197.186915586,3867.2590974404216,0.0,182,0
A1,Alta demanda con flota de motos,,185,7,0.866987684462979,0.3500710011930267,2854002.2330965544,8300000.0,5445997.766903445,3855.091665166682,0.0,185,0
A1,Alta demanda con flota de motos,,173,36,1.3937786893703037,0.8222289699307123,2847017.4185051285,7690000.0,4842982.5814948715,3840.44015468606,0.0,173,0
A1,Alta demanda con flota de motos,,183,45,1.3087811074255153,0.7638104719340773,2935622.5382868904,8490000.0,5554377.461713109,4026.300326652922,0.0,183,0
A1,Alta demanda con flota de motos,,170,30,1.52359667512915,0.943158107598637,2828004.2141844416,7600000.0,4771995.785815558,3800.5576125328716,0.0,170,0
A1,Alta demanda con flota de motos,,169,16,0.9719974118841939,0.43142847733327633,2715960.6493068207,7870000.0,5154039.350693179,3565.5324098445167,0.0,169,0
A1,Alta demanda con flota de motos,,183,25,1.2114275470583626,0.6612745984185328,2880327.7769490182,8540000.0,5659672.223050982,3910.3127417770584,0.0,183,0
A1,Alta demanda con flota de motos,,174,25,1.385378901668435,0.8189213574963183,2839001.878893638,7720000.0,4880998.121106362,3823.62657129191,0.0,174,0
A1,Alta demanda con flota de motos,,184,16,1.224764864271437,0.6831638116509209,2878207.2695757453,8120000.0,5241792.730424255,3905.8647159064926,0.0,184,0
A1,Alta demanda con flota de motos,,181,28,1.3412080966851128,0.7812924942604124,2901304.1684507285,8680000.0,5778695.831549272,3954.3133112854,0.0,181,0
A1,Alta demanda con flota de motos,,183,46,1.2699551670037639,0.7083977541639624,2953274.8861758914,8440000.0,5486725.113824109,4063.328304520894,0.0,183,0
A1,Alta demanda con flota de motos,,170,28,1.139608704464341,0.5483037106501741,2869707.1467268695,7500000.0,4630292.853273131,3888.034659377899,0.0,170,0
A1,Alta demanda con flota de motos,,175,26,1.5033600174394464,0.9294837156613166,2842968.771640006,7900000.0,5057031.228359994,3831.947618313009,0.0,175,0
A1,Alta demanda con flota de motos,,182,41,1.4219215880833092,0.8735917196314881,2825055.691931608,8010000.0,5184944.308068392,3794.3727232814476,0.0,182,0
A1,Alta demanda con flota de motos,,176,6,1.1437805430658263,0.6033851490318056,2800674.3613231615,7580000.0,4779325.638676839,3743.2298738521126,0.0,176,0
A1,Alta demanda con flota de motos,,175,27,1.6913175763899602,1.130750952795918,2840714.854951898,8200000.0,5359285.145048102,3827.219749942849,0.0,175,0
A1,Alta demanda con flota de motos,,187,36,1.9097631460527624,1.3748598312717921,2888869.9216940687,8210000.0,5321130.078305932,3928.2309444180655,0.0,187,0
A1,Alta demanda con flota de motos,,185,13,0.9264430445361859,0.4072411735858589,2881157.9446923314,8350000.0,5468842.055307669,3912.0541210552865,0.0,185,0
A1,Alta demanda con flota de motos,,187,42,1.3776407870152345,0.852407881886216,2884744.6197228795,8810000.0,5925255.3802771205,3919.5776145013674,0.0,187,0
A1,Alta demanda con flota de motos,,172,29,1.4226448306216348,0.8488188824040158,2835166.2488119774,7660000.0,4824833.751188023,3815.580863906899,0.0,172,0
A1,Alta demanda con flota de motos,,180,23,1.5559810228810211,0.9951249507239093,2972661.2478918866,7800000.0,4827338.752108114,4103.9935903556425,0.0,180,0
A1,Alta demanda con flota de motos,,174,14,1.137310683444934,0.5499710372821794,2932797.689947433,7520000.0,4587202.310052567,4020.374858695258,0.0,174,0
A1,Alta demanda con flota de motos,,176,21,0.8195156185220871,0.2722560188512192,2826089.614548768,7580000.0,4753910.385451232,3796.541503549436,0.0,176,0
A1,Alta demanda con flota de motos,,169,44,1.5425139157579009,0.9386426668370075,2862358.451441149,8070000.0,5207641.548558851,3872.619864240775,0.0,169,0
A1,Alta demanda con flota de motos,,167,27,1.3658605188971862,0.7947637267357255,2777142.07918815,7860000.0,5082857.920811851,3693.868008362188,0.0,167,0
A1,Alta demanda con flota de motos,,170,15,0.945274792320405,0.35775252041875794,2921410.640952738,7600000.0,4678589.359047262,3996.489118350208,0.0,170,0
A1,Alta demanda con flota de motos,,172,21,1.1238532008528426,0.5739721159796612,2819902.3250318766,7660000.0,4840097.674968123,3783.5629003214235,0.0,172,0
A1,Alta demanda con flota de motos,,178,33,1.7755564567418638,1.2292916887340797,2884466.25940967,7940000.0,5055533.74059033,3918.99371939678,0.0,178,0
A1,Alta demanda con flota de motos,,177,77,2.271955029038544,1.6927959565985835,2907338.19613411,7810000.0,4902661.80386589,3966.9704289062274,0.0,177,0
A1,Alta demanda con flota de motos,,171,19,1.153945613703488,0.5806448234241729,2816985.6100358684,7430000.0,4613014.389964132,3777.444730715972,0.0,171,0
A1,Alta demanda con flota de motos,,186,22,1.026279283604069,0.4985743508524725,2892170.5507923733,8730000.0,5837829.449207626,3935.1544212252848,0.0,186,0
A1,Alta demanda con flota de motos,,184,55,2.090631635175256,1.5466267805905394,2911530.8080512597,8220000.0,5308469.19194874,3975.764949740141,0.0,184,0
A1,Alta demanda con flota de motos,,179,23,1.3512736245086825,0.79639555671215,2856643.1573720393,7870000.0,5013356.842627961,3860.6313297052798,0.0,179,0
A1,Alta demanda con flota de motos,,172,10,1.0317734534186591,0.45378811947482484,2848122.039961734,7660000.0,4811877.960038266,3842.757234493507,0.0,172,0
A1,Alta demanda con flota de motos,,184,24,1.3457312562294683,0.823548626245332,2852011.432583231,7570000.0,4717988.5674167685,3850.9157154397353,0.0,184,0
A1,Alta demanda con flota de motos,,177,12,1.1937628326283785,0.6338746869014905,2853949.756029581,7360000.0,4506050.243970418,3854.981588043411,0.0,177,0
A1,Alta demanda con flota de motos,,178,5,0.8007947885013434,0.26391376769797587,2805547.351344301,8290000.0,5484452.6486557,3753.451571712825,0.0,178,0
A1,Alta demanda con flota de motos,,171,31,1.5464721810503863,0.9630437369833597,2859762.1958834734,7730000.0,4870237.804116527,3867.1738978495714,0.0,171,0
A1,Alta demanda con flota de motos,,169,49,1.6162130694736958,1.0321476431282313,2895173.3880303414,7770000.0,4874826.611969659,3941.453242860103,0.0,169,0
A1,Alta demanda con flota de motos,,186,64,1.924390168648035,1.3815577215688473,2882004.555714668,8280000.0,5397995.444285332,3913.82999214026,0.0,186,0
A1,Alta demanda con flota de motos,,175,65,1.6002521191645998,1.0176395611274205,2944743.6367170876,8100000.0,5155256.363282912,4045.432956087181,0.0,175,0
A1,Alta demanda con flota de motos,,177,10,0.6831161716733689,0.15335513203835616,2775677.463347275,7960000.0,5184322.536652725,3690.795795913052,0.0,177,0
A1,Alta demanda con flota de motos,,175,15,0.889511401015447,0.3418276178979292,2814373.2095756163,7850000.0,5035626.790424384,3771.9648983994507,0.0,175,0
A1,Alta demanda con flota de motos,,174,34,1.4351078691801202,0.8763139929998752,2829783.888948285,8220000.0,5390216.111051715,3804.2906999489023,0.0,174,0
A1,Alta demanda con flota de motos,,181,39,1.5114131588543864,0.9582045095580007,2872576.6114850715,7480000.0,4607423.3885149285,3894.053715779216,0.0,181,0
A1,Alta demanda con flota de motos,,193,7,1.2857533921467446,0.7868144465282517,2829112.614900869,8390000.0,5560887.385099132,3802.8826198041347,0.0,193,0
A1,Alta demanda con flota de motos,,177,22,1.2740245683634799,0.693015527708467,2893891.0978460493,8310000.0,5416108.90215395,3938.7634809733095,0.0,177,0
A1,Alta demanda con flota de motos,,165,41,1.7309900281308956,1.1548219539564317,2841772.765934004,7850000.0,5008227.2340659965,3829.4388487663014,0.0,165,0
A1,Alta demanda con flota de motos,,179,6,0.7798224540330542,0.24772207377996922,2828246.6272144625,7970000.0,5141753.3727855375,3801.066103775339,0.0,179,0
A1,Alta demanda con flota de motos,,181,26,1.2248353415298008,0.694462549206241,2817420.4476086316,8230000.0,5412579.552391369,3778.356856180618,0.0,181,0
A1,Alta demanda con flota de motos,,172,38,1.645113902276493,1.0553586370867536,2926878.406368879,7860000.0,4933121.59363112,4007.958430992879,0.0,172,0
A1,Alta demanda con flota de motos,,176,32,1.5476866326281866,0.9914459221561437,2906526.8937509293,7830000.0,4923473.106249071,3965.2686220487203,0.0,176,0
A1,Alta demanda con flota de motos,,185,11,1.2336391221157685,0.6824003167021988,2951020.7433703654,8200000.0,5248979.256629635,4058.5999618415526,0.0,185,0
A1,Alta demanda con flota de motos,,180,28,0.9651436371704012,0.40446673164405567,2960538.0708361287,7600000.0,4639461.929163871,4078.563730569687,0.0,180,0
A1,Alta demanda con flota de motos,,169,50,1.8401487487203774,1.2472166277706793,2831923.942318982,7470000.0,4638076.0576810185,3808.7797259608956,0.0,169,0
A1,Alta demanda con flota de motos,,189,61,2.1493328124094977,1.606873825072543,2994189.8261268707,8970000.0,5975810.173873129,4149.152439672834,0.0,189,0
A1,Alta demanda con flota de motos,,177,30,1.7696948808110604,1.2198018361637641,2833631.399326577,7960000.0,5126368.600673423,3812.361327722053,0.0,177,0
A1,Alta demanda con flota de motos,,178,36,1.6158448752663646,1.061185810549324,2907492.497810618,7590000.0,4682507.502189382,3967.2940957124038,0.0,178,0
A1,Alta demanda con flota de motos,,173,44,1.3779168347474673,0.8081940570237699,2881971.9451328153,8240000.0,5358028.054867185,3913.7615874209096,0.0,173,0
A1,Alta demanda con flota de motos,,169,19,1.2088652539777465,0.6780117864567105,2752951.0469016195,7470000.0,4717048.953098381,3643.124333144496,0.0,169,0
A1,Alta demanda con flota de motos,,188,24,1.530856200145208,0.9958585329291869,2864806.4894585176,8690000.0,5825193.510541482,3877.754926052217,0.0,188,0
A1,Alta demanda con flota de motos,,188,20,1.2352683580196366,0.7089385193902275,2881844.022595183,8940000.0,6058155.977404817,3913.4932541135236,0.0,188,0
A1,Alta demanda con flota de motos,,174,28,1.0749702216625312,0.487966773228814,2916490.218958516,7920000.0,5003509.781041484,3986.1679260731926,0.0,174,0
A1,Alta demanda con flota de motos,,178,48,1.848591347615152,1.2889867132432502,2901850.7449102052,7640000.0,4738149.255089795,3955.459822852688,0.0,178,0
A1,Alta demanda con flota de motos,,176,26,1.278882346915317,0.7067775747207592,2874001.555137156,7930000.0,5055998.444862844,3897.042710917103,0.0,176,0
A1,Alta demanda con flota de motos,,192,31,1.1416898486548317,0.6303421638091331,2892475.2174617653,8560000.0,5667524.782538235,3935.793497157975,0.0,192,0
A1,Alta demanda con flota de motos,,173,45,1.625881875958901,1.067078564346961,2824336.3190448605,7940000.0,5115663.68095514,3792.8637498861344,0.0,173,0
A1,Alta demanda con flota de motos,,165,28,1.0827132836794329,0.5176373858972104,2727427.147779777,7450000.0,4722572.852220222,3589.5848052737115,0.0,165,0
A1,Alta demanda con flota de motos,,181,17,1.4241452820782643,0.8695767376846815,2888941.114406552,8130000.0,5241058.885593448,3928.3802799171585,0.0,181,0
A1,Alta demanda con flota de motos,,176,18,1.3225701023994674,0.7516978063955357,2836802.133148537,8030000.0,5193197.866851463,3819.012333159012,0.0,176,0
A1,Alta demanda con flota de motos,,164,58,2.5939163039800985,1.968887807459836,2860830.4666357716,7570000.0,4709169.533364229,3869.4147275693317,0.0,164,0
A1,Alta demanda con flota de motos,,183,36,1.4814892023624764,0.925617372702551,2950359.0136825396,8490000.0,5539640.98631746,4057.2119021687286,0.0,183,0
A1,Alta demanda con flota de motos,,184,33,1.4690390824572512,0.9135370401460393,2985227.407686193,8420000.0,5434772.592313807,4130.35266109653,0.0,184,0
A1,Alta demanda con flota de motos,,176,32,1.219976033471359,0.6592458449816608,2866748.234275508,7730000.0,4863251.765724491,3881.827975402986,0.0,176,0
A1,Alta demanda con flota de motos,,181,35,2.04409584791268,1.4944786860060482,2897076.7875748156,8380000.0,5482923.212425184,3945.445858270239,0.0,181,0
A1,Alta demanda con flota de motos,,179,25,1.28940071872595,0.750508350038802,2856335.1455104,8320000.0,5463664.8544896,3859.9852368190727,0.0,179,0
A1,Alta demanda con flota de motos,,186,9,0.884616331206396,0.35042715379489336,2916832.2713265494,8130000.0,5213167.728673451,3986.8854231219016,0.0,186,0
A1,Alta demanda con flota de motos,,170,15,0.9346099625656529,0.39588560705994785,2749580.0627078153,7900000.0,5150419.937292185,3636.053277843162,0.0,170,0
A1,Alta demanda con flota de motos,,184,38,1.5198005718397958,0.9721997026032991,2935515.911298349,8270000.0,5334484.0887016505,4026.0766633874646,0.0,184,0
A1,Alta demanda con flota de motos,,189,17,1.3347014641509136,0.8048623522286609,2913198.525550831,8670000.0,5756801.474449169,3979.2631929796476,0.0,189,0
A1,Alta demanda con flota de motos,,164,30,1.7705400115887173,1.1523240858965578,2848508.701718305,7120000.0,4271491.298281696,3843.5683052391564,0.0,164,0
A1,Alta demanda con flota de motos,,186,39,1.7413379894843446,1.1950831161490054,2961286.856194982,8230000.0,5268713.143805018,4080.1344002545243,0.0,186,0
A1,Alta demanda con flota de motos,,180,7,0.8289449370177654,0.28004875105269816,2889743.9514842466,8250000.0,5360256.048515754,3930.064329751854,0.0,180,0
A1,Alta demanda con flota de motos,,178,14,0.8382678264311114,0.27942458689777344,2846916.1003133347,8340000.0,5493083.899686665,3840.22762727684,0.0,178,0
A1,Alta demanda con flota de motos,,180,26,1.542718958735745,0.9883756753646485,2866983.7599318004,8550000.0,5683016.240068199,3882.3220195291965,0.0,180,0
A1,Alta demanda con flota de motos,,176,29,0.8583276678229044,0.30923589063724777,2878149.8123319005,7680000.0,4801850.1876681,3905.7441922477165,0.0,176,0
A1,Alta demanda con flota de motos,,169,38,1.2449121603101154,0.6615019741847356,2841589.418029277,7620000.0,4778410.581970723,3829.054253912348,0.0,169,0
A1,Alta demanda con flota de motos,,187,41,1.4372934989717139,0.9031098267441587,2939167.111037565,8110000.0,5170832.888962435,4033.735505371846,0.0,187,0
A1,Alta demanda con flota de motos,,174,26,1.042330375356981,0.48874053016716934,2876241.823634217,8070000.0,5193758.176365783,3901.741950522463,0.0,174,0
A1,Alta demanda con flota de motos,,188,33,1.1168251559823974,0.6087178070559488,2867772.878807092,8490000.0,5622227.121192908,3883.9772937416387,0.0,188,0
A1,Alta demanda con flota de motos,,182,11,0.9240475104951454,0.3995013859013066,2881306.495828523,7760000.0,4878693.504171478,3912.3657253935776,0.0,182,0
A1,Alta demanda con flota de motos,,182,37,1.199422198599795,0.6411225178547089,2947479.822918706,8260000.0,5312520.177081294,4051.17244427047,0.0,182,0
A1,Alta demanda con flota de motos,,176,55,1.6456787280147909,1.0861246871435655,2894204.123481655,8030000.0,5135795.8765183445,3939.4200908690673,0.0,176,0
A1,Alta demanda con flota de motos,,181,26,1.7480991170208922,1.1892283660468697,2939095.2135416437,7830000.0,4890904.786458356,4033.5846915025245,0.0,181,0
A1,Alta demanda con flota de motos,,171,42,1.6551386093451679,1.0573024727055034,2920807.2832077667,7580000.0,4659192.716792233,3995.2235010301893,0.0,171,0
A1,Alta demanda con flota de motos,,172,50,1.647453131286791,1.1082622852865511,2778174.2724149195,8110000.0,5331825.727585081,3696.033161020437,0.0,172,0
A1,Alta demanda con flota de motos,,180,23,1.192259619849672,0.6422113400704543,2815333.3842340885,8250000.0,5434666.6157659115,3773.978983224141,0.0,180,0
A1,Alta demanda con flota de motos,,191,17,1.436250536691097,0.9084211313230609,2940565.612457467,8530000.0,5589434.387542533,4036.669034664959,0.0,191,0
A1,Alta demanda con flota de motos,,181,56,1.9173698106251567,1.3552883884461409,2905050.2208823496,8080000.0,5174949.77911765,3962.171118496228,0.0,181,0
A1,Alta demanda con flota de motos,,181,15,1.3887357133550644,0.8317445885159567,2913672.4154016185,8130000.0,5216327.584598381,3980.2572354162157,0.0,181,0
A1,Alta demanda con flota de motos,,174,19,1.0843542144301108,0.5136270007432625,2843097.0852810666,7920000.0,5076902.914718933,3832.216772008097,0.0,174,0
A1,Alta demanda con flota de motos,,185,17,1.2104275711663732,0.7044687937520673,2791647.788466615,7850000.0,5058352.211533384,3724.29552347235,0.0,185,0
A1,Alta demanda con flota de motos,,174,35,1.7084365655035947,1.1527500553953205,2876495.062241036,8120000.0,5243504.937758964,3902.2731497480568,0.0,174,0
A1,Alta demanda con flota de motos,,181,33,1.4471498008978232,0.9090240535599847,2893417.0696762884,7780000.0,4886582.930323712,3937.7691483956214,0.0,181,0
A1,Alta demanda con flota de motos,,184,21,1.1465353120642212,0.6002857502761045,2913707.2017848752,8570000.0,5656292.798215125,3980.3302041474885,0.0,184,0
A1,Alta demanda con flota de motos,,177,32,1.4186729898488046,0.8496789605742797,2896028.90408877,7960000.0,5063971.09591123,3943.2477933570926,0.0,177,0
A1,Alta demanda con flota de motos,,178,41,1.7016416233699707,1.1181134040104848,2919773.3243519836,7890000.0,4970226.675648017,3993.0546447472107,0.0,178,0
A1,Alta demanda con flota de motos,,176,42,1.9564327284027414,1.374630807958444,2911408.107718266,8080000.0,5168591.892281733,3975.5075706513617,0.0,176,0
A1,Alta demanda con flota de motos,,174,42,1.3502717852192636,0.7930623248665849,2840457.937764054,7920000.0,5079542.062235946,3826.680834439642,0.0,174,0
A1,Alta demanda con flota de motos,,170,23,1.5781510153657048,0.993732479303718,2869416.5082574505,8250000.0,5380583.491742549,3887.4250093256296,0.0,170,0
A1,Alta demanda con flota de motos,,179,10,0.8412676860504211,0.2993211572356273,2813745.588615306,8570000.0,5756254.411384694,3770.648385991363,0.0,179,0
A1,Alta demanda con flota de motos,,180,57,1.9142154600388204,1.3511220899951408,2914159.449071204,8350000.0,5435840.550928796,3981.2788486345785,0.0,180,0
A1,Alta demanda con flota de motos,,171,44,1.5268494675564677,0.9348187139317592,2828923.917313213,7580000.0,4751076.0826867875,3802.4868033301236,0.0,171,0
A1,Alta demanda con flota de motos,,172,53,1.7517277336623922,1.1715867460237979,2849288.001257905,7410000.0,4560711.998742095,3845.2029821833344,0.0,172,0
A1,Alta demanda con flota de motos,,170,10,0.918511756479764,0.33655087474156536,2835598.363723637,7500000.0,4664401.636276362,3816.4872782539337,0.0,170,0
A1,Alta demanda con flota de motos,,182,44,1.6805915826874365,1.1388651362598978,2856378.565850257,8860000.0,6003621.434149743,3860.0763163396755,0.0,182,0
A1,Alta demanda con flota de motos,,184,25,1.6689724215579786,1.1237268167526147,2929087.4273566906,7620000.0,4690912.57264331,4012.592125091875,0.0,184,0
A1,Alta demanda con flota de motos,,173,17,1.3092852493731635,0.7600876683638379,2802374.798265729,8390000.0,5587625.201734271,3746.7967501606477,0.0,173,0
A1,Alta demanda con flota de motos,,176,31,1.5642992236544766,0.993570350602737,2869452.567054009,8230000.0,5360547.432945991,3887.500647100806,0.0,176,0
A1,Alta demanda con flota de motos,,175,17,1.2591410899006836,0.6969404558879746,2896497.836650431,7400000.0,4503502.163349569,3944.2314372680303,0.0,175,0
A1,Alta demanda con flota de motos,,180,24,1.0517580916090772,0.49404522883284,2898413.855843026,7950000.0,5051586.144156974,3948.250523947266,0.0,180,0
A1,Alta demanda con flota de motos,,180,52,2.050766651368185,1.4893239186334604,2878759.8958447063,7950000.0,5071240.104155294,3907.023917695682,0.0,180,0
A1,Alta demanda con flota de motos,,172,41,1.506222297590256,0.9224978671313107,2890106.4462198215,7560000.0,4669893.553780179,3930.824707188929,0.0,172,0
A1,Alta demanda con flota de motos,,193,43,1.9206028717078112,1.4086516276265313,2921540.733978281,8840000.0,5918459.266021719,3996.762004523812,0.0,193,0
A1,Alta demanda con flota de motos,,172,17,1.019961767844392,0.44118609876263043,2844599.451604737,7760000.0,4915400.548395263,3835.368170753033,0.0,172,0
A1,Alta demanda con flota de motos,,176,28,1.8009994757542431,1.2205431604377108,2950852.931559098,7780000.0,4829147.068440902,4058.247955860662,0.0,176,0
A1,Alta demanda con flota de motos,,185,22,1.4650114436661619,0.9116013179447233,2961489.8296087706,8100000.0,5138510.17039123,4080.5601620353837,0.0,185,0
A1,Alta demanda con flota de motos,,178,23,1.0068956702495653,0.46855245984533905,2830392.742417644,8040000.0,5209607.257582356,3805.5678452289526,0.0,178,0
A1,Alta demanda con flota de motos,,187,55,1.9413172125380218,1.406409039094719,2914734.130332713,8210000.0,5295265.869667287,3982.4843134920534,0.0,187,0
A1,Alta demanda con flota de motos,,179,45,1.4973639260004226,0.9606493178266967,2794626.789116839,7820000.0,5025373.210883161,3730.544344923108,0.0,179,0
A1,Alta demanda con flota de motos,,184,30,1.1538423418527284,0.5886982041011669,2991510.2634843164,8020000.0,5028489.736515684,4143.531726391612,0.0,184,0
A1,Alta demanda con flota de motos,,177,17,1.0307177826520915,0.4880310396624828,2878758.54603125,8310000.0,5431241.45396875,3907.021086295401,0.0,177,0
A1,Alta demanda con flota de motos,,175,22,1.0510212658577316,0.4821992187948188,2867643.1613703845,7800000.0,4932356.8386296155,3883.705195411962,0.0,175,0
A1,Alta demanda con flota de motos,,184,58,2.1121474586008353,1.551321213768236,2949515.867129723,8170000.0,5220484.132870277,4055.4432982360577,0.0,184,0
A1,Alta demanda con flota de motos,,180,16,1.4641505049697843,0.9199753890249722,2867701.1217982685,8250000.0,5382298.8782017315,3883.8267745613316,0.0,180,0
A1,Alta demanda con flota de motos,,174,34,1.0726374310014593,0.4966459687577733,2890717.399868414,8420000.0,5529282.600131586,3932.1062578540655,0.0,174,0
A1,Alta demanda con flota de motos,,188,29,1.124228881790919,0.5916732229320686,2915740.7801076225,8090000.0,5174259.219892377,3984.595885608163,0.0,188,0
A1,Alta demanda con flota de motos,,183,24,1.6634152463809244,1.1251431813731405,2895671.4853103394,7690000.0,4794328.514689661,3942.498063366468,0.0,183,0
A1,Alta demanda con flota de motos,,181,19,1.2564703205490035,0.6974306772121245,2855213.9454002907,8530000.0,5674786.05459971,3857.633381240214,0.0,181,0
A1,Alta demanda con flota de motos,,183,28,1.1046836803953566,0.557394812861379,2894155.7968118805,8340000.0,5445844.203188119,3939.3187197160596,0.0,183,0
A1,Alta demanda con flota de motos,,177,5,0.8805119294284423,0.3340232439169215,2838312.051958983,7810000.0,4971687.948041017,3822.1795741768674,0.0,177,0
A1,Alta demanda con flota de motos,,179,15,1.2219124882516577,0.6740528067798286,2830423.0453206855,8620000.0,5789576.954679314,3805.631409307242,0.0,179,0
A1,Alta demanda con flota de motos,,188,19,1.4110342328341055,0.8858152087660098,2917891.313029336,8090000.0,5172108.686970664,3989.1068937715117,0.0,188,0
A1,Alta demanda con flota de motos,,185,44,1.7573751912837086,1.2192055440519045,2883962.6682085656,8700000.0,5816037.331791434,3917.937374712988,0.0,185,0
A1,Alta demanda con flota de motos,,172,20,0.9736142144320099,0.4314219790097541,2771086.5781185743,7510000.0,4738913.421881426,3681.1658476641537,0.0,172,0
A1,Alta demanda con flota de motos,,175,43,1.9968826463352884,1.414948945086808,2919465.323880526,7800000.0,4880534.676119475,3992.4085757533194,0.0,175,0
A1,Alta demanda con flota de motos,,176,32,1.693982255799868,1.1157670171970833,2886367.6335582193,7480000.0,4593632.366441781,3922.982086289048,0.0,176,0
A1,Alta demanda con flota de motos,,169,7,0.8556359089162361,0.2912913873160739,2805068.5976839517,7620000.0,4814931.402316049,3752.447326835537,0.0,169,0
A1,Alta demanda con flota de motos,,172,57,2.110109248362291,1.5331130300120506,2845520.090533712,7360000.0,4514479.909466288,3837.2993245066773,0.0,172,0
A1,Alta demanda con flota de motos,,182,22,0.9206876858882653,0.41547159535235356,2765713.395523141,7510000.0,4744286.604476859,3669.8949341587368,0.0,182,0
A1,Alta demanda con flota de motos,,184,44,1.4935203099792047,0.9444847438022153,2862718.707554197,8670000.0,5807281.292445803,3873.375545890866,0.0,184,0
A1,Alta demanda con flota de motos,,172,58,1.8517389996467137,1.2655035345443304,2892622.002854356,7260000.0,4367377.997145643,3936.1013976311815,0.0,172,0
A1,Alta demanda con flota de motos,,178,27,1.3827067126238173,0.8225877465854655,2842068.1870177407,8090000.0,5247931.812982259,3830.0585309422454,0.0,178,0
A1,Alta demanda con flota de motos,,188,4,0.8537644592382605,0.3121973169530495,2990732.6410835483,8040000.0,5049267.358916452,4141.900567453071,0.0,188,0
A1,Alta demanda con flota de motos,,176,23,1.0819296378882697,0.5317725594939127,2839432.1388453827,7780000.0,4940567.861154618,3824.5290946316295,0.0,176,0
A1,Alta demanda con flota de motos,,176,19,1.1951784194675978,0.6609755336554962,2793602.62845242,8130000.0,5336397.37154758,3728.396041555546,0.0,176,0
A1,Alta demanda con flota de motos,,179,14,1.1020606947597715,0.5560635275215884,2886330.158687498,7770000.0,4883669.841312502,3922.903478123577,0.0,179,0
A1,Alta demanda con flota de motos,,182,17,1.3832072461618243,0.8464109707394034,2872025.4445339562,8210000.0,5337974.555466044,3892.8975750892805,0.0,182,0
A1,Alta demanda con flota de motos,,173,45,1.5163510998435872,0.9571590880265135,2792640.674046447,7740000.0,4947359.3259535525,3726.3782234908726,0.0,173,0
A1,Alta demanda con flota de motos,,178,13,1.1008823386153248,0.5396005525485021,2873037.7303220388,7990000.0,5116962.269677961,3895.020969438456,0.0,178,0
A1,Alta demanda con flota de motos,,176,38,1.350444122895245,0.7821649374639886,2906184.534036217,7530000.0,4623815.465963783,3964.5504803024205,0.0,176,0
A1,Alta demanda con flota de motos,,172,42,1.8890258537114637,1.3201708318033643,2857020.462840905,7710000.0,4852979.537159095,3861.422774482955,0.0,172,0
A1,Alta demanda con flota de motos,,189,15,0.9556266594471028,0.43932894208195394,2878743.3673343402,9420000.0,6541256.63266566,3906.9892471056914,0.0,189,0
A1,Alta demanda con flota de motos,,172,22,1.0345295505355987,0.47087179348082775,2769380.6657215925,8110000.0,5340619.3342784075,3677.5874859143514,0.0,172,0
A1,Alta demanda con flota de motos,,177,20,1.6120279432350955,1.030355021662504,2939800.6790383514,8060000.0,5120199.320961649,4035.064492431166,0.0,177,0
A1,Alta demanda con flota de motos,,172,46,1.9744379887739454,1.3786998001212236,2900114.1671655476,7510000.0,4609885.832834452,3951.817136752253,0.0,172,0
A1,Alta demanda con flota de motos,,167,3,0.748706670181469,0.1836664776943952,2775624.04614392,7660000.0,4884375.95385608,3690.6837467377322,0.0,167,0
A1,Alta demanda con flota de motos,,170,55,1.8031419404515545,1.2095248294656191,2907044.8492501536,7350000.0,4442955.150749846,3966.355097620264,0.0,170,0
A1,Alta demanda con flota de motos,,179,29,1.1647365904356508,0.5937592083227957,2989950.8967706356,8120000.0,5130049.103229364,4140.260762295203,0.0,179,0
A1,Alta demanda con flota de motos,,184,31,1.0750783234945394,0.5464925783860274,2887813.1836949047,7770000.0,4882186.816305095,3926.014306071069,0.0,184,0
A1,Alta demanda con flota de motos,,181,47,1.662374520323452,1.1163087858125131,2880166.9211782026,7530000.0,4649833.078821797,3909.975326949336,0.0,181,0
A1,Alta demanda con flota de motos,,166,28,1.3114760187042893,0.7151598206137657,2859529.6048395657,7280000.0,4420470.395160435,3866.6860094349463,0.0,166,0
A1,Alta demanda con flota de motos,,186,34,1.19249553805991,0.6742288935630979,2865287.3464843603,8280000.0,5414712.65351564,3878.763582998161,0.0,186,0
A1,Alta demanda con flota de motos,,187,13,1.0263984188578534,0.47669005500448014,2922539.011900436,8910000.0,5987460.988099564,3998.8560156457393,0.0,187,0
A1,Alta demanda con flota de motos,,180,42,1.7366524626426938,1.1717885342828729,2884052.684560025,8400000.0,5515947.315439975,3918.126195117532,0.0,180,0
A1,Alta demanda con flota de motos,,183,45,1.6599652628748238,1.12042295473997,2826093.3594531408,8140000.0,5313906.640546859,3796.549358948453,0.0,183,0
A1,Alta demanda con flota de motos,,175,27,1.5816138361698266,1.0058273306048289,2885331.1880935864,7750000.0,4864668.811906414,3920.808014037173,0.0,175,0
A1,Alta demanda con flota de motos,,184,15,1.122707895014118,0.582473712370736,2929387.4383920836,8170000.0,5240612.561607916,4013.221435257776,0.0,184,0
A1,Alta demanda con flota de motos,,173,45,1.8107087769117896,1.2260621015737885,2881136.881641381,7290000.0,4408863.1183586195,3912.0099387068913,0.0,173,0
A1,Alta demanda con flota de motos,,178,24,1.0936720866438905,0.5415322245228941,2828164.0516614225,7640000.0,4811835.9483385775,3800.8928913636196,0.0,178,0
A1,Alta demanda con flota de motos,,177,37,1.492645314279161,0.9178869602801574,2867566.4701565593,7660000.0,4792433.52984344,3883.54432612782,0.0,177,0
A1,Alta demanda con flota de motos,,179,51,2.028921776507543,1.4581101819043603,2916145.043371664,8270000.0,5353854.956628336,3985.4438776876254,0.0,179,0
A1,Alta demanda con flota de motos,,180,28,1.1686628029418318,0.6413638125096689,2852130.862217217,7900000.0,5047869.137782782,3851.166233833768,0.0,180,0
A1,Alta demanda con flota de motos,,184,19,1.114785645770677,0.5539988702447819,2906432.19278046,8170000.0,5263567.80721954,3965.0699750777503,0.0,184,0
A1,Alta demanda con flota de motos,,181,24,1.3679299000004224,0.8443924560844525,2783650.1547944127,8530000.0,5746349.845205587,3707.519499995315,0.0,181,0
A1,Alta demanda con flota de motos,,178,42,1.074540390757381,0.5176128849196578,2828780.460980438,7990000.0,5161219.539019562,3802.185885970663,0.0,178,0
A1,Alta demanda con flota de motos,,186,7,1.0573079935703709,0.5116786599474226,2917926.3234441173,8680000.0,5762073.676555883,3989.180332436547,0.0,186,0
A1,Alta demanda con flota de motos,,178,29,1.259757005531008,0.7167633201192037,2810512.709208827,7940000.0,5129487.2907911725,3763.8670225225706,0.0,178,0
A1,Alta demanda con flota de motos,,171,24,1.3346909042810946,0.7534281760689029,2882397.6896438855,7680000.0,4797602.310356114,3914.6546390666454,0.0,171,0
A1,Alta demanda con flota de motos,,179,9,0.9932501710519357,0.4381276606496931,2883170.379118585,8170000.0,5286829.620881415,3916.275450584062,0.0,179,0
A1,Alta demanda con flota de motos,,176,20,1.008581199078555,0.46240881715137266,2842623.8935168264,7930000.0,5087376.106483174,3831.2241938942,0.0,176,0
A1,Alta demanda con flota de motos,,188,35,1.392830686155557,0.8808577811781728,2818295.672030291,8040000.0,5221704.327969709,3780.1927474013514,0.0,188,0
A1,Alta demanda con flota de motos,,187,45,1.504634406486427,0.9806652274703047,2903464.9249740317,8010000.0,5106535.075025968,3958.845764714592,0.0,187,0
A1,Alta demanda con flota de motos,,164,30,1.1732966883602851,0.6124902628536426,2756431.6508034314,6920000.0,4163568.3491965686,3650.4253293096453,0.0,164,0
A1,Alta demanda con flota de motos,,187,13,0.8880356233666615,0.3570513165203131,2910360.4610403227,7660000.0,4749639.538959677,3973.310002472423,0.0,187,0
A1,Alta demanda con flota de motos,,185,31,1.3351985577851988,0.7877771141743127,2869522.261053994,8400000.0,5530477.738946006,3887.6468388655026,0.0,185,0
A1,Alta demanda con flota de motos,,180,35,1.557609325580733,1.002968774828843,2862278.4687758177,7350000.0,4487721.531224182,3872.452090730967,0.0,180,0
A1,Alta demanda con flota de motos,,170,28,0.9473535924221267,0.3932329772638178,2776160.1310578147,7400000.0,4623839.868942185,3691.8082509935793,0.0,170,0
A1,Alta demanda con flota de motos,,164,11,0.7440688107942659,0.19961563399069954,2700048.3527014083,6970000.0,4269951.647298591,3532.154404253486,0.0,164,0
A1,Alta demanda con flota de motos,,183,21,1.682718378084316,1.1506911943106126,2873136.9988086983,8290000.0,5416863.001191301,3895.2291973382244,0.0,183,0
A1,Alta demanda con flota de motos,,185,12,0.8204594813519523,0.2802589011554773,2929459.1198927355,8450000.0,5520540.880107265,4013.371796050365,0.0,185,0
A1,Alta demanda con flota de motos,,184,46,1.325930608379319,0.7926842544539289,2856215.724096864,8070000.0,5213784.275903136,3859.734735668451,0.0,184,0
A1,Alta demanda con flota de motos,,177,33,1.4000399564098447,0.8177058861061398,2931377.705781483,8060000.0,5128622.294218517,4017.3962666915036,0.0,177,0
A1,Alta demanda con flota de motos,,184,23,0.9249699626640009,0.39137178588799354,2918053.2557952222,8420000.0,5501946.744204778,3989.44658870551,0.0,184,0
A1,Alta demanda con flota de motos,,170,20,1.2885719640162632,0.6959035236626346,2884738.9369151825,7750000.0,4865261.0630848175,3919.5656941110024,0.0,170,0
A1,Alta demanda con flota de motos,,179,48,1.5775165713179489,1.0111086058390355,2910747.9205293893,8320000.0,5409252.07947061,3974.122746560412,0.0,179,0
A1,Alta demanda con flota de motos,,173,42,1.4024250039089297,0.8277787710438983,2893222.0997015974,7940000.0,5046777.900298403,3937.360174815836,0.0,173,0
A1,Alta demanda con flota de motos,,174,58,2.156338821715159,1.5627868342910134,2897259.2683014283,8520000.0,5622740.731698572,3945.828634111102,0.0,174,0
A1,Alta demanda con flota de motos,,182,29,1.5067447169925534,0.9685930963807288,2882250.7690372523,7910000.0,5027749.230962748,3914.346454965303,0.0,182,0
A1,Alta demanda con flota de motos,,164,6,0.792073291472504,0.20833385908975258,2829931.662055353,7270000.0,4440068.337944647,3804.6006722751035,0.0,164,0
A1,Alta demanda con flota de motos,,183,17,1.135381017113698,0.6172737485376647,2778734.82342766,8090000.0,5311265.17657234,3697.2089859375683,0.0,183,0
A1,Alta demanda con flota de motos,,183,41,1.4452884359661857,0.8976472071686157,2891316.1212155535,8090000.0,5198683.878784446,3933.362149757535,0.0,183,0
A1,Alta demanda con flota de motos,,169,11,0.8426060568687795,0.29487574883258133,2728706.1690016203,7920000.0,5191293.83099838,3592.267710108397,0.0,169,0
A1,Alta demanda con flota de motos,,179,51,1.4035305187329827,0.8487003653182255,2895468.4721361287,7870000.0,4974531.527863871,3942.072218183214,0.0,179,0
A1,Alta demanda con flota de motos,,175,18,1.007932462100928,0.47194645078414366,2797666.035176366,7700000.0,4902333.964823633,3736.919538553733,0.0,175,0
A1,Alta demanda con flota de motos,,183,49,1.7335090762944332,1.1954626017825576,2895973.2514352915,8140000.0,5244026.748564709,3943.1310550492985,0.0,183,0
A1,Alta demanda con flota de motos,,175,43,1.992662244435001,1.4316726442540886,2821033.351987038,8150000.0,5328966.648012962,3785.9353689203367,0.0,175,0
A1,Alta demanda con flota de motos,,165,37,1.6755571403628182,1.0538977193594086,2895714.3473384297,7300000.0,4404285.65266157,3942.587971759248,0.0,165,0
A1,Alta demanda con flota de motos,,182,18,1.0790846170160133,0.5538767819725119,2803337.7040657904,8560000.0,5756662.29593421,3748.816563891815,0.0,182,0
A1,Alta demanda con flota de motos,,181,24,1.4173281541436664,0.8686627535934003,2925544.9612607253,8580000.0,5654455.038739275,4005.1613653411437,0.0,181,0
A1,Alta demanda con flota de motos,,179,25,1.4419160815075978,0.8767263304241174,2915727.207314733,8120000.0,5204272.792685267,3984.5674150002924,0.0,179,0
A1,Alta demanda con flota de motos,,188,33,1.5880952735945002,1.051814926914077,2913342.1576274815,8690000.0,5776657.842372518,3979.5644789835687,0.0,188,0
A1,Alta demanda con flota de motos,,173,16,1.3296826577160412,0.7575301597316759,2829004.585955595,8240000.0,5410995.414044404,3802.6560157614413,0.0,173,0
A1,Alta demanda con flota de motos,,175,29,1.6131959345630096,1.0468595836817187,2829353.6324227145,8150000.0,5320646.3675772855,3803.3881837960053,0.0,175,0
A1,Alta demanda con flota de motos,,165,19,0.9954314554304875,0.3999785155594964,2859497.5238669566,7650000.0,4790502.476133043,3866.618715636339,0.0,165,0
A1,Alta demanda con flota de motos,,180,30,1.2513086752243008,0.7315576392478658,2768031.0545595055,8050000.0,5281968.945440494,3674.7565099697163,0.0,180,0
A1,Alta demanda con flota de motos,,175,22,1.2478090052179982,0.6631794717895844,2890926.545401807,7950000.0,5059073.454598193,3932.544966417389,0.0,175,0
A1,Alta demanda con flota de motos,,183,19,1.0813968708816522,0.5424194318477243,2854792.9563642493,8140000.0,5285207.04363575,3856.750304790145,0.0,183,0
A1,Alta demanda con flota de motos,,178,19,1.1721113144185917,0.6262473138241937,2772088.8281992814,8140000.0,5367911.171800719,3683.2681908787763,0.0,178,0
A1,Alta demanda con flota de motos,,175,36,1.8525244566495147,1.286686051877806,2867295.0984752066,7750000.0,4882704.901524793,3882.9750905409005,0.0,175,0
A1,Alta demanda con flota de motos,,176,14,0.8500008869563866,0.3017980316090775,2849490.4996513715,8080000.0,5230509.5003486285,3845.6277475504585,0.0,176,0
A1,Alta demanda con flota de motos,,181,38,1.2533378475425574,0.7204351619027194,2848779.621678804,8380000.0,5531220.378321196,3844.136593285845,0.0,181,0
A1,Alta demanda con flota de motos,,190,22,1.556325504923302,1.0125143043275284,2924895.592826595,8500000.0,5575104.4071734045,4003.7992349232263,0.0,190,0
A1,Alta demanda con flota de motos,,180,36,1.52832697524594,0.9626232010082362,2956651.242846732,8150000.0,5193348.757153268,4070.410629255735,0.0,180,0
A1,Alta demanda con flota de motos,,168,63,2.209365280166067,1.601524900729023,2930452.9034769437,7590000.0,4659547.096523056,4015.456379743884,0.0,168,0
A1,Alta demanda con flota de motos,,178,19,1.057610085315791,0.508741610506982,2844377.585453812,8040000.0,5195622.414546188,3834.902779124805,0.0,178,0
A1,Alta demanda con flota de motos,,185,17,1.0605440821752974,0.5268381811694978,2885222.237359889,8000000.0,5114777.762640111,3920.579476429523,0.0,185,0
A1,Alta demanda con flota de motos,,176,32,1.6344632912101247,1.0836979666580584,2841353.5220168363,7430000.0,4588646.477983164,3828.559432918401,0.0,176,0
A1,Alta demanda con flota de motos,,182,31,1.454954708132695,0.900676780999131,2899530.786931847,8160000.0,5260469.213068153,3950.5934247272126,0.0,182,0
A1,Alta demanda con flota de motos,,188,13,1.0612633402494076,0.5448959392251186,2860432.2283668085,8440000.0,5579567.771633191,3868.5793736604924,0.0,188,0
A1,Alta demanda con flota de motos,,180,22,1.2193530654991644,0.6820087495269237,2826252.980841303,7800000.0,4973747.019158697,3796.8841845062334,0.0,180,0
A1,Alta demanda con flota de motos,,176,25,1.4917332789686168,0.9223573334467624,2891810.9635261167,7330000.0,4438189.036473883,3934.4001425638667,0.0,176,0
A1,Alta demanda con flota de motos,,194,26,1.4684287203436255,0.947811422002737,2939857.532240662,8820000.0,5880142.467759338,4035.183749038277,0.0,194,0
A1,Alta demanda con flota de motos,,176,24,0.9203358555809633,0.37870694361599627,2798982.2644845615,7630000.0,4831017.735515438,3739.6804919407564,0.0,176,0
A1,Alta demanda con flota de motos,,180,41,1.61495308523018,1.0625214033182555,2850973.531613238,8450000.0,5599026.468386762,3848.7385900857753,0.0,180,0
A1,Alta demanda con flota de motos,,181,40,2.0161738196798193,1.473833228431648,2841803.00760862,7430000.0,4588196.99239138,3829.502284410407,0.0,181,0
A1,Alta demanda con flota de motos,,190,20,1.236797418450354,0.7018811852221623,2917735.188997944,8500000.0,5582264.811002056,3988.779404351102,0.0,190,0
A1,Alta demanda con flota de motos,,186,45,1.6674978713381994,1.1394428233446796,2871682.356746639,8380000.0,5508317.643253361,3892.177906120853,0.0,186,0
A1,Alta demanda con flota de motos,,179,22,1.4741077578146633,0.9192052045148612,2941684.2216172107,7970000.0,5028315.778382789,4039.0154554057144,0.0,179,0
A1,Alta demanda con flota de motos,,176,46,1.3277241604146381,0.7616548337488787,2908680.8851207444,7730000.0,4821319.114879256,3969.7868847337136,0.0,176,0
A1,Alta demanda con flota de motos,,180,50,1.316352043485084,0.7468443647001217,2995858.8052326813,8600000.0,5604141.194767319,4152.653329287089,0.0,180,0
A1,Alta demanda con flota de motos,,174,27,1.0791086075745122,0.5164118929688825,2855332.202571395,8320000.0,5464667.797428605,3857.881440248669,0.0,174,0
A1,Alta demanda con flota de motos,,173,36,1.3843220948164723,0.8181485138078459,2842841.3965685866,7690000.0,4847158.603431413,3831.680433383559,0.0,173,0
A1,Alta demanda con flota de motos,,173,45,1.3866930413984382,0.7992448412479607,2879678.8708265005,8740000.0,5860321.1291734995,3908.9515811148,0.0,173,0
A1,Alta demanda con flota de motos,,178,12,0.705253928565108,0.15877722728138496,2849718.0141263795,7890000.0,5040281.985873621,3846.1049872354083,0.0,178,0
A1,Alta demanda con flota de motos,,181,14,1.2024481878454882,0.6573538480855438,2882927.4006080776,7730000.0,4847072.599391922,3915.765773176503,0.0,181,0
A1,Alta demanda con flota de motos,,172,53,1.7104979880854962,1.1380286433208031,2836264.624807754,7260000.0,4423735.3751922455,3817.8848430896123,0.0,172,0
A1,Alta demanda con flota de motos,,178,30,1.387677172508389,0.8194105374122684,2954952.799427971,8190000.0,5235047.200572029,4066.847934609374,0.0,178,0
A1,Alta demanda con flota de motos,,175,40,1.4122242604182396,0.8787477154507126,2725058.786321235,8700000.0,5974941.213678765,3584.616874875901,0.0,175,0
A1,Alta demanda con flota de motos,,170,32,1.1997412281899733,0.6293067560762986,2784863.137363802,7650000.0,4865136.862636197,3710.0638806078077,0.0,170,0
A1,Alta demanda con flota de motos,,178,45,1.2827628169001568,0.7390596151506004,2833022.2569343215,7890000.0,5056977.7430656785,3811.083576390579,0.0,178,0
A1,Alta demanda con flota de motos,,175,30,1.10487919876091,0.5205677253938783,2875864.1839796654,8050000.0,5174135.816020334,3900.9498047490647,0.0,175,0
A1,Alta demanda con flota de motos,,177,8,1.0162807062672323,0.4436016423836674,2932249.137554718,7510000.0,4577750.862445282,4019.22420236418,0.0,177,0
A1,Alta demanda con flota de motos,,188,19,0.8174491329573674,0.2822520460748368,2859080.398095009,8690000.0,5830919.601904991,3865.743742859403,0.0,188,0
A1,Alta demanda con flota de motos,,185,17,1.0429239641292074,0.49810834162973694,2846447.749304528,8050000.0,5203552.250695473,3839.2452032447795,0.0,185,0
A1,Alta demanda con flota de motos,,176,49,1.4640635199436027,0.9137102213450073,2848931.46853448,8180000.0,5331068.53146552,3844.455110802413,0.0,176,0
A1,Alta demanda con flota de motos,,185,54,1.7702837552580901,1.2251929326634325,2891944.017136973,8650000.0,5758055.982863028,3934.6792389304806,0.0,185,0
A1,Alta demanda con flota de motos,,181,41,1.7064008126449768,1.1462436420335425,2931246.7630048175,7930000.0,4998753.236995183,4017.1215980600614,0.0,181,0
A1,Alta demanda con flota de motos,,183,33,1.4708988168888444,0.9258159069050345,2843676.5545160095,8240000.0,5396323.44548399,3833.4322802306638,0.0,183,0
A1,Alta demanda con flota de motos,,174,18,0.9410130954109779,0.3806544897643676,2885719.738103675,7720000.0,4834280.261896325,3921.623045627573,0.0,174,0
A1,Alta demanda con flota de motos,,179,42,1.5587922600898976,0.9990136999633706,2915560.5897381664,8570000.0,5654439.410261834,3984.2179140740523,0.0,179,0
A1,Alta demanda con flota de motos,,186,41,1.523089791603423,0.9864524211904955,2894406.1615221077,8130000.0,5235593.838477893,3939.8438905889334,0.0,186,0
A1,Alta demanda con flota de motos,,176,43,1.514376877921119,0.9338260705424659,2939886.0881031565,7630000.0,4690113.911896843,4035.243648483446,0.0,176,0
A1,Alta demanda con flota de motos,,178,41,1.2604915704329704,0.7087106784406753,2864407.49561992,7790000.0,4925592.50438008,3876.917987242834,0.0,178,0
A1,Alta demanda con flota de motos,,179,23,1.453187253363822,0.9035764568811766,2870718.6122046304,7870000.0,4999281.38779537,3890.1563330249537,0.0,179,0
A1,Alta demanda con flota de motos,,180,33,1.4619604106922044,0.9117501408517935,2898244.954092035,8000000.0,5101755.045907965,3947.8962316833217,0.0,180,0
A1,Alta demanda con flota de motos,,181,28,1.3473636848490305,0.7790051836555077,2951943.1396849,7930000.0,4978056.860315099,4060.53480192826,0.0,181,0
A1,Alta demanda con flota de motos,,178,28,1.3163137601379054,0.7508889271605987,2927664.9291664823,8190000.0,5262335.070833517,4009.608259612017,0.0,178,0
A1,Alta demanda con flota de motos,,177,6,1.1528317944581883,0.5889399026856004,2870443.0679427753,8510000.0,5639556.932057224,3889.5783449355667,0.0,177,0
A1,Alta demanda con flota de motos,,173,14,1.1989397788761786,0.645082025132049,2812837.048145279,7790000.0,4977162.951854721,3768.7426102482254,0.0,173,0
A1,Alta demanda con flota de motos,,183,53,2.102856919216769,1.5438404623789435,2958082.888163583,7940000.0,4981917.111836417,4073.41368196241,0.0,183,0
A1,Alta demanda con flota de motos,,184,39,1.888916981726022,1.3636265915587849,2869818.077361946,8220000.0,5350181.922638054,3888.2673500730034,0.0,184,0
A1,Alta demanda con flota de motos,,183,1,0.7892883570917327,0.2888623111958876,2779365.0107824397,8140000.0,5360634.989217561,3698.5308816747324,0.0,183,0
A1,Alta demanda con flota de motos,,179,17,1.2815621767175374,0.7361452077352738,2860610.0656397776,7870000.0,5009389.934360223,3868.952409284361,0.0,179,0
A1,Alta demanda con flota de motos,,173,0,0.6106914381479266,0.10048543833903573,2677247.4797140667,8240000.0,5562752.520285933,3484.3267597013432,0.0,173,0
A1,Alta demanda con flota de motos,,170,34,0.8932573483814044,0.36080096679853796,2697347.8757032366,7900000.0,5202652.124296764,3526.489820530684,0.0,170,0
A1,Alta demanda con flota de motos,,184,45,1.8692908558194758,1.3129000756909306,2888937.080156336,7920000.0,5031062.919843664,3928.3718175795407,0.0,184,0
A1,Alta demanda con flota de motos,,177,21,1.1615915592166954,0.5979401419180586,2838512.0888532028,7810000.0,4971487.911146797,3822.599176245592,0.0,177,0
A1,Alta demanda con flota de motos,,177,20,1.2206900386010369,0.6475484443155834,2871386.059763166,7910000.0,5038613.940236834,3891.556386637135,0.0,177,0
A1,Alta demanda con flota de motos,,170,35,1.9037004369749484,1.3474337912788794,2820095.7608339037,7550000.0,4729904.239166096,3783.9686557847435,0.0,170,0
A1,Alta demanda con flota de motos,,180,39,1.697588319732016,1.1407513588617535,2872444.7549755224,8200000.0,5327555.245024478,3893.777130480311,0.0,180,0
A1,Alta demanda con flota de motos,,179,30,1.4403847333563966,0.8829092074235534,2865281.7672730866,7920000.0,5054718.232726913,3878.7518799140817,0.0,179,0
A1,Alta demanda con flota de motos,,178,42,1.3322644301497135,0.7567723885149475,2899139.1960056494,8140000.0,5240860.80399435,3949.772014440053,0.0,178,0
A1,Alta demanda con flota de motos,,192,25,1.1099643944555166,0.5930203864993957,2909231.072714227,8260000.0,5350768.927285774,3970.940971100172,0.0,192,0
A1,Alta demanda con flota de motos,,184,23,1.1977111307188824,0.6588680670992173,2896700.6193092237,8570000.0,5673299.380690776,3944.656798916751,0.0,184,0
A1,Alta demanda con flota de motos,,177,38,1.5222145665684712,0.9569278999822166,2865836.200988627,7810000.0,4944163.799011373,3879.914873045504,0.0,177,0
A1,Alta demanda con flota de motos,,181,38,1.1945677243905222,0.6858883058864214,2722497.1333187735,8430000.0,5707502.8666812265,3579.243491613977,0.0,181,0
A1,Alta demanda con flota de motos,,164,49,1.289384164123192,0.7101619700194898,2774051.367989647,7670000.0,4895948.632010353,3687.384860252137,0.0,164,0
A1,Alta demanda con flota de motos,,200,3,1.174311867544455,0.6781770880843929,2959142.7113037007,9200000.0,6240857.288696299,4075.636791773236,0.0,200,0
A1,Alta demanda con flota de motos,,180,40,1.5925279876363034,1.0267635353511655,2930411.9278385323,7800000.0,4869588.072161468,4015.370428286216,0.0,180,0
A1,Alta demanda con flota de motos,,186,1,0.8958628603314422,0.3757062150018117,2888601.7944631693,8180000.0,5291398.205536831,3927.668514466312,0.0,186,0
A1,Alta demanda con flota de motos,,188,18,1.7841145948963166,1.2445921747918445,2896899.3123411722,8540000.0,5643100.687658828,3945.0735820685277,0.0,188,0
A1,Alta demanda con flota de motos,,185,24,1.3884697166167121,0.8600448791301325,2871720.350449752,7900000.0,5028279.649550248,3892.2576026012753,0.0,185,0
A1,Alta demanda con flota de motos,,178,63,1.8744927954468924,1.3114847005175287,2871162.135330948,7890000.0,5018837.864669052,3891.086677509923,0.0,178,0
A1,Alta demanda con flota de motos,,176,28,1.2659285428980007,0.7094133791789338,2785343.4309119233,8130000.0,5344656.569088077,3711.0713555897037,0.0,176,0
A1,Alta demanda con flota de motos,,185,62,2.1520349833253514,1.6079458463595118,2945079.889388082,7400000.0,4454920.110611917,4046.138287555725,0.0,185,0
A1,Alta demanda con flota de motos,,169,47,1.7983744860486968,1.215547225753861,2825033.140155148,7520000.0,4694966.859844852,3794.3254181475995,0.0,169,0
A1,Alta demanda con flota de motos,,181,28,1.510634951109684,0.9447497126442621,2924456.5471508694,8930000.0,6005543.452849131,4002.8782824433665,0.0,181,0
A1,Alta demanda con flota de motos,,183,25,1.1281152353566672,0.5932738113436397,2905236.7729675765,7690000.0,4784763.227032423,3962.5624345141573,0.0,183,0
A1,Alta demanda con flota de motos,,188,18,0.9811198917777597,0.4553714083003038,2862736.230979504,8340000.0,5477263.769020496,3873.4123034377094,0.0,188,0
A1,Alta demanda con flota de motos,,178,31,1.430957240529491,0.8660009069641644,2893832.094112756,7940000.0,5046167.905887244,3938.6397133620953,0.0,178,0
A1,Alta demanda con flota de motos,,179,29,1.8026738181944693,1.227598499722416,2944443.4980315426,8570000.0,5625556.501968457,4044.8033781593344,0.0,179,0
A1,Alta demanda con flota de motos,,175,23,1.0365214515651369,0.47322310623322583,2861889.082101795,7900000.0,5038110.917898205,3871.635304134737,0.0,175,0
A1,Alta demanda con flota de motos,,181,21,0.8887713756921855,0.3309835139428456,2877341.052234388,8080000.0,5202658.947765612,3904.0477181481006,0.0,181,0
A1,Alta demanda con flota de motos,,184,48,1.8579906754474433,1.3134694025123188,2957377.0089386106,8420000.0,5462622.991061389,4071.933013187689,0.0,184,0
A1,Alta demanda con flota de motos,,171,9,0.7698093186584297,0.23455635017369206,2731040.2492785496,6630000.0,3898959.7507214504,3597.163731497718,0.0,171,0
A1,Alta demanda con flota de motos,,179,2,0.800854307448422,0.2664749539889899,2819472.619508478,7570000.0,4750527.380491522,3782.6615399635734,0.0,179,0
A1,Alta demanda con flota de motos,,172,20,1.1983253200114674,0.6781533658274226,2711644.6109476457,7410000.0,4698355.389052354,3556.4789868185344,0.0,172,0
A1,Alta demanda con flota de motos,,185,31,1.6699846670548035,1.1224499047486858,2939466.302011011,8050000.0,5110533.697988989,4034.3630953566335,0.0,185,0
A1,Alta demanda con flota de motos,,188,22,1.4015972677174489,0.878244005290698,2863818.9327403675,8390000.0,5526181.067259632,3875.6834039786104,0.0,188,0
A1,Alta demanda con flota de motos,,178,44,1.2458716859932981,0.6784864453690257,2874702.7894939324,7440000.0,4565297.210506068,3898.5136365076482,0.0,178,0
A1,Alta demanda con flota de motos,,172,24,1.1023340076804549,0.515387079460206,2907345.048210939,7510000.0,4602654.951789061,3966.9848019828783,0.0,172,0
A1,Alta demanda con flota de motos,,178,26,1.3420906400977808,0.7834938320305933,2883517.784561819,7940000.0,5056482.215438182,3917.004176368538,0.0,178,0
A1,Alta demanda con flota de motos,,184,34,1.4418278641228812,0.8981135470837671,2861000.5706396657,8620000.0,5758999.429360334,3869.771541707092,0.0,184,0
A1,Alta demanda con flota de motos,,176,34,1.5819779182043125,1.0312900345034988,2854461.8701406424,7980000.0,5125538.129859358,3856.055810582505,0.0,176,0
A1,Alta demanda con flota de motos,,174,40,1.9224957337938355,1.3519160763074507,2829781.3780018208,7420000.0,4590218.62199818,3804.2854329288652,0.0,174,0
A1,Alta demanda con flota de motos,,171,30,1.7662701602331088,1.1664432427943214,2957142.520934989,7530000.0,4572857.47906501,4071.4411456659855,0.0,171,0
A1,Alta demanda con flota de motos,,173,51,1.2807880843909631,0.7441525951464255,2719097.66564627,7340000.0,4620902.33435373,3572.1126887014207,0.0,173,0
A1,Alta demanda con flota de motos,,188,16,1.1340338068338978,0.6019901747146011,2893799.463052257,8640000.0,5746200.536947743,3938.571265686261,0.0,188,0
A1,Alta demanda con flota de motos,,175,5,1.5023320265805715,0.941613431839143,2842897.0253266715,8050000.0,5207102.974673329,3831.797121567825,0.0,175,0
A1,Alta demanda con flota de motos,,186,8,1.109415593169053,0.5623259381762461,2969227.16089693,8580000.0,5610772.83910307,4096.790169142467,0.0,186,0
A1,Alta demanda con flota de motos,,178,20,1.0321226231618912,0.46264675357068874,2874954.0760789006,7790000.0,4915045.923921099,3899.0407411265437,0.0,178,0
A1,Alta demanda con flota de motos,,175,24,0.8929589087368752,0.34110573012389184,2801575.2840108518,7800000.0,4998424.715989148,3745.1196703568244,0.0,175,0
A1,Alta demanda con flota de motos,,178,62,2.0371536036117965,1.4683011266286232,2989841.0168951205,7790000.0,4800158.983104879,4140.03027569793,0.0,178,0
A1,Alta demanda con flota de motos,,186,21,1.1151006783944974,0.5707478165746009,2963842.5720618074,8630000.0,5666157.427938193,4085.495329641857,0.0,186,0
A1,Alta demanda con flota de motos,,180,34,1.0072133893217674,0.4768646342311071,2825800.4198505003,7850000.0,5024199.5801495,3795.934881985307,0.0,180,0
A1,Alta demanda con flota de motos,,178,34,1.4488884673685218,0.9018877071800849,2788089.539703081,7940000.0,5151910.46029692,3716.8316576289294,0.0,178,0
A1,Alta demanda con flota de motos,,178,34,1.4530820203811226,0.900420214648034,2889807.8311308394,7990000.0,5100192.16886916,3930.1983251928677,0.0,178,0
A1,Alta demanda con flota de motos,,172,40,1.8089672769249128,1.2438116695027406,2849719.157766461,7660000.0,4810280.842233539,3846.1073861615896,0.0,172,0
A1,Alta demanda con flota de motos,,178,30,1.3735959681739096,0.8067386894444519,2883390.091106854,7790000.0,4906609.908893146,3916.736323590312,0.0,178,0
A1,Alta demanda con flota de motos,,173,43,1.9437920659655956,1.355822915973323,2904929.5723768375,8140000.0,5235070.427623162,3961.9180433687734,0.0,173,0
A1,Alta demanda con flota de motos,,188,15,0.7117618252061784,0.21881367804017343,2793460.4407932833,8290000.0,5496539.559206717,3728.0977853955937,0.0,188,0
A1,Alta demanda con flota de motos,,176,36,1.3925435157037098,0.8330636472176941,2933495.086312994,7730000.0,4796504.913687006,4021.837733625641,0.0,176,0
A1,Alta demanda con flota de motos,,188,47,1.412622407536835,0.8809621882053364,2906277.5062252707,8090000.0,5183722.493774729,3964.74550094105,0.0,188,0
A1,Alta demanda con flota de motos,,182,45,1.6099557706948446,1.069142507911482,2859151.5298690908,8560000.0,5700848.470130909,3865.8929505326882,0.0,182,0
A1,Alta demanda con flota de motos,,176,37,1.27082505230696,0.6935122749100618,2911112.2043089066,7980000.0,5068887.795691093,3974.8868767379067,0.0,176,0
A1,Alta demanda con flota de motos,,180,22,1.2748238547482358,0.7187903240462139,2858386.785345963,8000000.0,5141613.214654037,3864.2888045315385,0.0,180,0
A1,Alta demanda con flota de motos,,175,39,1.3843810282937687,0.8119303573760515,2895606.9834186593,7400000.0,4504393.016581341,3942.3627626896077,0.0,175,0
A1,Alta demanda con flota de motos,,180,33,1.4286288743530446,0.8740405685400265,2857635.6128420006,7750000.0,4892364.387157999,3862.7131275152688,0.0,180,0
A1,Alta demanda con flota de motos,,178,28,1.2308167751309977,0.6637717910916046,2928603.347632913,7890000.0,4961396.652367087,4011.5767081393433,0.0,178,0
A1,Alta demanda con flota de motos,,179,43,1.628980769483552,1.0576015408950035,2886312.0652168593,7920000.0,5033687.93478314,3922.8655248363116,0.0,179,0
A1,Alta demanda con flota de motos,,167,21,0.8452145002899853,0.27085812226006906,2833906.5263489024,7660000.0,4826093.473651098,3812.938440600045,0.0,167,0
A1,Alta demanda con flota de motos,,173,36,1.209599158095525,0.64797685786377,2840371.246619086,7440000.0,4599628.753380914,3826.498989066021,0.0,173,0
A1,Alta demanda con flota de motos,,182,27,1.5508804440939314,1.014959321872745,2808446.2616231446,7960000.0,5151553.738376856,3759.532393727058,0.0,182,0
A1,Alta demanda con flota de motos,,172,12,1.2362503398580234,0.6665079378362612,2866380.2251233878,8210000.0,5343619.774876612,3881.056030796766,0.0,172,0
A1,Alta demanda con flota de motos,,169,40,1.4764738029986133,0.8794350043708776,2884005.9884496373,7570000.0,4685994.011550363,3918.028244264036,0.0,169,0
A1,Alta demanda con flota de motos,,181,44,1.8922379278843822,1.3311142580324815,2866144.5366310477,8880000.0,6013855.463368952,3880.561645101848,0.0,181,0
A1,Alta demanda con flota de motos,,173,29,1.567123137447858,0.9808738574143158,2887046.050555173,7790000.0,4902953.949444827,3924.4051496518596,0.0,173,0
A1,Alta demanda con flota de motos,,171,8,1.2809295713595843,0.7257803441549652,2801390.8272264376,7680000.0,4878609.172773562,3744.73274949089,0.0,171,0
A1,Alta demanda con flota de motos,,180,37,1.911962148792437,1.377905266837035,2855661.7044832497,8100000.0,5244338.29551675,3858.572611166919,0.0,180,0
A1,Alta demanda con flota de motos,,175,26,1.2124412480759994,0.6466881728885121,2845078.7781206314,7500000.0,4654921.221879369,3836.373617265511,0.0,175,0
A1,Alta demanda con flota de motos,,183,30,1.7285414857297106,1.1793521818838804,2889343.561742502,8090000.0,5200656.438257499,3929.224462863379,0.0,183,0
A1,Alta demanda con flota de motos,,179,27,1.452341080687134,0.9094807872884951,2837342.72889761,7620000.0,4782657.271102389,3820.146299448254,0.0,179,0
A1,Alta demanda con flota de motos,,179,30,1.5433219041583144,0.9762121005718327,2881691.5085990634,7870000.0,4988308.491400937,3913.173337187551,0.0,179,0
A1,Alta demanda con flota de motos,,186,11,1.0658000710163733,0.5238978995130652,2886116.757483687,8580000.0,5693883.242516313,3922.4558427664347,0.0,186,0
A1,Alta demanda con flota de motos,,173,41,1.3176005025171151,0.7551406079168793,2781499.411149709,8490000.0,5708500.588850291,3703.0080498144903,0.0,173,0
A1,Alta demanda con flota de motos,,182,21,1.2448048282755717,0.7017192427741307,2890567.8827207615,8560000.0,5669432.117279239,3931.7926271875435,0.0,182,0
A1,Alta demanda con flota de motos,,171,15,1.0282359106815546,0.4855040913175672,2777488.6484429403,7580000.0,4802511.351557059,3694.5949801382226,0.0,171,0
A1,Alta demanda con flota de motos,,181,29,1.4505422399371606,0.8741121748024064,2951510.811489329,8680000.0,5728489.188510671,4059.627940191905,0.0,181,0
A1,Alta demanda con flota de motos,,177,43,1.679769996590656,1.1130738971181326,2887885.5773828067,8160000.0,5272114.422617193,3926.1661607642936,0.0,177,0
A1,Alta demanda con flota de motos,,166,42,1.7141884170481185,1.0966043093489046,2902989.5221155817,7630000.0,4727010.477884418,3957.8485485577608,0.0,166,0
A1,Alta demanda con flota de motos,,183,47,1.6137315102042202,1.0627601371020747,2988937.6499985196,8390000.0,5401062.35000148,4138.135352163437,0.0,183,0
A1,Alta demanda con flota de motos,,175,43,1.4938877648460949,0.9161990538827748,2922100.4600699698,8300000.0,5377899.539930031,3997.9360990672426,0.0,175,0
A1,Alta demanda con flota de motos,,179,6,0.836053252519347,0.29531439067008725,2855062.8383556837,7720000.0,4864937.161644316,3857.3164155686486,0.0,179,0
A1,Alta demanda con flota de motos,,182,21,1.1941093089882655,0.6482499163210451,2911690.6749751093,8560000.0,5648309.325024891,3976.1002903393273,0.0,182,0
A1,Alta demanda con flota de motos,,181,26,1.3256892748190094,0.7589278269276747,2964812.2245724215,8280000.0,5315187.775427578,4087.529295430912,0.0,181,0
A1,Alta demanda con flota de motos,,170,39,1.6288830123020623,1.0225947171669563,2938964.0627491,7650000.0,4711035.9372509,4033.309586532115,0.0,170,0
A1,Alta demanda con flota de motos,,169,27,1.3216516562280651,0.7270808899151879,2895942.786713653,7320000.0,4424057.213286348,3943.067151536525,0.0,169,0
A1,Alta demanda con flota de motos,,179,34,1.589966322951175,1.046062326439076,2809923.562761409,8620000.0,5810076.437238591,3762.631215152736,0.0,179,0
A1,Alta demanda con flota de motos,,172,18,1.1736672814271025,0.6066303045157295,2779447.670986405,8010000.0,5230552.329013595,3698.7042716522133,0.0,172,0
A1,Alta demanda con flota de motos,,184,28,1.4386667994115954,0.9069883070634215,2855406.6581025035,7770000.0,4914593.341897497,3858.037619912443,0.0,184,0
A1,Alta demanda con flota de motos,,177,15,1.0251726605835274,0.4740457119032149,2860655.4231915516,8010000.0,5149344.576808449,3869.047552346004,0.0,177,0
A1,Alta demanda con flota de motos,,185,7,0.8703727215742256,0.339540864604797,2874829.2231253665,8300000.0,5425170.7768746335,3898.7788466505626,0.0,185,0
A1,Alta demanda con flota de motos,,174,52,1.7337942195699518,1.1351729086297915,2957792.524778819,7770000.0,4812207.475221181,4072.8046089341515,0.0,174,0
A1,Alta demanda con flota de motos,,179,22,1.3400298148785503,0.7996571448702282,2877579.984818123,8020000.0,5142420.015181877,3904.5489087250203,0.0,179,0
A1,Alta demanda con flota de motos,,181,17,1.1876662352038956,0.6190953158675191,2917481.754720667,7980000.0,5062518.245279333,3988.2477946825707,0.0,181,0
A1,Alta demanda con flota de motos,,176,29,1.2691223928096447,0.6932022924803652,2952538.960974854,7580000.0,4627461.0390251465,4061.7846106039233,0.0,176,0
A1,Alta demanda con flota de motos,,167,15,0.8065943506369776,0.22512836797056565,2803436.871266412,7810000.0,5006563.128733588,3749.024579331636,0.0,167,0
A1,Alta demanda con flota de motos,,175,16,1.0762510981215965,0.5190452510453807,2916580.980048169,7900000.0,4983419.019951832,3986.358308657997,0.0,175,0
A1,Alta demanda con flota de motos,,181,29,1.42566586829655,0.880705841055512,2889149.3725997168,8180000.0,5290850.627400283,3928.817127174861,0.0,181,0
A1,Alta demanda con flota de motos,,175,68,2.2230043517828735,1.647909706563362,2882436.836883723,8050000.0,5167563.163116277,3914.73675523269,0.0,175,0
A1,Alta demanda con flota de motos,,182,28,2.016657089882155,1.4849497591065268,2829915.802640656,8310000.0,5480084.197359344,3804.5674051958335,0.0,182,0
A1,Alta demanda con flota de motos,,181,38,2.251517259620241,1.6864266129541297,2900920.4469917505,7880000.0,4979079.553008249,3953.508408176756,0.0,181,0
A1,Alta demanda con flota de motos,,182,47,2.0646838120474573,1.505861723300996,2882400.670615755,8060000.0,5177599.329384245,3914.660892022972,0.0,182,0
A1,Alta demanda con flota de motos,,181,23,1.1308561224037346,0.5667889462879372,2906369.101815243,7630000.0,4723630.898184758,3964.9376339932473,0.0,181,0
A1,Alta demanda con flota de motos,,180,30,1.1907240530807708,0.6395938157684852,2890784.3836983554,8200000.0,5309215.616301645,3932.2467647026892,0.0,180,0
A1,Alta demanda con flota de motos,,178,38,1.4233430649738292,0.8789241619495415,2832301.7558792112,7590000.0,4757698.244120789,3809.5722365229162,0.0,178,0
A1,Alta demanda con flota de motos,,182,8,0.7845056653385927,0.2659275216408891,2841659.191075866,8410000.0,5568340.808924134,3829.2006114870487,0.0,182,0
A1,Alta demanda con flota de motos,,165,32,1.0879193191031493,0.5057918460732845,2795209.5985097177,7100000.0,4304790.401490282,3731.766859539099,0.0,165,0
A1,Alta demanda con flota de motos,,185,16,1.0592605306313039,0.5338378134292096,2835922.402214978,7850000.0,5014077.597785022,3817.166988973499,0.0,185,0
A1,Alta demanda con flota de motos,,183,46,1.6335090599297946,1.097223109962797,2903684.8793537235,8240000.0,5336315.1206462765,3959.30714616676,0.0,183,0
A1,Alta demanda con flota de motos,,179,24,1.1758343320669578,0.6134305972018426,2927415.430330804,7570000.0,4642584.569669196,4009.0849050178485,0.0,179,0
A1,Alta demanda con flota de motos,,178,23,1.325130213316219,0.7624451947453778,2941187.8543310007,8190000.0,5248812.145668999,4037.9742637747904,0.0,178,0
A1,Alta demanda con flota de motos,,180,32,1.4575774936718038,0.907911169927703,2897068.912029549,8100000.0,5202931.0879704505,3945.4293383422596,0.0,180,0
A1,Alta demanda con flota de motos,,181,33,1.747426797746908,1.1845819886479647,2889261.651916953,8130000.0,5240738.348083047,3929.052646897215,0.0,181,0
A1,Alta demanda con flota de motos,,184,15,1.2820938109641795,0.7385513934328275,2894995.6979019176,8220000.0,5325004.302098082,3941.080515890073,0.0,184,0
A1,Alta demanda con flota de motos,,179,42,1.6197738053853599,1.0752296502530165,2894468.313784647,7870000.0,4975531.686215353,3939.9742626287484,0.0,179,0
A1,Alta demanda con flota de motos,,175,27,1.2128011918571164,0.6223212419287599,2955314.3385233665,7950000.0,4994685.6614766335,4067.606307473254,0.0,175,0
A1,Alta demanda con flota de motos,,178,47,1.7929096052182658,1.2272690334171974,2910190.7753012953,7890000.0,4979809.224698705,3972.9540656968347,0.0,178,0
A1,Alta demanda con flota de motos,,179,22,1.0116687730570275,0.44767575238999047,2896896.7680695234,8070000.0,5173103.231930477,3945.0682451447965,0.0,179,0
A1,Alta demanda con flota de motos,,180,8,0.7804330995515575,0.2308429781577763,2867730.28897231,7700000.0,4832269.71102769,3883.8879563078985,0.0,180,0
A1,Alta demanda con flota de motos,,182,27,1.2408374373188,0.7134893663757776,2837311.5500831846,8310000.0,5472688.449916815,3820.08089803776,0.0,182,0
A1,Alta demanda con flota de motos,,163,27,1.5904445038931916,1.0156630005805964,2769157.3230433282,7990000.0,5220842.676956672,3677.1189970878327,0.0,163,0
A1,Alta demanda con flota de motos,,168,14,1.0205413952867985,0.45880754212892844,2752643.30340439,7390000.0,4637356.69659561,3642.4788031857615,0.0,168,0
A1,Alta demanda con flota de motos,,179,34,1.8651810256779544,1.3107876931864255,2911147.0449276934,8220000.0,5308852.955072306,3974.959959234894,0.0,179,0
A1,Alta demanda con flota de motos,,168,26,1.224678424706245,0.6641312877098897,2790554.269581019,8190000.0,5399445.730418981,3722.0017326775624,0.0,168,0
A1,Alta demanda con flota de motos,,174,42,2.0429865139406487,1.470175410640697,2884007.780725995,7670000.0,4785992.219274005,3918.0320037848514,0.0,174,0
A1,Alta demanda con flota de motos,,181,33,1.4359577235093202,0.8783234407165368,2930917.799057264,8080000.0,5149082.200942736,4016.4315555883236,0.0,181,0
A1,Alta demanda con flota de motos,,176,34,1.6184327298236227,1.081870667366016,2823437.5309035373,7480000.0,4656562.469096463,3790.978430855811,0.0,176,0
A1,Alta demanda con flota de motos,,175,47,1.754143062923945,1.1655216609061985,2938451.467202774,7850000.0,4911548.532797227,4032.2343541231553,0.0,175,0
A1,Alta demanda con flota de motos,,185,10,0.8844929097321116,0.37203216827880975,2810194.1212693537,8800000.0,5989805.878730646,3763.1987450080937,0.0,185,0
A1,Alta demanda con flota de motos,,179,13,1.0616504741435258,0.49697618050319,2934820.3847176316,8370000.0,5435179.615282368,4024.6177105615056,0.0,179,0
A1,Alta demanda con flota de motos,,175,48,2.2408519439261254,1.6571080196270538,2937013.414848513,7800000.0,4862986.585151487,4029.217861864933,0.0,175,0
A1,Alta demanda con flota de motos,,176,25,1.2476510378811687,0.6975970037048769,2830504.1762766982,7430000.0,4599495.823723301,3805.8015914984485,0.0,176,0
A1,Alta demanda con flota de motos,,173,48,1.6571088553857234,1.0941794269025837,2871029.9328665743,7790000.0,4918970.067133426,3890.80936652807,0.0,173,0
A1,Alta demanda con flota de motos,,176,62,1.9378561578986284,1.3572483099766777,2907069.0868150042,8280000.0,5372930.913184996,3966.4059389032805,0.0,176,0
A1,Alta demanda con flota de motos,,183,36,2.006015083338752,1.4632328569355364,2882081.3312221887,8090000.0,5207918.668777811,3913.991038240812,0.0,183,0
A1,Alta demanda con flota de motos,,174,21,0.8618036202603907,0.30064128765933557,2808043.190638964,7720000.0,4911956.809361036,3758.686902601724,0.0,174,0
A1,Alta demanda con flota de motos,,180,45,1.558603353936692,1.0155273385124393,2829310.790111285,8500000.0,5670689.209888715,3803.298316761361,0.0,180,0
A1,Alta demanda con flota de motos,,176,40,1.2948564986262707,0.7161415021014114,2996611.72460784,7980000.0,4983388.27539216,4154.232670581244,0.0,176,0
A1,Alta demanda con flota de motos,,181,54,2.1000420721846504,1.533260357677053,2898609.3180946335,8180000.0,5281390.6819053665,3948.6605301386335,0.0,181,0
A1,Alta demanda con flota de motos,,172,4,0.6571286010455057,0.1258185120717172,2740889.250729504,7510000.0,4769110.749270496,3617.8232273359367,0.0,172,0
A1,Alta demanda con flota de motos,,178,29,1.700011461516503,1.1300425155764307,2936008.2464745706,7340000.0,4403991.753525429,4027.1093971701557,0.0,178,0
A1,Alta demanda con flota de motos,,186,18,1.1664756486995451,0.6257801909758887,2925427.496383503,8580000.0,5654572.503616497,4004.914968266856,0.0,186,0
A1,Alta demanda con flota de motos,,187,29,1.304493358024963,0.7824679822388578,2879394.534653177,8760000.0,5880605.4653468225,3908.3551509062477,0.0,187,0
A1,Alta demanda con flota de motos,,175,50,1.9127623079024838,1.3621533527977836,2811548.0863202475,7150000.0,4338451.9136797525,3766.0388537717436,0.0,175,0
A1,Alta demanda con flota de motos,,187,17,1.2189511387553464,0.670339131467096,2880601.7008263087,8960000.0,6079398.299173691,3910.887330909875,0.0,187,0
A1,Alta demanda con flota de motos,,166,30,1.3342591073492667,0.7318830414747709,2850552.17013807,7280000.0,4429447.82986193,3847.8547323986904,0.0,166,0
A1,Alta demanda con flota de motos,,182,9,1.1564177956422412,0.6228303277370087,2848139.280557272,8310000.0,5461860.719442728,3842.7933987700176,0.0,182,0
A1,Alta demanda con flota de motos,,189,26,1.3313263985382706,0.8080563823771084,2890476.7489151973,8970000.0,6079523.251084803,3931.6014627851273,0.0,189,0
A1,Alta demanda con flota de motos,,174,41,1.881844279493997,1.3146935796287673,2889285.044261824,8020000.0,5130714.955738176,3929.1017152270333,0.0,174,0
A1,Alta demanda con flota de motos,,179,36,1.4021584459365761,0.8399463480662996,2927202.3472579704,8470000.0,5542797.65274203,4008.637936979688,0.0,179,0
A1,Alta demanda con flota de motos,,178,41,1.2375435591939472,0.6820049771141823,2812891.0577204176,8090000.0,5277108.942279583,3768.8559019964628,0.0,178,0
A1,Alta demanda con flota de motos,,170,30,1.5667738533297748,0.9945934434119023,2855338.84702794,8200000.0,5344661.152972059,3857.8953778161545,0.0,170,0
A1,Alta demanda con flota de motos,,174,53,1.983858741521742,1.4017867101312147,2896550.567644074,7720000.0,4823449.432355925,3944.3420470338187,0.0,174,0
A1,Alta demanda con flota de motos,,171,48,2.002658821579998,1.4289179535616314,2799165.1961218435,7530000.0,4730834.8038781565,3740.064213622383,0.0,171,0
A1,Alta demanda con flota de motos,,181,2,0.9771541338362705,0.43238269405583857,2858758.5981633766,8730000.0,5871241.401836623,3865.0687277950465,0.0,181,0
A1,Alta demanda con flota de motos,,193,5,0.9688479273597679,0.4598663490390129,2898992.2302576196,8140000.0,5241007.769742381,3949.463735649063,0.0,193,0
A1,Alta demanda con flota de motos,,182,27,1.4775006641068535,0.9207421799631001,2886580.699043282,8360000.0,5473419.300956719,3923.4290174346866,0.0,182,0
A1,Alta demanda con flota de motos,,171,6,0.8179772088940659,0.28104185142782157,2749681.429438243,7830000.0,5080318.570561757,3636.2659070681425,0.0,171,0
A1,Alta demanda con flota de motos,,186,27,1.16568556853574,0.640222798625025,2857657.6132665225,8480000.0,5622342.386733478,3862.7592761204014,0.0,186,0
A1,Alta demanda con flota de motos,,193,18,1.4853234770635526,0.968325869714163,2963632.8636174644,8940000.0,5976367.136382535,4085.055440303365,0.0,193,0
A1,Alta demanda con flota de motos,,171,45,2.1536467321443995,1.537700867367162,2935150.575144194,7980000.0,5044849.424855806,4025.310325724306,0.0,171,0
A1,Alta demanda con flota de motos,,178,38,1.6352327956709396,1.0719553965401163,2905546.330668753,8140000.0,5234453.669331247,3963.211769989528,0.0,178,0
A1,Alta demanda con flota de motos,,177,31,1.556625749135861,1.0082250387369724,2840837.181521462,7460000.0,4619162.818478538,3827.476345016717,0.0,177,0
A1,Alta demanda con flota de motos,,179,23,1.034345352279586,0.50009266226329,2838165.557874101,8020000.0,5181834.442125899,3821.8722847575305,0.0,179,0
A1,Alta demanda con flota de motos,,183,15,1.1425896504544473,0.587281751642116,2920573.171077384,8690000.0,5769426.828922616,3994.732421948989,0.0,183,0
A1,Alta demanda con flota de motos,,180,18,1.5142758446041777,0.9419817232221562,2900990.1652860576,8150000.0,5249009.834713942,3953.6546509018026,0.0,180,0
A1,Alta demanda con flota de motos,,175,29,1.2698785990961086,0.6804171469219173,2888186.161714625,7550000.0,4661813.838285375,3926.796673490197,0.0,175,0
A1,Alta demanda con flota de motos,,183,35,1.6173340558909528,1.0700815065459977,2895547.490252618,8790000.0,5894452.509747382,3942.237968432816,0.0,183,0
A1,Alta demanda con flota de motos,,180,12,1.2645246025259265,0.7197139281029471,2844926.977267589,8100000.0,5255073.022732411,3836.0551962451364,0.0,180,0
A1,Alta demanda con flota de motos,,175,44,2.037028897233701,1.452654255226812,2883063.2500885134,8150000.0,5266936.749911487,3916.0507342245505,0.0,175,0
A1,Alta demanda con flota de motos,,180,32,1.3903764606853837,0.8202452607696701,2896181.012842384,8150000.0,5253818.987157616,3943.566860236903,0.0,180,0
A1,Alta demanda con flota de motos,,177,37,1.3581055036236476,0.8045374112419701,2881799.2467553946,7860000.0,4978200.753244605,3913.399331264547,0.0,177,0
A1,Alta demanda con flota de motos,,182,27,1.3167089448335116,0.7732904007053925,2847228.4007511404,8610000.0,5762771.59924886,3840.8827159807406,0.0,182,0
A1,Alta demanda con flota de motos,,172,18,0.8165980189979168,0.28790704872225686,2764803.6016238215,7210000.0,4445196.398376178,3667.986529192993,0.0,172,0
A1,Alta demanda con flota de motos,,182,35,1.5858160326178279,1.0441928479896876,2889253.302657716,7960000.0,5070746.697342284,3929.035133295725,0.0,182,0
A1,Alta demanda con flota de motos,,178,11,0.8113865252813377,0.27441323753399705,2811444.692652754,7890000.0,5078555.3073472455,3765.8219727961573,0.0,178,0
A1,Alta demanda con flota de motos,,186,6,1.1786683185678064,0.6389466171770509,2945095.9128524507,8880000.0,5934904.087147549,4046.171898749411,0.0,186,0
A1,Alta demanda con flota de motos,,172,32,1.301468197577218,0.7305176852958889,2829974.8643329856,7610000.0,4780025.135667015,3804.691294383276,0.0,172,0
A1,Alta demanda con flota de motos,,178,12,1.0122654281449552,0.45868550074613956,2855616.4214101583,8040000.0,5184383.578589842,3858.4776243335104,0.0,178,0
A1,Alta demanda con flota de motos,,174,12,1.0065328943500185,0.45184380554231496,2875887.446992001,8370000.0,5494112.553007999,3900.9986017879264,0.0,174,0
A1,Alta demanda con flota de motos,,179,10,1.273691822610055,0.7041669508736982,2906492.627044018,8220000.0,5313507.372955982,3965.19674340271,0.0,179,0
A1,Alta demanda con flota de motos,,174,27,1.4870367903126405,0.9087573003670595,2869166.312993701,8120000.0,5250833.687006298,3886.900193887645,0.0,174,0
A1,Alta demanda con flota de motos,,184,31,1.2291994311491967,0.6886262051685111,2866620.8627095376,8220000.0,5353379.137290463,3881.5607978266357,0.0,184,0
A1,Alta demanda con flota de motos,,172,61,2.1600303662217337,1.5682137310025697,2868953.776672475,7460000.0,4591046.223327525,3886.4543727284467,0.0,172,0
A1,Alta demanda con flota de motos,,179,61,1.8228487995718001,1.2732978009281277,2926947.650560374,7420000.0,4493052.349439627,4008.1036792287655,0.0,179,0
A1,Alta demanda con flota de motos,,179,58,2.26574888029184,1.7066819838058327,2936426.5499836886,8120000.0,5183573.450016311,4027.986840396127,0.0,179,0
A1,Alta demanda con flota de motos,,181,36,1.800649851713374,1.2393922361297478,2936232.9349720106,8430000.0,5493767.065027989,4027.5807090184558,0.0,181,0
A1,Alta demanda con flota de motos,,164,32,1.071949761152838,0.49013544479074433,2785470.450047967,7620000.0,4834529.549952033,3711.337793900785,0.0,164,0
A1,Alta demanda con flota de motos,,174,29,1.3756985522168974,0.8216623710574487,2859009.018240114,7620000.0,4760990.981759885,3865.5940148060145,0.0,174,0
A1,Alta demanda con flota de motos,,169,28,1.1656876589329195,0.5856202602797428,2850247.1671446273,7220000.0,4369752.832855373,3847.2149509848036,0.0,169,0
A1,Alta demanda con flota de motos,,190,8,1.140154050262143,0.6019159194929342,2941076.519506034,8450000.0,5508923.4804939665,4037.7407252415155,0.0,190,0
A1,Alta demanda con flota de motos,,177,51,2.158342124714035,1.5815627847304006,2843835.2136684568,8210000.0,5366164.786331544,3833.765087380311,0.0,177,0
A1,Alta demanda con flota de motos,,178,39,1.7347339386389107,1.1722729482619831,2895558.7677279073,8040000.0,5144441.232272092,3942.261624328792,0.0,178,0
A1,Alta demanda con flota de motos,,176,46,1.8152379648665864,1.2327522145603695,2903380.593756773,7680000.0,4776619.406243227,3958.668869580537,0.0,176,0
A1,Alta demanda con flota de motos,,175,25,1.1573568835387122,0.587544903360177,2862186.8731702575,7800000.0,4937813.126829742,3872.2599576460784,0.0,175,0
A1,Alta demanda con flota de motos,,179,61,1.5052567052719417,0.9563225575267391,2863799.6062351917,7820000.0,4956200.393764809,3875.6428642492515,0.0,179,0
A1,Alta demanda con flota de motos,,179,45,1.5875487742071293,1.0482526955055032,2808842.852833964,7870000.0,5061157.147166036,3760.3642927282212,0.0,179,0
A1,Alta demanda con flota de motos,,180,22,1.1931848276970252,0.6285987290085038,2886151.7953040064,8100000.0,5213848.204695994,3922.529338917969,0.0,180,0
A1,Alta demanda con flota de motos,,186,19,1.0551195201928634,0.5488383699977176,2797478.222984435,8180000.0,5382521.777015565,3736.525579306512,0.0,186,0
A1,Alta demanda con flota de motos,,174,32,1.593660786546245,1.0061678425277552,2918889.094354068,7420000.0,4501110.905645932,3991.199863219059,0.0,174,0
A1,Alta demanda con flota de motos,,185,16,0.9246141326659914,0.41506275235129414,2797408.7838928076,8150000.0,5352591.216107192,3736.379922243542,0.0,185,0
A1,Alta demanda con flota de motos,,175,19,1.02409322309506,0.47078857144773295,2821905.3933462375,7300000.0,4478094.606653763,3787.7645832747958,0.0,175,0
A1,Alta demanda con flota de motos,,177,37,1.229517901112848,0.6743603965658167,2858006.1463811724,8110000.0,5251993.853618828,3863.4903673348285,0.0,177,0
A1,Alta demanda con flota de motos,,175,27,1.4624241947799428,0.8850311891708459,2844629.0637557143,7800000.0,4955370.936244286,3835.4302858936276,0.0,175,0
A1,Alta demanda con flota de motos,,169,12,0.9062005988020042,0.3602680521291498,2743046.9610337396,7670000.0,4926953.038966261,3622.3492909447577,0.0,169,0
A1,Alta demanda con flota de motos,,186,25,1.5585462011331046,1.0122083580656374,2963438.8129478805,8530000.0,5566561.1870521195,4084.648395079469,0.0,186,0
A1,Alta demanda con flota de motos,,180,33,1.513874754399048,0.94718021873991,2920629.939901071,7650000.0,4729370.060098929,3994.8515015615326,0.0,180,0
A1,Alta demanda con flota de motos,,181,41,1.8843827262124275,1.3449480714421613,2882944.1360217473,7830000.0,4947055.863978253,3915.800877771704,0.0,181,0
A1,Alta demanda con flota de motos,,179,52,1.5443022003737246,0.9878667431064639,2918987.0494869985,8020000.0,5101012.9505130015,3991.4053361973315,0.0,179,0
A1,Alta demanda con flota de motos,,178,27,1.4791345186043494,0.9399165587501425,2812164.1896188073,7940000.0,5127835.810381193,3767.3312064631164,0.0,178,0
A1,Alta demanda con flota de motos,,180,33,1.8525737957457542,1.3040722774043139,2854403.9169550426,8050000.0,5195596.083044957,3855.934246624712,0.0,180,0
A1,Alta demanda con flota de motos,,182,40,1.4848863136380164,0.9435199958968342,2848338.481741644,8260000.0,5411661.518258356,3843.211247834207,0.0,182,0
A1,Alta demanda con flota de motos,,185,53,1.549880257740681,1.0389341646272778,2811149.04778569,8350000.0,5538850.95221431,3765.2018212070707,0.0,185,0
A1,Alta demanda con flota de motos,,179,11,0.783126837084417,0.2510778839290545,2821937.453166555,8370000.0,5548062.546833444,3787.831832703859,0.0,179,0
A1,Alta demanda con flota de motos,,182,13,0.7852404395724469,0.25561263103200826,2815826.5511869737,7860000.0,5044173.448813027,3775.0134617610215,0.0,182,0
A1,Alta demanda con flota de motos,,172,51,2.284465724528035,1.695565711560184,2887026.5577465007,7560000.0,4672973.442253499,3924.3642610803972,0.0,172,0
A1,Alta demanda con flota de motos,,167,7,0.6986952055148128,0.1773812826251937,2623818.3466484793,7460000.0,4836181.653351521,3372.2525603314966,0.0,167,0
A1,Alta demanda con flota de motos,,184,12,1.1027264084258093,0.5546247079025713,2933342.5948893223,7970000.0,5036657.405110678,4021.517864048151,0.0,184,0
A1,Alta demanda con flota de motos,,179,36,1.504914887422223,0.9459764763533973,2863406.6972712264,8170000.0,5306593.302728774,3874.8186892152376,0.0,179,0
A1,Alta demanda con flota de motos,,189,34,1.2928957812753685,0.7741977093735918,2920672.3202893087,8370000.0,5449327.679710692,3994.9403996552855,0.0,189,0
A1,Alta demanda con flota de motos,,182,44,1.4736153344810572,0.90310965600983,2971093.29900474,7810000.0,4838906.70099526,4100.704624091409,0.0,182,0
A1,Alta demanda con flota de motos,,183,8,1.1141593249711963,0.5875236325821673,2871445.3036613697,8390000.0,5518554.69633863,3891.680658023884,0.0,183,0
A1,Alta demanda con flota de motos,,184,36,0.9290105548520031,0.4026952009548837,2875707.2429375323,7820000.0,4944292.757062468,3900.620601547807,0.0,184,0
A1,Alta demanda con flota de motos,,186,32,1.304383094412853,0.7924665398200564,2830307.636322018,8280000.0,5449692.363677982,3805.3893246919124,0.0,186,0
A1,Alta demanda con flota de motos,,174,15,0.9797060680976502,0.41191832326551886,2789851.9243954862,7720000.0,4930148.075604513,3720.5284769866457,0.0,174,0
A1,Alta demanda con flota de motos,,176,16,1.4653782719892143,0.893545330117618,2916105.5179072763,8030000.0,5113894.482092723,3985.360968148912,0.0,176,0
A1,Alta demanda con flota de motos,,178,32,1.616903375821847,1.0524564581785922,2880041.619908355,8190000.0,5309958.380091645,3909.7124920745764,0.0,178,0
A1,Alta demanda con flota de motos,,172,21,1.6765662973187603,1.1033325515643366,2830442.1615458596,8210000.0,5379557.83845414,3805.671507948351,0.0,172,0
A1,Alta demanda con flota de motos,,182,25,1.3666820873488912,0.8265413428496481,2905096.18234705,7710000.0,4804903.81765295,3962.2675283397457,0.0,182,0
A1,Alta demanda con flota de motos,,181,33,1.4178703895146207,0.8911423333314352,2813208.8744870247,8430000.0,5616791.125512975,3769.522561880691,0.0,181,0
A1,Alta demanda con flota de motos,,172,31,1.7152342577362965,1.1154835272789854,2903950.2950422433,7610000.0,4706049.704957757,3959.8638883237863,0.0,172,0
A1,Alta demanda con flota de motos,,172,33,1.7668269744777314,1.198915165430604,2860623.437252294,7360000.0,4499376.562747706,3868.9804578915764,0.0,172,0
A1,Alta demanda con flota de motos,,175,48,1.6527612173160582,1.0624958920762146,2897291.235578362,8000000.0,5102708.764421638,3945.895689418996,0.0,175,0
A1,Alta demanda con flota de motos,,181,63,1.306022839094582,0.7614088356625146,2881399.469906673,8430000.0,5548600.530093327,3912.5607499948114,0.0,181,0
A1,Alta demanda con flota de motos,,178,35,1.6400646561555812,1.0668261086276893,2902759.1496339394,8090000.0,5187240.850366061,3957.365313851224,0.0,178,0
A1,Alta demanda con flota de motos,,176,18,1.0691481003562116,0.5281085209514209,2807830.773301006,8180000.0,5372169.226698995,3758.2413310246134,0.0,176,0
A1,Alta demanda con flota de motos,,177,39,1.4800702867542057,0.9390776545270761,2839095.0439611957,8360000.0,5520904.956038805,3823.8219965170097,0.0,177,0
A1,Alta demanda con flota de motos,,195,29,1.1936411116652932,0.6871717450677197,2926152.688466917,8600000.0,5673847.311533083,4006.4361481452215,0.0,195,0
A1,Alta demanda con flota de motos,,160,39,1.5762699750279476,0.9836641135896766,2770289.0974595873,7300000.0,4529710.902540413,3679.4930335786403,0.0,160,0
A1,Alta demanda con flota de motos,,177,35,1.4131747808006874,0.8486128465775125,2847990.092164578,7860000.0,5012009.907835422,3842.480457707578,0.0,177,0
A1,Alta demanda con flota de motos,,177,61,2.749613426569328,2.1756235350316637,2909756.1392150223,8110000.0,5200243.860784978,3972.0423628749604,0.0,177,0
A1,Alta demanda con flota de motos,,173,29,1.6994867828357405,1.133884166340449,2836204.7807893166,7790000.0,4953795.219210683,3817.7593128766225,0.0,173,0
A1,Alta demanda con flota de motos,,185,12,0.7995310907519123,0.27411102967233875,2861850.8156778766,8650000.0,5788149.184322123,3871.555035588772,0.0,185,0
A1,Alta demanda con flota de motos,,180,34,0.886796349717658,0.3739102624964223,2786107.602283165,8050000.0,5263892.397716835,3712.6742993340486,0.0,180,0
A1,Alta demanda con flota de motos,,172,47,1.8133332294954398,1.2490696407905313,2845358.0796333714,7310000.0,4464641.920366628,3836.959486652254,0.0,172,0
A1,Alta demanda con flota de motos,,181,15,1.0722825853969444,0.5355190242296254,2823532.6446891357,8380000.0,5556467.355310865,3791.1779437574605,0.0,181,0
A1,Alta demanda con flota de motos,,176,57,2.0003889690333354,1.4262798221601316,2914087.7081451076,7830000.0,4915912.291854892,3981.1283631897813,0.0,176,0
A1,Alta demanda con flota de motos,,180,44,2.038290774347033,1.4794927656785104,2880503.653308471,7600000.0,4719496.346691528,3910.681664142869,0.0,180,0
A1,Alta demanda con flota de motos,,177,33,1.574474854070733,1.0061211366056537,2878770.246299779,8210000.0,5331229.753700221,3907.045629052369,0.0,177,0
A1,Alta demanda con flota de motos,,169,57,1.8938583757917076,1.311447351458814,2850331.1500440855,8070000.0,5219668.849955915,3847.3911154792936,0.0,169,0
A1,Alta demanda con flota de motos,,172,28,1.448486270632763,0.8559479325947984,2893397.813996713,7760000.0,4866602.186003286,3937.728757231704,0.0,172,0
A1,Alta demanda con flota de motos,,168,39,1.8310506770386623,1.2319961238665438,2908329.974685327,7890000.0,4981670.025314673,3969.0508067956343,0.0,168,0
A1,Alta demanda con flota de motos,,170,14,1.1541172566088789,0.5518292428876482,2919984.315848085,8200000.0,5280015.684151915,3993.497225445101,0.0,170,0
A1,Alta demanda con flota de motos,,193,49,2.195969924730697,1.6684204148229327,2963769.8510389016,8240000.0,5276230.148961099,4085.3427883230747,0.0,193,0
A1,Alta demanda con flota de motos,,175,44,1.1958345626305502,0.6234379116677248,2912473.242999578,7950000.0,5037526.757000422,3977.741823333821,0.0,175,0
A1,Alta demanda con flota de motos,,177,16,1.2701692297382254,0.7236163291981061,2804899.7812121864,7960000.0,5155100.218787814,3752.0932134552936,0.0,177,0
A1,Alta demanda con flota de motos,,168,5,1.0781897554782485,0.4925105597530959,2823299.1023795977,7940000.0,5116700.897620402,3790.688059945787,0.0,168,0
A1,Alta demanda con flota de motos,,183,36,1.638886507044963,1.0942368107446894,2926710.2651063036,8340000.0,5413289.734893696,4007.605733947224,0.0,183,0
A1,Alta demanda con flota de motos,,170,24,1.145008453062996,0.5562245254883416,2835439.1547892853,7500000.0,4664560.845210714,3816.153317868902,0.0,170,0
A1,Alta demanda con flota de motos,,188,19,1.0683779293937754,0.532915174311168,2892161.139687658,8590000.0,5697838.860312343,3935.134680271876,0.0,188,0
A1,Alta demanda con flota de motos,,182,26,1.423631220117961,0.8774902495108291,2840108.123303911,8410000.0,5569891.876696089,3825.947055444937,0.0,182,0
A1,Alta demanda con flota de motos,,189,19,1.31610911304894,0.7930949180269941,2900823.3926060963,8820000.0,5919176.607393904,3953.304824627053,0.0,189,0
A1,Alta demanda con flota de motos,,186,43,1.4949099266813084,0.9559802111831066,2850982.5079354397,7380000.0,4529017.49206456,3848.757419029212,0.0,186,0
A1,Alta demanda con flota de motos,,181,36,1.2134501156163096,0.6780066068572392,2860480.556291905,7580000.0,4719519.443708095,3868.6807474466896,0.0,181,0
A1,Alta demanda con flota de motos,,172,27,1.392024274650647,0.8345800207865988,2824531.13414268,7410000.0,4585468.86585732,3793.2723985925722,0.0,172,0
A1,Alta demanda con flota de motos,,183,32,1.6459513421047334,1.0934182794292127,2943229.280805933,8540000.0,5596770.719194068,4042.256407703088,0.0,183,0
A1,Alta demanda con flota de motos,,187,25,1.339839101466322,0.8150183033043639,2938196.643891339,8010000.0,5071803.356108661,4031.6998307840813,0.0,187,0
A1,Alta demanda con flota de motos,,182,40,1.705531618245763,1.1612191984571674,2880967.7539672027,8360000.0,5479032.246032797,3911.655172541185,0.0,182,0
A1,Alta demanda con flota de motos,,175,19,0.9123765715447543,0.3798879247255934,2731973.260025016,7800000.0,5068026.739974984,3599.120836665141,0.0,175,0
A1,Alta demanda con flota de motos,,170,39,1.172225500593976,0.6455766346630585,2700004.159690334,7600000.0,4899995.8403096665,3532.061703959665,0.0,170,0
A1,Alta demanda con flota de motos,,190,27,1.6905675631307484,1.1637695970770126,2903979.0929580396,8000000.0,5096020.90704196,3959.924295505625,0.0,190,0
A1,Alta demanda con flota de motos,,179,18,1.2631987808256553,0.7119520937448819,2865434.7977778283,7970000.0,5104565.202222172,3879.072880280629,0.0,179,0
A1,Alta demanda con flota de motos,,184,29,1.2390926852505841,0.691852942935191,2940360.9474421097,8670000.0,5729639.05255789,4036.2397245410802,0.0,184,0
A1,Alta demanda con flota de motos,,182,6,1.0159441771644668,0.468599294994817,2877443.052135618,8110000.0,5232556.947864382,3904.2616755269755,0.0,182,0
A1,Alta demanda con flota de motos,,166,25,1.3789422466103336,0.7814955205310844,2859048.3867599475,7030000.0,4170951.6132400525,3865.6765951341467,0.0,166,0
A1,Alta demanda con flota de motos,,177,39,1.429547931521798,0.8673325334359266,2845637.4133590767,8060000.0,5214362.586640923,3837.5454236096543,0.0,177,0
A1,Alta demanda con flota de motos,,191,21,1.415520244845133,0.8992282279193343,2867048.847013982,8830000.0,5962951.152986018,3882.458547715356,0.0,191,0
A1,Alta demanda con flota de motos,,172,43,1.7973471229765499,1.2321805250615774,2855561.093363304,7760000.0,4904438.906636696,3858.3615669281535,0.0,172,0
A1,Alta demanda con flota de motos,,162,39,1.885958410580374,1.2673219120069041,2888877.3838121467,7760000.0,4871122.616187854,3928.246597131504,0.0,162,0
A1,Alta demanda con flota de motos,,187,29,1.4360307828741607,0.9111689220195345,2905023.3009077776,8960000.0,6054976.699092222,3962.114650527831,0.0,187,0
A1,Alta demanda con flota de motos,,179,32,1.0581988206455337,0.5106208886381746,2889177.8389008814,7970000.0,5080822.161099119,3928.876838754095,0.0,179,0
A1,Alta demanda con flota de motos,,183,2,1.1902810964278099,0.634547111839644,2891244.267502376,7790000.0,4898755.732497624,3933.2114277279184,0.0,183,0
A1,Alta demanda con flota de motos,,185,33,1.3368988312883114,0.7841058100345542,2871922.878296745,7750000.0,4878077.121703255,3892.6824297508088,0.0,185,0
A1,Alta demanda con flota de motos,,181,34,1.4272489859958235,0.8730799509320373,2848752.258076526,7980000.0,5131247.741923474,3844.079194753596,0.0,181,0
A1,Alta demanda con flota de motos,,169,14,1.4007296978693577,0.8136537561173163,2883404.470985807,7170000.0,4286595.5290141925,3916.766487160787,0.0,169,0
A1,Alta demanda con flota de motos,,181,29,1.1315334354080457,0.5804378360359821,2871406.5415931595,8630000.0,5758593.45840684,3891.599349802859,0.0,181,0
A1,Alta demanda con flota de motos,,184,18,1.4940545278413793,0.9397427014079944,2928185.8963661813,8470000.0,5541814.103633819,4010.701052596937,0.0,184,0
A1,Alta demanda con flota de motos,,183,40,1.8702229357520077,1.3104146851719896,2905606.2685497687,8190000.0,5284393.731450232,3963.3374970908585,0.0,183,0
A1,Alta demanda con flota de motos,,192,7,1.267891881240744,0.7442478603243159,2895854.7456051954,9210000.0,6314145.254394805,3942.882474447913,0.0,192,0
A1,Alta demanda con flota de motos,,192,36,1.6957841155464337,1.167763135252065,2975948.4922430324,8560000.0,5584051.507756967,4110.888991004108,0.0,192,0
A1,Alta demanda con flota de motos,,183,22,1.1906134633961618,0.6513123909361247,2878333.121482516,7940000.0,5061666.878517484,3906.1287058101457,0.0,183,0
A1,Alta demanda con flota de motos,,180,35,1.2293192455157904,0.6578850742877167,2957559.6672104415,8450000.0,5492440.332789559,4072.316161451557,0.0,180,0
A1,Alta demanda con flota de motos,,176,23,1.1524030331751152,0.6084165393081583,2750120.550182525,7330000.0,4579879.449817475,3637.1870170135717,0.0,176,0
A1,Alta demanda con flota de motos,,182,28,1.3058542702714757,0.7510460019887424,2941395.7964452496,7860000.0,4918604.20355475,4038.410448017971,0.0,182,0
A1,Alta demanda con flota de motos,,183,37,1.195098975049769,0.6589156116523152,2882753.874083989,8790000.0,5907246.125916012,3915.401779880319,0.0,183,0
A1,Alta demanda con flota de motos,,186,15,1.0983717610224653,0.5724412909374333,2849944.8019175725,7930000.0,5080055.1980824275,3846.580702611395,0.0,186,0
A1,Alta demanda con flota de motos,,176,11,0.8821588627817474,0.30951363126414955,2939131.198480644,7530000.0,4590868.801519357,4033.660174352364,0.0,176,0
A1,Alta demanda con flota de motos,,179,45,1.4020205981213592,0.8501569331568406,2926892.0858277963,9020000.0,6093107.914172204,4007.987125345899,0.0,179,0
A1,Alta demanda con flota de motos,,173,43,1.8547087760924008,1.2829971510756217,2906467.867751456,7540000.0,4633532.132248544,3965.14480773145,0.0,173,0
A1,Alta demanda con flota de motos,,178,55,1.9647421124050284,1.3932826120523538,2859502.821191862,8140000.0,5280497.178808138,3866.6298274289825,0.0,178,0
A1,Alta demanda con flota de motos,,182,40,1.6012617251373855,1.038250913754927,2957003.516544334,8210000.0,5252996.483455665,4071.1495668044563,0.0,182,0
A1,Alta demanda con flota de motos,,175,1,0.6617170830376965,0.16630432269091122,2681390.762981944,8450000.0,5768609.237018056,3493.01780760661,0.0,175,0
A1,Alta demanda con flota de motos,,177,35,1.5407760247374624,0.9604088759898214,2936348.743837467,7760000.0,4823651.256162534,4027.823632403717,0.0,177,0
A1,Alta demanda con flota de motos,,179,27,1.70444038249832,1.1523656489299232,2856304.854343553,8370000.0,5513695.145656447,3859.9216973589105,0.0,179,0
A1,Alta demanda con flota de motos,,168,21,1.3421840298599617,0.7837554640764894,2786669.758906499,8040000.0,5253330.241093501,3713.8534922175204,0.0,168,0
A1,Alta demanda con flota de motos,,183,22,0.9909672662133063,0.4540423770621542,2872610.2415592163,7890000.0,5017389.758440783,3894.124259009447,0.0,183,0
A1,Alta demanda con flota de motos,,176,15,0.9560327139410297,0.3886771547930104,2955804.4674801836,7830000.0,4874195.532519816,4068.634413438502,0.0,176,0
A1,Alta demanda con flota de motos,,180,16,1.1470350666229356,0.5722836560629898,2893853.808234641,8150000.0,5256146.191765359,3938.6852614121112,0.0,180,0
A1,Alta demanda con flota de motos,,171,33,1.2844553562639889,0.7221265686059447,2815513.394215365,7880000.0,5064486.605784635,3774.356576371788,0.0,171,0
A1,Alta demanda con flota de motos,,181,44,1.798400446676297,1.262360362432768,2894261.1802591933,7930000.0,5035738.819740807,3939.5397745003456,0.0,181,0
A1,Alta demanda con flota de motos,,182,41,1.4674174642064468,0.9098733572155149,2920087.826390456,8210000.0,5289912.173609544,3993.7143515801636,0.0,182,0
A1,Alta demanda con flota de motos,,170,43,1.5650364547129774,0.991533274665119,2885847.263706797,7500000.0,4614152.736293203,3921.8905463158408,0.0,170,0
A1,Alta demanda con flota de motos,,180,21,1.3858390404677237,0.838941975157588,2790876.0480225114,8500000.0,5709123.951977489,3722.6767026637053,0.0,180,0
A1,Alta demanda con flota de motos,,174,11,0.7493888447813195,0.17471802562762195,2890659.7463422823,8020000.0,5129340.253657717,3931.98532246899,0.0,174,0
A1,Alta demanda con flota de motos,,177,37,1.631018071906287,1.0636464419893426,2935314.3308630683,7960000.0,5024685.669136932,4025.6538235509092,0.0,177,0
A1,Alta demanda con flota de motos,,177,31,1.5502835247775182,0.9741429480721849,2883708.140247688,7910000.0,5026291.859752312,3917.403470908151,0.0,177,0
A1,Alta demanda con flota de motos,,177,13,0.9304217289954261,0.36634537709231013,2869749.9853542657,8510000.0,5640250.014645735,3888.1245186848346,0.0,177,0
A1,Alta demanda con flota de motos,,173,39,1.4586351021574648,0.8821426035429499,2873800.519034544,7240000.0,4366199.480965456,3896.621012885489,0.0,173,0
A1,Alta demanda con flota de motos,,173,15,0.7337415445541244,0.20942580242824343,2764001.145057236,7740000.0,4975998.854942764,3666.303277527309,0.0,173,0
A1,Alta demanda con flota de motos,,177,34,1.386363759828252,0.8123641502799465,2909839.461860475,7510000.0,4600160.538139525,3972.217142405206,0.0,177,0
A1,Alta demanda con flota de motos,,184,21,1.3987619274768286,0.8526956035497169,2853354.7272694907,8120000.0,5266645.272730509,3853.733441796919,0.0,184,0
A1,Alta demanda con flota de motos,,185,19,1.164868639677642,0.6166893389650013,2912322.5551745426,8450000.0,5537677.444825457,3977.425737027032,0.0,185,0
A1,Alta demanda con flota de motos,,173,68,2.5649396482833495,1.9812107814384976,2940690.5775379017,7490000.0,4549309.422462098,4036.931164340938,0.0,173,0
A1,Alta demanda con flota de motos,,171,22,1.217334317984981,0.6384286368821983,2835524.829094296,7280000.0,4444475.170905704,3816.333030295245,0.0,171,0
A1,Alta demanda con flota de motos,,176,16,0.9541820812254794,0.3771270804502869,2897971.5340359486,7880000.0,4982028.465964051,3947.322699377647,0.0,176,0
A1,Alta demanda con flota de motos,,184,43,2.013002311505624,1.4643128179513365,2876824.7254262394,8170000.0,5293175.27457376,3902.96465895705,0.0,184,0
A1,Alta demanda con flota de motos,,181,58,2.243886265293622,1.6819169788042925,2920307.4891833835,7930000.0,5009692.510816617,3994.175121393116,0.0,181,0
A1,Alta demanda con flota de motos,,174,31,1.1965852093183538,0.638570348699631,2779343.2781064636,8370000.0,5590656.721893536,3698.485294705218,0.0,174,0
A1,Alta demanda con flota de motos,,186,13,1.1515710806088109,0.6050414394907204,2894975.5034824098,8080000.0,5185024.49651759,3941.03815560331,0.0,186,0
A1,Alta demanda con flota de motos,,179,35,1.607395992849048,1.061137088183209,2889942.1876592087,7970000.0,5080057.812340791,3930.4801545897376,0.0,179,0
A1,Alta demanda con flota de motos,,178,18,1.2290855249804948,0.6844699161379438,2820479.2165573896,7940000.0,5119520.783442611,3784.7730014803897,0.0,178,0
A1,Alta demanda con flota de motos,,174,14,0.8270302304543746,0.25845132408579335,2852224.123006624,8320000.0,5467775.876993376,3851.3618598472517,0.0,174,0
A1,Alta demanda con flota de motos,,180,41,1.2272735405444464,0.7101974708176217,2796461.76378988,8100000.0,5303538.23621012,3734.393430722288,0.0,180,0
A1,Alta demanda con flota de motos,,179,37,1.4015291694612637,0.8404068714385866,2883697.474760464,8520000.0,5636302.525239537,3917.381098732658,0.0,179,0
A1,Alta demanda con flota de motos,,176,25,1.301186911643612,0.727557174776527,2860537.954029249,7930000.0,5069462.045970751,3868.801146283233,0.0,176,0
A1,Alta demanda con flota de motos,,181,34,1.39375638773079,0.8361725657002386,2875879.3349872427,8180000.0,5304120.665012757,3900.981585856982,0.0,181,0
A1,Alta demanda con flota de motos,,176,27,1.16151667592984,0.6190400212392584,2785720.699097932,7930000.0,5144279.300902069,3711.8627221619927,0.0,176,0
A1,Alta demanda con flota de motos,,169,28,2.058664581626264,1.4614414901542918,2907397.2232884723,7670000.0,4762602.776711527,3967.0942456460234,0.0,169,0
A1,Alta demanda con flota de motos,,183,45,1.8392896845980697,1.300987331367911,2885859.132445416,8140000.0,5254140.8675545845,3921.9154424596127,0.0,183,0
A1,Alta demanda con flota de motos,,179,42,1.631376087278368,1.081579723162725,2888913.3047724655,8220000.0,5331086.6952275345,3928.321945778161,0.0,179,0
A1,Alta demanda con flota de motos,,180,28,1.2946292931823022,0.7562758691044997,2832298.0365126906,7900000.0,5067701.963487309,3809.5644346926897,0.0,180,0
A1,Alta demanda con flota de motos,,182,50,1.470432422756748,0.926607264210192,2894012.1069636266,8110000.0,5215987.893036373,3939.01731252907,0.0,182,0
A1,Alta demanda con flota de motos,,173,28,1.1458834768554627,0.5769822574836856,2830635.6322911074,7790000.0,4959364.367708893,3806.077336709381,0.0,173,0
A1,Alta demanda con flota de motos,,178,15,0.9879086946891948,0.430344359229426,2924006.0164373247,7640000.0,4715993.983562675,4001.9332386795018,0.0,178,0
A1,Alta demanda con flota de motos,,189,24,0.7950779296498925,0.2760202687715172,2857772.901359906,8670000.0,5812227.098640094,3863.001107121982,0.0,189,0
A1,Alta demanda con flota de motos,,182,13,0.9620499155438627,0.41537220264729735,2875440.8978226674,8210000.0,5334559.102177333,3900.061909804344,0.0,182,0
A1,Alta demanda con flota de motos,,180,21,1.251347554456483,0.685431826017418,2960861.8988696975,7550000.0,4589138.101130303,4079.2429998281095,0.0,180,0
A1,Alta demanda con flota de motos,,178,65,1.8598350290463992,1.308652753907787,2857037.868397755,8140000.0,5282962.131602244,3861.459284786172,0.0,178,0
A1,Alta demanda con flota de motos,,183,38,1.1137796710058931,0.5913369048827396,2819402.8297899747,7790000.0,4970597.170210025,3782.5151474174722,0.0,183,0
A1,Alta demanda con flota de motos,,175,36,1.3953629259225708,0.8311765512513855,2816172.7940719286,8050000.0,5233827.205928071,3775.7397489360533,0.0,175,0
A1,Alta demanda con flota de motos,,171,45,1.8990802464317902,1.306539813691179,2944291.9191691517,7530000.0,4585708.080830848,4044.4854227917417,0.0,171,0
A1,Alta demanda con flota de motos,,185,47,1.9159244591499434,1.3904888555635624,2835329.6653216793,8100000.0,5264670.33467832,3815.9236502003996,0.0,185,0
A1,Alta demanda con flota de motos,,180,31,1.4693878565250442,0.9049824167647803,2972871.20014311,8600000.0,5627128.79985689,4104.433991109154,0.0,180,0
A1,Alta demanda con flota de motos,,174,21,1.2052212924834882,0.6539655152543155,2871997.922795547,7620000.0,4748002.077204453,3892.8398448469843,0.0,174,0
A1,Alta demanda con flota de motos,,172,28,1.171868913167026,0.5925297896569237,2899732.276538707,7660000.0,4760267.723461293,3951.016074039942,0.0,172,0
A1,Alta demanda con flota de motos,,191,2,0.7027737302301533,0.18756009175246868,2867492.8280795477,8180000.0,5312507.171920452,3883.3898527844017,0.0,191,0
A1,Alta demanda con flota de motos,,177,24,1.056260726515774,0.4935822887904205,2911453.243948087,7860000.0,4948546.756051913,3975.6022494628896,0.0,177,0
A1,Alta demanda con flota de motos,,175,47,1.5257715631356399,0.9603263309634855,2821086.831497747,7750000.0,4928913.168502253,3786.047548793039,0.0,175,0
A1,Alta demanda con flota de motos,,175,25,1.2149804131106734,0.6516252522570987,2866584.2779307216,8250000.0,5383415.722069278,3881.484056738781,0.0,175,0
A1,Alta demanda con flota de motos,,180,32,1.6859548319175783,1.1439132143362984,2839788.6755605093,8000000.0,5160211.32443949,3825.276974385639,0.0,180,0
A1,Alta demanda con flota de motos,,184,13,1.0496208413289172,0.5055073417701027,2910499.0188754788,8420000.0,5509500.981124521,3973.6006446286847,0.0,184,0
A1,Alta demanda con flota de motos,,178,46,1.7776381403961947,1.2110534022764041,2921752.1768180905,7740000.0,4818247.8231819095,3997.2055319708143,0.0,178,0
A1,Alta demanda con flota de motos,,171,35,1.4535879014581503,0.8704235405518445,2899001.9557156726,8030000.0,5130998.044284327,3949.484135997372,0.0,171,0
A1,Alta demanda con flota de motos,,180,32,1.4884312910991246,0.9394277545845179,2885230.7144233687,8150000.0,5264769.285576631,3920.597258116179,0.0,180,0
A1,Alta demanda con flota de motos,,187,29,1.3570579753312182,0.8255819036457006,2860524.2996928557,8810000.0,5949475.700307144,3868.772504627803,0.0,187,0
A1,Alta demanda con flota de motos,,188,23,1.084961319322374,0.547432029371661,2932513.0282180286,8640000.0,5707486.971781971,4019.777745592653,0.0,188,0
A1,Alta demanda con flota de motos,,187,13,0.8330860437869606,0.32023356428774485,2863948.8741346244,8910000.0,6046051.125865376,3875.955972086881,0.0,187,0
A1,Alta demanda con flota de motos,,179,40,1.4724962720194588,0.9045198066860002,2889262.046387008,8170000.0,5280737.953612993,3929.0534743468315,0.0,179,0
A1,Alta demanda con flota de motos,,177,16,0.8587029067307337,0.3073495950119579,2841699.0510433316,8010000.0,5168300.948956668,3829.284222687239,0.0,177,0
A1,Alta demanda con flota de motos,,179,23,1.037165032951098,0.48870120359039115,2906897.007348235,8370000.0,5463102.992651764,3966.044980988386,0.0,179,0
A1,Alta demanda con flota de motos,,181,23,1.301133951818514,0.7475013616207729,2904063.7495953427,8230000.0,5325936.250404658,3960.1018732483735,0.0,181,0
A1,Alta demanda con flota de motos,,165,7,0.8241694215474233,0.28702896530782324,2674403.2095432794,7650000.0,4975596.790456721,3478.3605520559527,0.0,165,0
A1,Alta demanda con flota de motos,,186,38,1.9773452438094248,1.4425282367688137,2896467.7173668034,8230000.0,5333532.282633197,3944.1682583541215,0.0,186,0
A1,Alta demanda con flota de motos,,179,11,0.667303213693167,0.1438525364554109,2768845.655599472,7970000.0,5201154.344400528,3676.4652361668623,0.0,179,0
A1,Alta demanda con flota de motos,,181,12,1.3037564322594777,0.7293707937614163,2947663.0118450546,8580000.0,5632336.988154946,4051.5567056476575,0.0,181,0
A1,Alta demanda con flota de motos,,186,47,2.4287223238020474,1.8849043809697559,2936187.833311773,8680000.0,5743812.166688227,4027.4861027208913,0.0,186,0
A1,Alta demanda con flota de motos,,185,17,1.2062915470070574,0.6713065974835386,2854586.031144756,8650000.0,5795413.968855244,3856.3162536091963,0.0,185,0
A1,Alta demanda con flota de motos,,178,77,2.0564754228386235,1.4843322206738485,2907354.0021137744,7840000.0,4932645.997886226,3967.003583898916,0.0,178,0
A1,Alta demanda con flota de motos,,177,15,0.9887593506694932,0.4168990199474651,2942360.823952079,8210000.0,5267639.176047921,4040.434712290884,0.0,177,0
A1,Alta demanda con flota de motos,,179,28,1.0656654866056228,0.500945842328033,2922998.22540415,7820000.0,4897001.77459585,3999.8192726333623,0.0,179,0
A1,Alta demanda con flota de motos,,181,25,1.5437548515204351,0.9861254888943706,2875883.069498116,8030000.0,5154116.930501884,3900.9894194543567,0.0,181,0
A1,Alta demanda con flota de motos,,181,30,1.346082327569073,0.7893066366014325,2938693.5253238543,8230000.0,5291306.474676145,4032.742100900319,0.0,181,0
A1,Alta demanda con flota de motos,,174,25,1.270017957662207,0.6978579326273784,2904307.095353406,7570000.0,4665692.904646594,3960.612321003002,0.0,174,0
A1,Alta demanda con flota de motos,,180,6,0.8639235285542518,0.3384605543560789,2758896.8558113594,8500000.0,5741103.144188641,3655.5964010020716,0.0,180,0
A1,Alta demanda con flota de motos,,174,16,1.3201900287522481,0.7276144723369614,2927910.1282442966,7620000.0,4692089.871755703,4010.1225949335067,0.0,174,0
A1,Alta demanda con flota de motos,,179,27,1.2492651346578463,0.7006686178087873,2889599.9921959382,8320000.0,5430400.007804062,3929.7623573811024,0.0,179,0
A1,Alta demanda con flota de motos,,163,9,1.0167501687463332,0.4304357855973476,2754744.1093686274,6890000.0,4135255.8906313726,3646.8855029198526,0.0,163,0
A1,Alta demanda con flota de motos,,181,22,1.827715032208531,1.2720031225538795,2890717.055402203,7780000.0,4889282.9445977975,3932.1055352936874,0.0,181,0
A1,Alta demanda con flota de motos,,192,35,1.4763006544418247,0.960818403147392,2927190.99189482,8710000.0,5782809.00810518,4008.6141177043105,0.0,192,0
A1,Alta demanda con flota de motos,,175,6,0.8521858962563906,0.2762018903017711,2905180.8162771817,7500000.0,4594819.183722818,3962.445058451405,0.0,175,0
A1,Alta demanda con flota de motos,,184,29,1.2921650817163517,0.7429536071649111,2916443.2092873766,8520000.0,5603556.790712623,3986.069317487321,0.0,184,0
A1,Alta demanda con flota de motos,,188,19,1.0337709631221168,0.5206386558043582,2915698.433474948,8340000.0,5424301.566525051,3984.50705832086,0.0,188,0
A1,Alta demanda con flota de motos,,183,22,1.0178787345176104,0.48763278056026804,2823652.567870674,8340000.0,5516347.432129325,3791.4294974283757,0.0,183,0
A1,Alta demanda con flota de motos,,174,21,0.8098683229104476,0.25805092904723,2796979.0319437874,7870000.0,5073020.968056213,3735.478464502218,0.0,174,0
A1,Alta demanda con flota de motos,,180,26,1.1449880732823414,0.596871351118462,2858075.3144873194,8100000.0,5241924.685512681,3863.6354559723027,0.0,180,0
A1,Alta demanda con flota de motos,,177,42,1.837001065404376,1.2718262126985085,2876982.553546116,8360000.0,5483017.446453884,3903.295722913331,0.0,177,0
A1,Alta demanda con flota de motos,,184,43,1.4425067401708023,0.897455788905849,2879360.3765792483,8420000.0,5540639.623420752,3908.28350013132,0.0,184,0
A1,Alta demanda con flota de motos,,170,37,1.4980653556166748,0.9028141025652541,2885874.241246292,7700000.0,4814125.758753708,3921.9471350337653,0.0,170,0
A1,Alta demanda con flota de motos,,184,52,1.7602318806505215,1.211024502312027,2896829.6496033543,8470000.0,5573170.350396646,3944.927455880078,0.0,184,0
A1,Alta demanda con flota de motos,,179,32,1.4242342292176446,0.8668620008801341,2883591.898712124,7970000.0,5086408.101287875,3917.1596399439513,0.0,179,0
A1,Alta demanda con flota de motos,,181,20,1.0907437237498723,0.5404050059573615,2879352.896211794,8280000.0,5400647.103788206,3908.267809137565,0.0,181,0
A1,Alta demanda con flota de motos,,184,11,1.35436895523311,0.8027219614705665,2947893.306679983,8620000.0,5672106.693320017,4052.0397774806233,0.0,184,0
A1,Alta demanda con flota de motos,,173,44,1.463811159117048,0.8690442520987759,2948648.939074043,8090000.0,5141351.060925957,4053.6248096666873,0.0,173,0
A1,Alta demanda con flota de motos,,172,26,1.015152590938522,0.4540097603719422,2773033.0151494024,7910000.0,5136966.984850598,3685.248739512428,0.0,172,0
A1,Alta demanda con flota de motos,,181,40,1.308680350372653,0.7785276500340904,2853898.7794977734,8080000.0,5226101.220502227,3854.874658477815,0.0,181,0
A1,Alta demanda con flota de motos,,177,12,0.8802988459402934,0.31755526731709766,2902252.715402059,8010000.0,5107747.284597941,3956.303005559566,0.0,177,0
A1,Alta demanda con flota de motos,,184,34,1.6738440212686228,1.1454687174409945,2863357.678199941,8120000.0,5256642.321800059,3874.7158656646243,0.0,184,0
A1,Alta demanda con flota de motos,,163,26,1.3824562596233563,0.8168074336799034,2747571.437388662,7140000.0,4392428.562611338,3631.8399383865494,0.0,163,0
A1,Alta demanda con flota de motos,,170,12,1.2390795885779238,0.648212321258863,2889803.84961683,7700000.0,4810196.150383171,3930.1899734759413,0.0,170,0
A1,Alta demanda con flota de motos,,176,20,0.8585666842928237,0.29290687710104185,2882560.823429469,7730000.0,4847439.176570531,3914.996832311426,0.0,176,0
A1,Alta demanda con flota de motos,,181,33,1.2727400424153665,0.7360691986223605,2878744.1383317425,7730000.0,4851255.861668257,3906.9908643678746,0.0,181,0
A1,Alta demanda con flota de motos,,179,21,1.358424546059468,0.7957930552855437,2883669.1176522784,8570000.0,5686330.882347722,3917.321616199182,0.0,179,0
A1,Alta demanda con flota de motos,,179,49,1.69121050986534,1.125582101873178,2952266.058104458,7970000.0,5017733.941895543,4061.212163159049,0.0,179,0
A1,Alta demanda con flota de motos,,173,17,1.2218155677546385,0.6375668200507628,2861692.6404561917,8190000.0,5328307.359543808,3871.2232435436144,0.0,173,0
A1,Alta demanda con flota de motos,,183,14,1.0903353147352781,0.5477904315300165,2907765.311467021,8940000.0,6032234.688532979,3967.866356019925,0.0,183,0
A1,Alta demanda con flota de motos,,189,32,1.2743427487740329,0.7375125006003739,2900261.067479931,8420000.0,5519738.932520069,3952.1252782881,0.0,189,0
A1,Alta demanda con flota de motos,,181,47,1.2788443618267067,0.7319688197077381,2891712.8025449226,7930000.0,5038287.197455077,3934.1942377934615,0.0,181,0
A1,Alta demanda con flota de motos,,184,13,0.9258183646226008,0.3985911473203879,2790508.668743676,8670000.0,5879491.331256324,3721.906079294426,0.0,184,0
A1,Alta demanda con flota de motos,,166,45,1.104772459134012,0.5599733737437897,2725501.3083092934,7730000.0,5004498.691690707,3585.545119349848,0.0,166,0
A1,Alta demanda con flota de motos,,168,8,0.7650179138971841,0.22118569256555715,2697757.563097654,7690000.0,4992242.436902346,3527.3491903929066,0.0,168,0
A1,Alta demanda con flota de motos,,177,2,0.7204573567457726,0.20230053368829845,2815583.1906893672,7910000.0,5094416.809310633,3774.502983088383,0.0,177,0
A1,Alta demanda con flota de motos,,181,24,1.382413637053003,0.8352851990273775,2829152.61065313,7980000.0,5150847.38934687,3802.966515829682,0.0,181,0
A1,Alta demanda con flota de motos,,189,35,1.3990619684752612,0.8627534800701468,2920835.6022124616,7670000.0,4749164.397787538,3995.282903636895,0.0,189,0
A1,Alta demanda con flota de motos,,182,16,1.2413140996135992,0.6845218651987622,2887404.8412916022,8810000.0,5922595.158708397,3925.157757493674,0.0,182,0
A1,Alta demanda con flota de motos,,180,52,1.8439534463143339,1.2882367368462067,2871945.982895416,8100000.0,5228054.017104584,3892.730894497454,0.0,180,0
A1,Alta demanda con flota de motos,,189,35,1.3953410491013858,0.8766771407255755,2861563.5831338987,8570000.0,5708436.416866101,3870.9525298853746,0.0,189,0
A1,Alta demanda con flota de motos,,168,22,1.1424590267096306,0.5504326339193184,2873462.4848308903,7540000.0,4666537.51516911,3895.9119444323783,0.0,168,0
A1,Alta demanda con flota de motos,,188,17,1.1284200425504753,0.6003077815597877,2894693.6427923716,8490000.0,5595306.357207628,3940.4469180264064,0.0,188,0
A1,Alta demanda con flota de motos,,180,17,1.304278245331318,0.7309641783106957,2920964.9566442138,8300000.0,5379035.043355786,3995.5542405188908,0.0,180,0
A1,Alta demanda con flota de motos,,165,21,1.0680429468638413,0.4958987847235441,2796151.8486253796,7350000.0,4553848.15137462,3733.7433454234706,0.0,165,0
A1,Alta demanda con flota de motos,,177,33,1.0956616412122218,0.5632616361695055,2783370.0389555497,7160000.0,4376629.96104445,3706.931922459058,0.0,177,0
A1,Alta demanda con flota de motos,,183,10,0.8477910120859052,0.3265827502483594,2819696.1710225735,8540000.0,5720303.8289774265,3783.1304668490075,0.0,183,0
A1,Alta demanda con flota de motos,,175,28,1.4055296865760256,0.8140930360138126,2955622.9627153734,7300000.0,4344377.037284627,4068.2536847979545,0.0,175,0
A1,Alta demanda con flota de motos,,171,38,1.489018916055754,0.9022733596045625,2880175.708941302,7680000.0,4799824.291058699,3909.9937603667877,0.0,171,0
A1,Alta demanda con flota de motos,,183,11,1.4064457035945852,0.8517054688811021,2909517.541789731,8390000.0,5480482.458210269,3971.5418753342337,0.0,183,0
A1,Alta demanda con flota de motos,,180,36,1.864606340862423,1.3143439969537352,2882148.783550184,8050000.0,5167851.216449816,3914.13252782191,0.0,180,0
A1,Alta demanda con flota de motos,,181,24,1.427442712994336,0.8613274106542792,3007383.4232516387,7980000.0,4972616.576748362,4176.827637635544,0.0,181,0
A1,Alta demanda con flota de motos,,167,43,1.2415144824213917,0.6987988906679493,2737741.7097370615,7410000.0,4672258.2902629385,3611.2208717207236,0.0,167,0
A1,Alta demanda con flota de motos,,176,27,1.2646084870865848,0.7018690064460692,2834853.3132822784,7580000.0,4745146.686717722,3814.9244430193935,0.0,176,0
A1,Alta demanda con flota de motos,,177,37,1.385300440188133,0.838996101388357,2838989.9463011334,7760000.0,4921010.053698867,3823.6015412067404,0.0,177,0
A1,Alta demanda con flota de motos,,175,16,1.0203060958646166,0.46632467397358907,2848311.1294790264,8000000.0,5151688.870520974,3843.153873088296,0.0,175,0
A1,Alta demanda con flota de motos,,184,16,1.1331256807225212,0.5829009467076771,2884675.4942338043,8820000.0,5935324.505766196,3919.4326152584417,0.0,184,0
A1,Alta demanda con flota de motos,,176,47,2.1564276067919974,1.569541194262745,2975360.544521765,7580000.0,4604639.455478235,4109.655698110285,0.0,176,0
A1,Alta demanda con flota de motos,,179,49,1.8363668240499074,1.2676033984298145,2943510.8058487857,7720000.0,4776489.194151214,4042.8469412185977,0.0,179,0
A1,Alta demanda con flota de motos,,179,24,1.0333218159812372,0.47967105674328586,2951275.2382681905,7920000.0,4968724.761731809,4059.1337962925486,0.0,179,0
A1,Alta demanda con flota de motos,,183,36,1.5070358609625338,0.962232475529087,2851214.893136971,8340000.0,5488785.106863029,3849.2448756640642,0.0,183,0
A1,Alta demanda con flota de motos,,165,6,0.7356399563674014,0.1453407136480439,2806129.609538965,7000000.0,4193870.390461035,3754.6729301225528,0.0,165,0
A1,Alta demanda con flota de motos,,168,41,1.1848736021108675,0.634252378915749,2810634.0489411177,7490000.0,4679365.951058882,3764.1215475834815,0.0,168,0
A1,Alta demanda con flota de motos,,175,21,0.8591868294380534,0.32308321389906597,2770127.3567846785,7500000.0,4729872.643215321,3679.153762555398,0.0,175,0
A1,Alta demanda con flota de motos,,177,8,0.8468102666867381,0.313145641959998,2793139.213556998,8160000.0,5366860.7864430025,3727.4239716303905,0.0,177,0
A1,Alta demanda con flota de motos,,172,58,1.6847748992209715,1.0970626199366669,2873701.5627606534,7410000.0,4536298.437239347,3896.413439890529,0.0,172,0
A1,Alta demanda con flota de motos,,172,52,1.6190469358102955,1.0399102203940407,2882906.7346805767,7460000.0,4577093.265319424,3915.7224238435465,0.0,172,0
A1,Alta demanda con flota de motos,,184,14,1.0534763736695276,0.5119183293141215,2916919.161232227,8420000.0,5503080.838767773,3987.0676854206417,0.0,184,0
A1,Alta demanda con flota de motos,,181,36,1.6012694898580844,1.0330903473099944,2950562.4615882454,8680000.0,5729437.538411755,4057.6386592549275,0.0,181,0
A1,Alta demanda con flota de motos,,181,40,1.7018632573291668,1.1702354131748853,2873681.529810539,8230000.0,5356318.4701894615,3896.371418305741,0.0,181,0
A1,Alta demanda con flota de motos,,177,1,1.0903474548186782,0.5358400543078843,2894048.419048641,8110000.0,5215951.580951359,3939.093481608034,0.0,177,0
A1,Alta demanda con flota de motos,,174,34,1.5610045601909268,0.9862643184246888,2884276.1708462057,7970000.0,5085723.829153795,3918.5949851793735,0.0,174,0
A1,Alta demanda con flota de motos,,166,24,0.8592531158606423,0.2786137667938787,2797267.1463644765,7480000.0,4682732.8536355235,3736.0828200508276,0.0,166,0
A1,Alta demanda con flota de motos,,175,54,2.0959205177010594,1.5189298490745782,2898008.724399277,7850000.0,4951991.275600723,3947.400710753739,0.0,175,0
A1,Alta demanda con flota de motos,,183,34,1.2475823972255387,0.7017330660003994,2899259.9586568144,8190000.0,5290740.041343186,3950.025329002095,0.0,183,0
A1,Alta demanda con flota de motos,,176,11,0.7211658819039317,0.16814223985202612,2844219.19978133,8130000.0,5285780.80021867,3834.57054563314,0.0,176,0
A1,Alta demanda con flota de motos,,178,47,1.9832877907122677,1.414556542008722,2937487.9406397343,7940000.0,5002512.059360266,4030.2132382650316,0.0,178,0
A1,Alta demanda con flota de motos,,184,10,1.1814362107874883,0.6376687094448197,2871489.1260650987,8420000.0,5548510.873934901,3891.7725809230724,0.0,184,0
A1,Alta demanda con flota de motos,,170,14,0.8806070872748128,0.31276563399557517,2791033.0175522454,7300000.0,4508966.982447755,3723.0059656212234,0.0,170,0
A1,Alta demanda con flota de motos,,178,19,1.3582572045772359,0.8214406959619119,2818800.6695692395,8040000.0,5221199.330430761,3781.252042052308,0.0,178,0
A1,Alta demanda con flota de motos,,186,28,1.7311183784391786,1.1866517830932177,2933806.5053911977,7930000.0,4996193.494608803,4022.4909735690103,0.0,186,0
A1,Alta demanda con flota de motos,,176,21,1.592563695761458,1.0239190776218672,2873269.101374973,8530000.0,5656730.898625027,3895.5062987714823,0.0,176,0
A1,Alta demanda con flota de motos,,176,24,0.9413415183227788,0.3933919257683659,2797799.9905678527,7730000.0,4932200.009432147,3737.2005265164953,0.0,176,0
A1,Alta demanda con flota de motos,,184,20,0.8397814162274642,0.3103932316759841,2839546.1408763477,8470000.0,5630453.859123653,3824.7682279585943,0.0,184,0
A1,Alta demanda con flota de motos,,177,40,1.51676910477257,0.9502184418047368,2908845.1211807374,8060000.0,5151154.878819263,3970.1313901350786,0.0,177,0
A1,Alta demanda con flota de motos,,176,6,1.2779709108007566,0.7096531905529712,2839312.0509538413,7680000.0,4840687.949046159,3824.2771954611603,0.0,176,0
A1,Alta demanda con flota de motos,,165,47,1.5397913334248912,0.9133774832630879,2937091.581364839,7600000.0,4662908.418635162,4029.3818257781027,0.0,165,0
A1,Alta demanda con flota de motos,,178,45,1.7278687185507353,1.1519896347427452,2922551.4529215912,8140000.0,5217448.547078408,3998.8821122227396,0.0,178,0
A1,Alta demanda con flota de motos,,176,36,1.943753959375285,1.3834677300281852,2816553.3436697437,7780000.0,4963446.656330256,3776.5379986745124,0.0,176,0
A1,Alta demanda con flota de motos,,181,27,1.7060179477432744,1.1441813642834455,2871429.491173958,9030000.0,6158570.508826042,3891.647489380387,0.0,181,0
A1,Alta demanda con flota de motos,,182,29,1.1801399289550771,0.6363785042182069,2884299.726701088,7810000.0,4925700.273298912,3918.6443964916025,0.0,182,0
A1,Alta demanda con flota de motos,,180,33,1.3679370842343743,0.7967108481346451,2960243.263475785,8100000.0,5139756.736524215,4077.945335754289,0.0,180,0
A1,Alta demanda con flota de motos,,178,68,1.9000713082852265,1.3347549839150037,2888601.13786754,8240000.0,5351398.86213246,3927.66713717596,0.0,178,0
A1,Alta demanda con flota de motos,,178,55,1.3072415366861054,0.7483015620781212,2913802.2170074754,7840000.0,4926197.782992525,3980.529510301079,0.0,178,0
A1,Alta demanda con flota de motos,,168,26,1.1733125999121157,0.5904890159008288,2840259.5955490298,7790000.0,4949740.40445097,3826.264787169658,0.0,168,0
A1,Alta demanda con flota de motos,,170,36,1.2299853513611787,0.6863177123713309,2789444.202045051,7500000.0,4710555.797954949,3719.673229046643,0.0,170,0
A1,Alta demanda con flota de motos,,178,24,1.0775210090915626,0.5449172633497495,2805852.4992053783,7990000.0,5184147.500794621,3754.091657004464,0.0,178,0
A1,Alta demanda con flota de motos,,179,16,0.8894368975804171,0.34923780239227536,2813395.765062969,7820000.0,5006604.234937031,3769.9145879246616,0.0,179,0
A1,Alta demanda con flota de motos,,169,30,0.9870770370853997,0.40089983128147905,2821356.210135302,7770000.0,4948643.789864698,3786.6126037246695,0.0,169,0
A1,Alta demanda con flota de motos,,185,23,1.3193834970934408,0.7780198474810438,2888619.009934155,8100000.0,5211380.990065845,3927.7046260409716,0.0,185,0
A1,Alta demanda con flota de motos,,174,35,2.043233314356437,1.4632771640320077,2871311.955489094,7770000.0,4898688.044510907,3891.4009437783457,0.0,174,0
A1,Alta demanda con flota de motos,,166,32,1.3948973905204065,0.8098860222293227,2842202.9118256257,7180000.0,4337797.088174375,3830.3411328508396,0.0,166,0
A1,Alta demanda con flota de motos,,174,25,1.0871936345590636,0.5242313729592752,2848167.319680515,7370000.0,4521832.680319484,3842.8522142908346,0.0,174,0
A1,Alta demanda con flota de motos,,168,28,1.4935452650226266,0.890718715392189,2912321.8935910366,7040000.0,4127678.1064089634,3977.424349273998,0.0,168,0
A1,Alta demanda con flota de motos,,189,31,1.5997267349582291,1.0761548099613212,2841022.4950313554,8720000.0,5878977.504968645,3827.8650629700483,0.0,189,0
A1,Alta demanda con flota de motos,,183,19,1.4970779231105127,0.9508187168859412,2920999.442315363,8840000.0,5919000.557684638,3995.6265784694006,0.0,183,0
A1,Alta demanda con flota de motos,,174,54,1.9956283899463698,1.419485587992088,2853012.2683027317,8220000.0,5366987.731697269,3853.015091857216,0.0,174,0
A1,Alta demanda con flota de motos,,185,27,1.3784041134987923,0.8190641303060379,3005522.641763808,8650000.0,5644477.358236192,4172.92441885798,0.0,185,0
A1,Alta demanda con flota de motos,,174,47,1.4782304934040582,0.9022454928698168,2890248.894862065,7470000.0,4579751.105137935,3931.123510793156,0.0,174,0
A1,Alta demanda con flota de motos,,172,42,1.2460659494784925,0.6850853517803972,2831315.6300066416,7710000.0,4878684.369993359,3807.5037158244704,0.0,172,0
A1,Alta demanda con flota de motos,,178,21,0.9948595788095662,0.456018941094533,2817673.779257301,7940000.0,5122326.220742699,3778.888250572976,0.0,178,0
A1,Alta demanda con flota de motos,,173,4,0.9037131142884282,0.35480048294985694,2800571.1371883336,7940000.0,5139428.862811666,3743.0133484922108,0.0,173,0
A1,Alta demanda con flota de motos,,167,30,1.5080904926627796,0.9215942751412359,2851884.688450768,7660000.0,4808115.311549231,3850.649853982597,0.0,167,0
A1,Alta demanda con flota de motos,,189,12,0.9971767863366084,0.47714294195415763,2887897.6372913676,8920000.0,6032102.362708632,3926.1914579106074,0.0,189,0
A1,Alta demanda con flota de motos,,171,35,1.43805610965532,0.8645058787714363,2850917.570283352,7530000.0,4679082.4297166485,3848.621204291126,0.0,171,0
A1,Alta demanda con flota de motos,,168,26,1.465642037331474,0.8858880368440626,2857542.892840483,7540000.0,4682457.107159517,3862.5186358711203,0.0,168,0
A1,Alta demanda con flota de motos,,182,49,1.9161312564770492,1.3538717301215513,2956901.8490133677,8360000.0,5403098.150986632,4070.9363066132287,0.0,182,0
A1,Alta demanda con flota de motos,,183,26,1.4694218835427588,0.9138632636681987,2955441.415839061,7940000.0,4984558.584160939,4067.872867823334,0.0,183,0
A1,Alta demanda con flota de motos,,174,32,1.8605690870268947,1.262989327476374,2972058.989284534,7220000.0,4247941.010715466,4102.730278612406,0.0,174,0
A1,Alta demanda con flota de motos,,183,21,1.4045459789774162,0.8443065577704927,2962233.8753340705,7940000.0,4977766.124665929,4082.1208897540105,0.0,183,0
A1,Alta demanda con flota de motos,,190,7,1.1846733803443632,0.6598792172781904,2915670.7134700487,8400000.0,5484329.286529951,3984.4489121901383,0.0,190,0
A1,Alta demanda con flota de motos,,189,44,1.2095083432405855,0.6689236059208314,2936585.898028192,8820000.0,5883414.101971808,4028.321092581856,0.0,189,0
A1,Alta demanda con flota de motos,,173,33,1.2973447681770056,0.72315563388745,2878151.6857773704,7590000.0,4711848.31422263,3905.7481220307664,0.0,173,0
A1,Alta demanda con flota de motos,,174,37,1.523922643571707,0.9436374127554841,2873065.067881342,7870000.0,4996934.932118658,3895.0783133423492,0.0,174,0
A1,Alta demanda con flota de motos,,175,36,1.1986992321654981,0.6462733828838463,2826075.4433880285,8400000.0,5573924.556611972,3796.5117777911687,0.0,175,0
A1,Alta demanda con flota de motos,,178,38,2.1946310379835774,1.6280967565803977,2881747.3595260866,8190000.0,5308252.640473913,3913.2904913985767,0.0,178,0
A1,Alta demanda con flota de motos,,176,4,1.1951710327179312,0.6453116252617401,2832242.8596164156,8480000.0,5647757.140383584,3809.4486943443285,0.0,176,0
A1,Alta demanda con flota de motos,,182,37,1.5471575237415662,0.9825328819371002,2895462.6614835025,7910000.0,5014537.338516498,3942.06002962234,0.0,182,0
A1,Alta demanda con flota de motos,,179,27,1.2042639331460236,0.6780800367593162,2791218.609699444,7770000.0,4978781.390300556,3723.3952680506745,0.0,179,0
A1,Alta demanda con flota de motos,,179,25,1.3968649990904094,0.8438082330654435,2916430.193083862,7820000.0,4903569.806916138,3986.042014394347,0.0,179,0
A1,Alta demanda con flota de motos,,173,46,1.4495724917839328,0.872510586348243,2926205.7869246826,7440000.0,4513794.213075317,4006.5475287123486,0.0,173,0
A1,Alta demanda con flota de motos,,177,27,1.1693200218554214,0.609121265079561,2882859.5423991377,8160000.0,5277140.457600862,3915.6234322100463,0.0,177,0
A1,Alta demanda con flota de motos,,186,46,1.5392138059853215,1.0150049544835178,2886150.4011006355,8180000.0,5293849.5988993645,3922.526414404364,0.0,186,0
A1,Alta demanda con flota de motos,,183,24,1.2043005985636794,0.6423788154452202,2995827.429393286,8040000.0,5044172.570606714,4152.5875145924165,0.0,183,0
A1,Alta demanda con flota de motos,,186,18,1.2561015594858278,0.7245039783023688,2885658.729702782,8380000.0,5494341.270297218,3921.495072978704,0.0,186,0
A1,Alta demanda con flota de motos,,174,39,1.9037415837739495,1.3382283466874545,2866214.6349709867,7870000.0,5003785.365029013,3880.708685019496,0.0,174,0
A1,Alta demanda con flota de motos,,177,48,1.8236953772602313,1.2744732291166339,2826806.1072210274,8260000.0,5433193.892778972,3798.044435339459,0.0,177,0
A1,Alta demanda con flota de motos,,186,3,0.7231974561227985,0.21168108670458258,2782850.2012370545,8430000.0,5647149.798762945,3705.8414987003325,0.0,186,0
A1,Alta demanda con flota de motos,,173,27,1.214630790099058,0.6399536213109596,2828445.6143787764,7890000.0,5061554.385621224,3801.483503906054,0.0,173,0
A1,Alta demanda con flota de motos,,179,39,1.484204073427097,0.9082390417481215,3003735.0967281233,7570000.0,4566264.903271876,4169.174822575626,0.0,179,0
A1,Alta demanda con flota de motos,,184,24,0.9376257200377194,0.40135245399409114,2897834.8913695468,8520000.0,5622165.108630453,3947.036074524154,0.0,184,0
A1,Alta demanda con flota de motos,,173,44,1.4766124933224392,0.8949290360619335,2824592.3632408157,7790000.0,4965407.636759184,3793.4008341811355,0.0,173,0
A1,Alta demanda con flota de motos,,170,18,0.9318135336089018,0.36698752969551574,2751070.6630676473,7850000.0,5098929.336932353,3639.179996027111,0.0,170,0
A1,Alta demanda con flota de motos,,185,34,1.18063553024683,0.6771534362254736,2799546.010760496,8000000.0,5200453.989239505,3740.8630193167005,0.0,185,0
A1,Alta demanda con flota de motos,,184,14,0.8947016680368323,0.383294033227875,2782792.280486531,8170000.0,5387207.719513468,3705.7200027791105,0.0,184,0
A1,Alta demanda con flota de motos,,172,17,0.7648886363196788,0.22547874640663096,2769559.2874801275,7310000.0,4540440.712519873,3677.962167093493,0.0,172,0
A1,Alta demanda con flota de motos,,179,33,1.1672518556932259,0.6084293461789266,2916701.0915126926,7620000.0,4703298.908487307,3986.6102572757063,0.0,179,0
A1,Alta demanda con flota de motos,,175,15,0.7575314292682718,0.19935375546626274,2814830.93465685,8300000.0,5485169.06534315,3772.9250332372803,0.0,175,0
A1,Alta demanda con flota de motos,,184,36,1.5783802866337049,1.0255960781425417,2908900.6488019205,8370000.0,5461099.351198079,3970.2478661722066,0.0,184,0
A1,Alta demanda con flota de motos,,185,20,0.9318293414751387,0.39953964982952617,2846376.432349861,8000000.0,5153623.567650139,3839.0956071323703,0.0,185,0
A1,Alta demanda con flota de motos,,173,31,1.3167842829752912,0.7458206724060295,2889367.822394829,7740000.0,4850632.177605171,3929.275352575216,0.0,173,0
A1,Alta demanda con flota de motos,,178,37,1.6986783744012062,1.137094613592504,2876320.7592783035,8140000.0,5263679.240721697,3901.907527776012,0.0,178,0
A1,Alta demanda con flota de motos,,177,22,1.0185342184393078,0.46135821260210347,2861515.1707678963,7310000.0,4448484.829232104,3870.8509789739564,0.0,177,0
A1,Alta demanda con flota de motos,,170,53,2.0460877816456056,1.4371495654259578,2905171.4584730016,7550000.0,4644828.541526998,3962.4254293024514,0.0,170,0
A1,Alta demanda con flota de motos,,170,32,1.4945031958701493,0.9306799847679676,2798498.426219537,7200000.0,4401501.573780463,3738.6655814777646,0.0,170,0
A1,Alta demanda con flota de motos,,178,31,1.2258804109036403,0.671753462256445,2826979.2038373263,7840000.0,5013020.796162674,3798.407526851008,0.0,178,0
A1,Alta demanda con flota de motos,,185,40,1.7988647564767475,1.249783244908886,2902986.729106477,8200000.0,5297013.2708935235,3957.8426898765224,0.0,185,0
A1,Alta demanda con flota de motos,,172,13,1.2918680715391007,0.7106353576744793,2952716.8187975814,7860000.0,4907283.181202419,4062.157689333456,0.0,172,0
A1,Alta demanda con flota de motos,,173,35,1.395675281165946,0.8431211884360277,2798226.7099349382,8040000.0,5241773.290065061,3738.095623043004,0.0,173,0
A1,Alta demanda con flota de motos,,178,14,0.932183213712412,0.37787190229341827,2873243.6163388495,8440000.0,5566756.383661151,3895.4528407635516,0.0,178,0
A1,Alta demanda con flota de motos,,182,22,1.1818625940064746,0.6271112936306203,2891632.846152564,8360000.0,5468367.1538474355,3934.026519394461,0.0,182,0
A1,Alta demanda con flota de motos,,189,8,1.0417234670950106,0.5410740457932907,2794109.565939155,8720000.0,5925890.4340608455,3729.4594054863587,0.0,189,0
A1,Alta demanda con flota de motos,,176,36,1.6310556328558319,1.0567566745900996,2896613.420522911,8030000.0,5133386.5794770885,3944.473888702763,0.0,176,0
A1,Alta demanda con flota de motos,,175,46,1.7373607434525462,1.1711426662019049,2894085.6111283363,7150000.0,4255914.388871664,3939.1714965844235,0.0,175,0
A1,Alta demanda con flota de motos,,177,29,1.2119795934974162,0.6321272584952022,2896445.378278481,8110000.0,5213554.621721519,3944.121399359886,0.0,177,0
A1,Alta demanda con flota de motos,,178,17,1.2888226186952076,0.7343384651331921,2878225.811016093,7790000.0,4911774.188983907,3905.9036088654957,0.0,178,0
A1,Alta demanda con flota de motos,,189,18,1.2407351271316216,0.7108402047810772,2917861.0786067857,8570000.0,5652138.921393214,3989.0434733395077,0.0,189,0
A1,Alta demanda con flota de motos,,179,52,2.176240103966776,1.6247544257225826,2833953.131417694,7520000.0,4686046.868582306,3813.036200482558,0.0,179,0
A1,Alta demanda con flota de motos,,174,44,1.7461101046446226,1.1717878531951038,2884988.771018871,8420000.0,5535011.228981129,3920.0897519711943,0.0,174,0
A1,Alta demanda con flota de motos,,175,38,1.4327382919624374,0.8794094744176095,2831268.1524298517,7700000.0,4868731.847570148,3807.4041257487643,0.0,175,0
A1,Alta demanda con flota de motos,,187,30,1.4309147635550301,0.8903881904175756,2923731.0352248335,8510000.0,5586268.9647751665,4001.3564316556362,0.0,187,0
A1,Alta demanda con flota de motos,,168,5,0.8556635035720402,0.30146545781283735,2761320.069347405,8190000.0,5428679.930652595,3660.679390400777,0.0,168,0
A1,Alta demanda con flota de motos,,169,30,0.8483715727095711,0.3041147727979572,2759513.9036824377,8270000.0,5510486.096317562,3656.890735050856,0.0,169,0
A1,Alta demanda con flota de motos,,176,40,1.6723069453453823,1.1178645407969237,2864718.7502272474,8480000.0,5615281.249772753,3877.570882188255,0.0,176,0
A1,Alta demanda con flota de motos,,172,33,1.4327712551764327,0.8601793567414874,2874861.280068347,7860000.0,4985138.719931653,3898.8460900440596,0.0,172,0
A1,Alta demanda con flota de motos,,177,31,1.257577241045996,0.6921184764989831,2885240.1532742237,7760000.0,4874759.846725777,3920.617057270527,0.0,177,0
A1,Alta demanda con flota de motos,,178,18,1.3380366175451188,0.7787327732897414,2896827.635979658,8290000.0,5393172.364020342,3944.9232320559086,0.0,178,0
A1,Alta demanda con flota de motos,,181,28,1.3559321635460433,0.8117889124724871,2904133.6247996073,7980000.0,5075866.375200393,3960.2484451114133,0.0,181,0
A2,Baja demanda con flota de motos,,96,0,0.6079851967934149,0.04630476092482983,2062530.8751287244,4430000.0,2367469.1248712754,2194.8828300444297,0.0,96,0
A2,Baja demanda con flota de motos,,105,0,0.6661157235575085,0.052212421593914836,2206056.202976523,5100000.0,2893943.797023477,2495.9449151823437,0.0,105,0
A2,Baja demanda con flota de motos,,85,0,0.5806713289898509,0.04188564625772724,1881029.3861638345,4050000.0,2168970.6138361655,1814.1610609825088,0.0,85,0
A2,Baja demanda con flota de motos,,104,2,0.6431056189483327,0.08149002860437801,2079418.3443566384,4520000.0,2440581.6556433616,2230.3063805403353,0.0,104,0
A2,Baja demanda con flota de motos,,93,1,0.6169203290605517,0.036442574724886656,1966608.1805112339,5190000.0,3223391.819488766,1993.6731419243392,0.0,93,0
A2,Baja demanda con flota de motos,,79,1,0.5733514030769273,0.029600813567416125,1817724.8117158061,3520000.0,1702275.1882841939,1681.371904755652,0.0,79,0
A2,Baja demanda con flota de motos,,94,0,0.6408800732618386,0.04053767694239955,2045210.7775114353,4120000.0,2074789.2224885647,2158.5517881186233,0.0,94,0
A2,Baja demanda con flota de motos,,110,0,0.6368922149865462,0.09523486523931309,2169234.1333522717,4800000.0,2630765.8666477283,2418.7060805710344,0.0,110,0
A2,Baja demanda con flota de motos,,102,1,0.5867752458591013,0.055058343599151974,2033768.1728250312,4510000.0,2476231.827174969,2134.549512855051,0.0,102,0
A2,Baja demanda con flota de motos,,83,1,0.6054632113968126,0.04074314008791031,1903537.9168671146,4090000.0,2186462.0831328854,1861.3754815209256,0.0,83,0
A2,Baja demanda con flota de motos,,97,0,0.5830390583846077,0.03947394659777251,2002067.9049128348,4360000.0,2357932.095087165,2068.0542893276934,0.0,97,0
A2,Baja demanda con flota de motos,,95,0,0.6356008242495861,0.04498666972398904,2045773.152751931,4100000.0,2054226.847248069,2159.731439578561,0.0,95,0
A2,Baja demanda con flota de motos,,91,1,0.5768184639281149,0.03676102083106054,1960151.541071227,4080000.0,2119848.458928773,1980.129543996774,0.0,91,0
A2,Baja demanda con flota de motos,,100,1,0.6315309534311758,0.03873682370469447,2080163.5085416872,5000000.0,2919836.4914583126,2231.8694543662946,0.0,100,0
A2,Baja demanda con flota de motos,,88,2,0.5636461439398028,0.033302401322791504,1890953.0553558515,3890000.0,1999046.9446441485,1834.9771816210605,0.0,88,0
A2,Baja demanda con flota de motos,,94,2,0.6177209778216005,0.05378553775824815,2034199.2067232146,4270000.0,2235800.7932767854,2135.453659642924,0.0,94,0
A2,Baja demanda con flota de motos,,98,0,0.604661871791558,0.04239393403033657,2014943.8111053754,4440000.0,2425056.188894625,2095.0630913593227,0.0,98,0
A2,Baja demanda con flota de motos,,77,3,0.5415074725990161,0.036263874066995695,1735346.5694485314,3860000.0,2124653.4305514684,1508.5733767266324,0.0,77,0
A2,Baja demanda con flota de motos,,100,0,0.5979394248797195,0.04324397475616349,2029284.552796674,4900000.0,2870715.447203326,2125.1445665996066,0.0,100,0
A2,Baja demanda con flota de motos,,95,0,0.5717460516968438,0.04492617033664107,1981775.3292354762,4200000.0,2218224.6707645236,2025.4881078888104,0.0,95,0
A2,Baja demanda con flota de motos,,75,1,0.5511271561543978,0.03711577806794382,1750120.2939620665,3450000.0,1699879.7060379335,1539.5630868634707,0.0,75,0
A2,Baja demanda con flota de motos,,85,0,0.6004762782057258,0.04042960423030947,1882507.3231347667,3950000.0,2067492.6768652333,1817.2612161456632,0.0,85,0
A2,Baja demanda con flota de motos,,83,1,0.5711983992466911,0.034808275811346545,1861724.863364356,3640000.0,1778275.136635644,1773.6674423734876,0.0,83,0
A2,Baja demanda con flota de motos,,81,1,0.6049336435851349,0.040859665269543544,1875174.3328579108,3580000.0,1704825.6671420892,1801.8793642025212,0.0,81,0
A2,Baja demanda con flota de motos,,93,0,0.6570760483711356,0.03948137440287907,2076910.1730416848,3890000.0,1813089.8269583152,2225.0451817171993,0.0,93,0
A2,Baja demanda con flota de motos,,77,1,0.5846082747691835,0.0400154037811954,1810410.5327462475,3410000.0,1599589.4672537525,1666.0293020883998,0.0,77,0
A2,Baja demanda con flota de motos,,106,0,0.6507702358874148,0.05625056027717316,2176111.237592455,4280000.0,2103888.762407545,2433.1316552992494,0.0,106,0
A2,Baja demanda con flota de motos,,104,0,0.6255525107958607,0.05000594140614501,2151419.564460748,4470000.0,2318580.435539252,2381.3378241333758,0.0,104,0
A2,Baja demanda con flota de motos,,97,0,0.6461423230724792,0.04535712811634703,2045294.72340165,4510000.0,2464705.27659835,2158.727874981656,0.0,97,0
A2,Baja demanda con flota de motos,,89,0,0.6286788925075635,0.04215466194526312,1988907.8894861971,3570000.0,1581092.1105138029,2040.4495331205378,0.0,89,0
A2,Baja demanda con flota de motos,,85,0,0.6109511227545141,0.03623096327520603,1915393.988431213,3500000.0,1584606.011568787,1886.2450545792576,0.0,85,0
A2,Baja demanda con flota de motos,,96,0,0.6145584521395971,0.036803292121505564,2037903.8210274957,4680000.0,2642096.178972504,2143.2245452685,0.0,96,0
A2,Baja demanda con flota de motos,,97,0,0.6182422276698059,0.041925787885245445,2059521.6101350517,4410000.0,2350478.3898649486,2188.5705253988785,0.0,97,0
A2,Baja demanda con flota de motos,,88,0,0.5795894478361695,0.039821466737994936,1889405.1012327406,4340000.0,2450594.8987672594,1831.7301568416008,0.0,88,0
A2,Baja demanda con flota de motos,,101,0,0.5897651490943092,0.05502832658715885,2050261.2267752811,4730000.0,2679738.773224719,2169.145728638092,0.0,101,0
A2,Baja demanda con flota de motos,,87,0,0.5627431929865933,0.03862771684298155,1892079.6171891575,3660000.0,1767920.3828108425,1837.340284075921,0.0,87,0
A2,Baja demanda con flota de motos,,94,0,0.5890252515355319,0.042407417579972934,1968534.92149472,4520000.0,2551465.07850528,1997.7147188829651,0.0,94,0
A2,Baja demanda con flota de motos,,94,0,0.5700800535094265,0.03623423074571175,1985478.9705759191,4120000.0,2134521.0294240806,2033.2569526026787,0.0,94,0
A2,Baja demanda con flota de motos,,94,0,0.6214764030242211,0.056275253136113396,1968137.638212968,4320000.0,2351862.3617870323,1996.881368177636,0.0,94,0
A2,Baja demanda con flota de motos,,81,0,0.5360144539762114,0.035382246765014905,1759584.4466146855,3830000.0,2070415.5533853145,1559.415314859651,0.0,81,0
A2,Baja demanda con flota de motos,,81,0,0.5580578960361156,0.03550206600118998,1827548.9817991003,3480000.0,1652451.0182008997,1701.979313736195,0.0,81,0
A2,Baja demanda con flota de motos,,97,1,0.6676133457179224,0.04662638913775495,2129714.609348515,4510000.0,2380285.390651485,2335.80900255254,0.0,97,0
A2,Baja demanda con flota de motos,,75,0,0.6047707558920822,0.04413263885947774,1821197.58579734,3500000.0,1678802.41420266,1688.6564769066274,0.0,75,0
A2,Baja demanda con flota de motos,,88,0,0.6531489643839973,0.05095514443290172,1988246.282705861,4190000.0,2201753.717294139,2039.0617312613367,0.0,88,0
A2,Baja demanda con flota de motos,,98,1,0.620015161688051,0.037624227658610926,2076516.1219823086,4740000.0,2663483.8780176914,2224.2186109971344,0.0,98,0
A2,Baja demanda con flota de motos,,84,2,0.6131282272054219,0.03083556871827286,1975338.321698021,3720000.0,1744661.678301979,2011.9856902992815,0.0,84,0
A2,Baja demanda con flota de motos,,98,1,0.5349413868582499,0.04408127466275815,1968567.565391316,4290000.0,2321432.434608684,1997.7831934840904,0.0,98,0
A2,Baja demanda con flota de motos,,100,0,0.593013250299753,0.04332888464787308,2051483.6114557087,4600000.0,2548516.3885442913,2171.709831338628,0.0,100,0
A2,Baja demanda con flota de motos,,96,1,0.6383653259797185,0.047902624438926976,2042052.2534592596,4330000.0,2287947.74654074,2151.9263941803893,0.0,96,0
A2,Baja demanda con flota de motos,,100,0,0.6067904804846002,0.04039988955092748,2117635.2363381535,4450000.0,2332364.7636618465,2310.4710271569015,0.0,100,0
A2,Baja demanda con flota de motos,,91,2,0.6080679057099317,0.04258408188718252,1996919.4166935205,3880000.0,1883080.5833064795,2057.25470000184,0.0,91,0
A2,Baja demanda con flota de motos,,99,0,0.5683158248072726,0.044406996972691515,1998540.9493902274,4470000.0,2471459.0506097726,2060.656064918472,0.0,99,0
A2,Baja demanda con flota de motos,,94,0,0.5920069613807651,0.051644272092372115,1977557.07836554,4170000.0,2192442.92163446,2016.639806187768,0.0,94,0
A2,Baja demanda con flota de motos,,86,0,0.608581606914544,0.033960386256867016,1925760.330418419,3680000.0,1754239.669581581,1907.9897360283094,0.0,86,0
A2,Baja demanda con flota de motos,,83,2,0.5773627521982382,0.03469937060781629,1844476.1447500912,3740000.0,1895523.8552499088,1737.4861267141716,0.0,83,0
A2,Baja demanda con flota de motos,,75,1,0.6208836224376991,0.032982793945842866,1853290.8099696399,3200000.0,1346709.1900303601,1755.9759746774837,0.0,75,0
A2,Baja demanda con flota de motos,,95,1,0.571791490128166,0.0380249681147974,1982066.1019456205,4300000.0,2317933.8980543795,2026.0980395275658,0.0,95,0
A2,Baja demanda con flota de motos,,100,0,0.6041062507754298,0.05140100098186094,2064277.9961264532,4550000.0,2485722.0038735466,2198.5476319191343,0.0,100,0
A2,Baja demanda con flota de motos,,115,0,0.6339969667255513,0.08023111064497523,2212562.285852843,5150000.0,2937437.714147157,2509.5922268185323,0.0,115,0
A2,Baja demanda con flota de motos,,97,0,0.5499345483518361,0.03869168564691318,1988101.6741983634,4110000.0,2121898.3258016366,2038.7583970732287,0.0,97,0
A2,Baja demanda con flota de motos,,107,0,0.5977544997727169,0.048024543730760816,2080631.1600935417,4760000.0,2679368.8399064583,2232.8504112010964,0.0,107,0
A2,Baja demanda con flota de motos,,99,0,0.5974515738649797,0.043042982460598816,2084930.6416059704,4120000.0,2035069.3583940296,2241.8691041980305,0.0,99,0
A2,Baja demanda con flota de motos,,88,1,0.6224801570197342,0.034953719618039926,1959722.295620833,3990000.0,2030277.704379167,1979.2291486988224,0.0,88,0
A2,Baja demanda con flota de motos,,71,0,0.5672062080280509,0.035901010536828405,1721125.8074258093,3230000.0,1508874.1925741907,1478.7435736458074,0.0,71,0
A2,Baja demanda con flota de motos,,94,0,0.6012798874954237,0.039388701644924216,1991787.5817019253,4120000.0,2128212.418298075,2046.4900428760136,0.0,94,0
A2,Baja demanda con flota de motos,,88,2,0.516312407149835,0.03646483807708027,1820558.0708268834,4190000.0,2369441.9291731166,1687.3150153446186,0.0,88,0
A2,Baja demanda con flota de motos,,108,1,0.5763946483776389,0.04773189050433014,2123444.3715132144,4740000.0,2616555.6284867856,2322.6564049914423,0.0,108,0
A2,Baja demanda con flota de motos,,90,0,0.6274373598721344,0.04423197263360152,2035047.9095195371,4050000.0,2014952.0904804629,2137.2339184819352,0.0,90,0
A2,Baja demanda con flota de motos,,95,0,0.6677561927451148,0.05203652228238753,2124928.0075771958,4050000.0,1925071.9924228042,2325.7685147054995,0.0,95,0
A2,Baja demanda con flota de motos,,94,1,0.6966046803550113,0.08560130835143079,2046038.0150014039,4070000.0,2023961.9849985961,2160.287020828897,0.0,94,0
A2,Baja demanda con flota de motos,,101,0,0.6022014163788427,0.038931941200047275,2077023.97850971,4530000.0,2452976.02149029,2225.2839027291466,0.0,101,0
A2,Baja demanda con flota de motos,,74,0,0.5678798248598761,0.035955775308048936,1793625.5215905996,3270000.0,1476374.4784094004,1630.820670041652,0.0,74,0
A2,Baja demanda con flota de motos,,83,1,0.5628227825036703,0.034258433217485514,1841436.16693243,3740000.0,1898563.83306757,1731.1093981305696,0.0,83,0
A2,Baja demanda con flota de motos,,80,0,0.6562388616467152,0.046818632283495455,1927807.7008364557,3400000.0,1472192.2991635443,1912.2843481106925,0.0,80,0
A2,Baja demanda con flota de motos,,81,1,0.5757724810284781,0.034267048188066716,1849518.3074934857,3730000.0,1880481.6925065143,1748.0626852344978,0.0,81,0
A2,Baja demanda con flota de motos,,93,1,0.5652849069415181,0.04695396471143066,1970726.0857053818,4740000.0,2769273.914294618,2002.3109561884874,0.0,93,0
A2,Baja demanda con flota de motos,,93,0,0.5861339885953145,0.04182958845441476,1922324.4339629167,3990000.0,2067675.5660370833,1900.7825192483674,0.0,93,0
A2,Baja demanda con flota de motos,,85,0,0.6189794422146401,0.0440179748879667,1898157.6512696669,3600000.0,1701842.3487303331,1850.0897105448005,0.0,85,0
A2,Baja demanda con flota de motos,,114,0,0.6103840250252113,0.07068989223122688,2225260.2224262576,5470000.0,3244739.7775737424,2536.2277156138985,0.0,114,0
A2,Baja demanda con flota de motos,,110,0,0.5186166183366189,0.04843391552003229,2008945.8992113697,4650000.0,2641054.1007886305,2082.4817310631333,0.0,110,0
A2,Baja demanda con flota de motos,,95,0,0.5914590709318316,0.03266629336346247,1968865.0615895458,4100000.0,2131134.9384104544,1998.4072284687381,0.0,95,0
A2,Baja demanda con flota de motos,,73,0,0.6043393918751375,0.04228934184694227,1774059.6144766882,3240000.0,1465940.3855233118,1589.7787655801922,0.0,73,0
A2,Baja demanda con flota de motos,,88,0,0.6183788147440732,0.030206494140229564,1960742.6301269538,3840000.0,1879257.3698730462,1981.3694262272384,0.0,88,0
A2,Baja demanda con flota de motos,,93,0,0.5883144735112646,0.04961440450086815,1924422.4821062956,4140000.0,2215577.5178937046,1905.1834341129174,0.0,93,0
A2,Baja demanda con flota de motos,,106,1,0.5941311369558436,0.05451423785803025,2106713.754451586,4730000.0,2623286.245548414,2287.561871268735,0.0,106,0
A2,Baja demanda con flota de motos,,78,0,0.569405421715994,0.03836477556863458,1822614.3568126322,3240000.0,1417385.6431873678,1691.6283289303979,0.0,78,0
A2,Baja demanda con flota de motos,,105,0,0.5465080965093227,0.0374271521186041,2057316.83093911,5000000.0,2942683.16906089,2183.9457289817433,0.0,105,0
A2,Baja demanda con flota de motos,,85,1,0.5645304160772323,0.038369290226383135,1877389.9824652197,3850000.0,1972610.0175347803,1806.5269626488266,0.0,85,0
A2,Baja demanda con flota de motos,,99,0,0.6082919149978963,0.04245655756540126,2045004.2832565357,4120000.0,2074995.7167434643,2158.118640939091,0.0,99,0
A2,Baja demanda con flota de motos,,102,0,0.5936599139349567,0.05005500404776218,2053601.4205998606,4510000.0,2456398.5794001394,2176.152197340666,0.0,102,0
A2,Baja demanda con flota de motos,,84,0,0.616807816288754,0.037902532804924303,1960672.3672103942,3820000.0,1859327.6327896058,1981.2220410898228,0.0,84,0
A2,Baja demanda con flota de motos,,90,0,0.5784344969373915,0.04515167930199033,1929095.2560300534,4300000.0,2370904.7439699466,1914.9851540041745,0.0,90,0
A2,Baja demanda con flota de motos,,73,0,0.6515229959437322,0.033005071284805565,1861599.760445691,3140000.0,1278400.239554309,1773.405023564799,0.0,73,0
A2,Baja demanda con flota de motos,,93,0,0.6038020554790973,0.03436925020738038,1994635.722767152,4540000.0,2545364.277232848,2052.464370200132,0.0,93,0
A2,Baja demanda con flota de motos,,73,1,0.5708094858006988,0.036384014295535956,1741041.8017609743,3440000.0,1698958.1982390257,1520.5198292520504,0.0,73,0
A2,Baja demanda con flota de motos,,110,0,0.6583245979471616,0.08022700401698446,2223071.4948706543,5250000.0,3026928.5051293457,2531.6365894930254,0.0,110,0
A2,Baja demanda con flota de motos,,85,1,0.5865513262227923,0.03722615755657405,1905818.414795671,3600000.0,1694181.585204329,1866.1591073228587,0.0,85,0
A2,Baja demanda con flota de motos,,101,2,0.5403511692102613,0.04067227861408332,1988109.1432566622,4430000.0,2441890.8567433376,2038.7740643446368,0.0,101,0
A2,Baja demanda con flota de motos,,82,1,0.5917933979833685,0.049359785278077224,1837300.4435438155,3510000.0,1672699.5564561845,1722.4342080048905,0.0,82,0
A2,Baja demanda con flota de motos,,103,1,0.6650823807662056,0.07816770181733028,2134867.984988748,4340000.0,2205132.015011252,2346.6188438468394,0.0,103,0
A2,Baja demanda con flota de motos,,98,3,0.5882135638301202,0.03512628243253967,2084554.1105725185,4490000.0,2405445.889427481,2241.079283894186,0.0,98,0
A2,Baja demanda con flota de motos,,82,1,0.5421371873787736,0.03217633394435481,1850561.1571541892,4110000.0,2259438.8428458106,1750.2501910778567,0.0,82,0
A2,Baja demanda con flota de motos,,72,1,0.5796183239053092,0.026310800851725866,1774744.8361225626,3110000.0,1335255.1638774374,1591.216102533758,0.0,72,0
A2,Baja demanda con flota de motos,,83,0,0.5962550484526793,0.03834838054604498,1859379.2648380625,3840000.0,1980620.7351619375,1768.7472600348603,0.0,83,0
A2,Baja demanda con flota de motos,,82,1,0.5620563231102647,0.04162994326556024,1788853.0269974126,4010000.0,2221146.9730025874,1620.809773741464,0.0,82,0
A2,Baja demanda con flota de motos,,103,0,0.5981474313593703,0.04220545981393318,2127058.9352969504,4440000.0,2312941.0647030496,2330.2383985386014,0.0,103,0
A2,Baja demanda con flota de motos,,92,2,0.5537474200587024,0.04413303588711006,1883505.7059849263,3810000.0,1926494.2940150737,1819.3554473670258,0.0,92,0
A2,Baja demanda con flota de motos,,91,2,0.6090995330852076,0.05091315230696754,1941542.8514767692,4130000.0,2188457.148523231,1941.0955213960215,0.0,91,0
A2,Baja demanda con flota de motos,,97,0,0.5942352164161747,0.04329664982247994,1994876.3581930622,4210000.0,2215123.6418069378,2052.9691326986294,0.0,97,0
A2,Baja demanda con flota de motos,,94,2,0.5574981769659929,0.03386204291803277,1962825.9925315166,4120000.0,2157174.0074684834,1985.7395359425104,0.0,94,0
A2,Baja demanda con flota de motos,,78,0,0.5240363116380079,0.03358395495325686,1727179.90146882,3590000.0,1862820.09853118,1491.4427829320068,0.0,78,0
A2,Baja demanda con flota de motos,,102,0,0.5642230173805033,0.038770218077363375,2040920.3377743168,4660000.0,2619079.662225683,2149.552061361093,0.0,102,0
A2,Baja demanda con flota de motos,,89,0,0.5844845361505938,0.04277550523470098,1901860.0065445341,4270000.0,2368139.993455466,1857.8558575774327,0.0,89,0
A2,Baja demanda con flota de motos,,90,0,0.6514444425195423,0.045713506584730626,2026640.233388533,4050000.0,2023359.766611467,2119.5977803513306,0.0,90,0
A2,Baja demanda con flota de motos,,68,1,0.5711954578897683,0.022967918381295555,1746364.856409863,3040000.0,1293635.143590137,1531.685593204161,0.0,68,0
A2,Baja demanda con flota de motos,,94,0,0.652650082628563,0.04778149851226534,2062522.3075505255,4120000.0,2057477.6924494745,2194.8648584919815,0.0,94,0
A2,Baja demanda con flota de motos,,98,0,0.5920932717627996,0.047261429026724505,1991221.4407354738,4440000.0,2448778.5592645262,2045.3024923412177,0.0,98,0
A2,Baja demanda con flota de motos,,77,2,0.6021143547337064,0.03270312050422115,1828984.9615264817,3510000.0,1681015.0384735183,1704.9914584037876,0.0,77,0
A2,Baja demanda con flota de motos,,99,1,0.6446096063847667,0.05645809102112918,2062829.7355024861,4020000.0,1957170.2644975139,2195.5097265555787,0.0,99,0
A2,Baja demanda con flota de motos,,103,0,0.6371465278717744,0.04276388224143681,2179878.9879951025,4540000.0,2360121.0120048975,2441.0349766816835,0.0,103,0
A2,Baja demanda con flota de motos,,100,0,0.5659343998578281,0.04660229644020991,1965892.8360344863,4400000.0,2434107.163965514,1992.1726186160797,0.0,100,0
A2,Baja demanda con flota de motos,,115,0,0.5820773797463538,0.03372911256613532,2189259.5585727226,5200000.0,3010740.4414272774,2460.711880962134,0.0,115,0
A2,Baja demanda con flota de motos,,94,0,0.5848983995951837,0.04155264193749366,1968260.8536733538,4270000.0,2301739.146326646,1997.139827809684,0.0,94,0
A2,Baja demanda con flota de motos,,99,0,0.5804076916394632,0.04260791167544046,2010632.787174411,4420000.0,2409367.212825589,2086.0201867152596,0.0,99,0
A2,Baja demanda con flota de motos,,107,0,0.5885025254281262,0.04576361657063764,2108593.6228758213,4760000.0,2651406.3771241787,2291.505127250596,0.0,107,0
A2,Baja demanda con flota de motos,,99,2,0.5929905091517005,0.04048538480259726,2054252.868069832,4370000.0,2315747.131930168,2177.5186887927916,0.0,99,0
A2,Baja demanda con flota de motos,,104,0,0.5764708984717196,0.039111552278538866,2083452.8207064057,4770000.0,2686547.1792935943,2238.769192508886,0.0,104,0
A2,Baja demanda con flota de motos,,76,0,0.5241910300443284,0.031339719564933845,1755701.671255453,3130000.0,1374298.328744547,1551.2707144375393,0.0,76,0
A2,Baja demanda con flota de motos,,83,0,0.5501682397997137,0.040834076529342095,1822800.8402450357,3340000.0,1517199.1597549643,1692.0195009405566,0.0,83,0
A2,Baja demanda con flota de motos,,78,2,0.5972132656254221,0.038455778316711604,1848011.6491573262,3590000.0,1741988.3508426738,1744.9022834637694,0.0,78,0
A2,Baja demanda con flota de motos,,98,2,0.7000278396351051,0.04827393252618092,2146664.572235005,4540000.0,2393335.427764995,2371.363641208571,0.0,98,0
A2,Baja demanda con flota de motos,,81,1,0.6281081029530634,0.04155554783210732,1907494.9572305253,3580000.0,1672505.0427694747,1869.6758619530572,0.0,81,0
A2,Baja demanda con flota de motos,,101,0,0.60274529927875,0.03866656720082822,2052424.6808669583,4180000.0,2127575.3191330414,2173.683840549817,0.0,101,0
A2,Baja demanda con flota de motos,,96,1,0.6068217512518865,0.0453300490861247,2019412.0427915636,4430000.0,2410587.9572084364,2104.43575866826,0.0,96,0
A2,Baja demanda con flota de motos,,85,1,0.5910569614624822,0.045313905985193005,1896169.7432870641,3500000.0,1603830.2567129359,1845.9198282579662,0.0,85,0
A2,Baja demanda con flota de motos,,108,0,0.601393041482543,0.046915408943867046,2131995.828980414,4940000.0,2808004.171019586,2340.594142216288,0.0,108,0
A2,Baja demanda con flota de motos,,87,1,0.5762625969256946,0.04205489083952649,1880170.6640747508,3860000.0,1979829.3359252492,1812.3597854406191,0.0,87,0
A2,Baja demanda con flota de motos,,106,0,0.5967805964339212,0.04556825660996837,2106643.6326239184,4430000.0,2323356.3673760816,2287.414782082676,0.0,106,0
A2,Baja demanda con flota de motos,,85,0,0.6092739911648632,0.04224648863213137,1954782.2215123202,3600000.0,1645217.7784876798,1968.866733687153,0.0,85,0
A2,Baja demanda con flota de motos,,96,1,0.6421388500067943,0.04284592270534346,2078839.8638402713,4580000.0,2501160.1361597287,2229.092946276988,0.0,96,0
A2,Baja demanda con flota de motos,,91,0,0.5821983863133804,0.04580848625398614,1901461.4019180438,4130000.0,2228538.598081956,1857.0197351884722,0.0,91,0
A2,Baja demanda con flota de motos,,89,1,0.5432835888401983,0.03557390426741196,1872707.1035873422,4220000.0,2347292.8964126576,1796.7040463694295,0.0,89,0
A2,Baja demanda con flota de motos,,103,1,0.6008388692480167,0.04416246738597256,2065159.057918046,4390000.0,2324840.9420819543,2200.395767743591,0.0,103,0
A2,Baja demanda con flota de motos,,86,0,0.6108484100121824,0.03765062024907863,1936087.2023219266,3580000.0,1643912.7976780734,1929.651624106483,0.0,86,0
A2,Baja demanda con flota de motos,,97,0,0.604679231008656,0.0447414658831213,2042773.8498090408,4160000.0,2117226.150190959,2153.440031563773,0.0,97,0
A2,Baja demanda con flota de motos,,88,1,0.5941735786222151,0.04083716504669408,1944152.9282677297,3840000.0,1895847.0717322703,1946.5704795294746,0.0,88,0
A2,Baja demanda con flota de motos,,108,2,0.5832798228235269,0.051770316352867725,2113311.723457769,4640000.0,2526688.276542231,2301.4019254003833,0.0,108,0
A2,Baja demanda con flota de motos,,100,0,0.5767860442985109,0.03699344609630286,2009599.2275193054,4450000.0,2440400.7724806946,2083.852167804966,0.0,100,0
A2,Baja demanda con flota de motos,,99,0,0.5738463629816779,0.04027338881322428,2031416.4836420487,4170000.0,2138583.5163579513,2129.616554612473,0.0,99,0
A2,Baja demanda con flota de motos,,94,0,0.5967551439480084,0.03619788999297967,2010145.444940617,4320000.0,2309854.5550593827,2084.9979262454076,0.0,94,0
A2,Baja demanda con flota de motos,,87,0,0.6079197545878187,0.032440926453293974,1920320.4540755276,3860000.0,1939679.5459244724,1896.5789241580853,0.0,87,0
A2,Baja demanda con flota de motos,,87,0,0.5614546645193162,0.039543196125997604,1897575.6756259017,3860000.0,1962424.3243740983,1848.8689448204607,0.0,87,0
A2,Baja demanda con flota de motos,,82,0,0.6167987039560011,0.0406268159184425,1900606.1436713804,3560000.0,1659393.8563286196,1855.2257254834756,0.0,82,0
A2,Baja demanda con flota de motos,,102,1,0.5743600179101597,0.04705292852846534,2037032.665841398,4460000.0,2422967.334158602,2141.397189771471,0.0,102,0
A2,Baja demanda con flota de motos,,95,1,0.6588174297817057,0.043297946933161274,2082141.9263626765,4300000.0,2217858.0736373235,2236.019429868129,0.0,95,0
A2,Baja demanda con flota de motos,,81,0,0.5692726017005597,0.03123915600813015,1821721.3259504577,4280000.0,2458278.6740495423,1689.7550865035007,0.0,81,0
A2,Baja demanda con flota de motos,,90,0,0.5810658239695938,0.04168702347225143,1945230.3329697622,4250000.0,2304769.6670302376,1948.8304688358583,0.0,90,0
A2,Baja demanda con flota de motos,,85,0,0.5899831265135929,0.03305411623801015,1930780.792909096,3700000.0,1769219.207090904,1918.5207755909062,0.0,85,0
A2,Baja demanda con flota de motos,,88,1,0.5699078639913139,0.04350429743038871,1877292.0193519725,3890000.0,2012707.9806480275,1806.321472930857,0.0,88,0
A2,Baja demanda con flota de motos,,99,1,0.6055443723640698,0.03707648100641261,2100324.1720196684,4020000.0,1919675.8279803316,2274.1589336899833,0.0,99,0
A2,Baja demanda con flota de motos,,93,0,0.600066746965091,0.041534272626564187,1969941.369105738,4240000.0,2270058.6308942623,2000.6649162924411,0.0,93,0
A2,Baja demanda con flota de motos,,84,1,0.6095931629275041,0.03882978167930006,1919101.0567615465,3870000.0,1950898.9432384535,1894.0210878272853,0.0,84,0
A2,Baja demanda con flota de motos,,91,1,0.6098966899585454,0.03313917857880345,2006610.7982633575,3830000.0,1823389.2017366425,2077.5835686902706,0.0,91,0
A2,Baja demanda con flota de motos,,100,1,0.6326183935914012,0.06236008387340924,2124939.5949165025,4300000.0,2175060.4050834975,2325.7928205794865,0.0,100,0
A2,Baja demanda con flota de motos,,107,0,0.6053365844625588,0.034904922220069245,2160951.08033549,4560000.0,2399048.91966451,2401.3313548000865,0.0,107,0
A2,Baja demanda con flota de motos,,96,1,0.6000658424092677,0.037652504590722516,2032153.9956068567,4530000.0,2497846.0043931436,2131.163576962248,0.0,96,0
A2,Baja demanda con flota de motos,,70,1,0.6211772729310131,0.058341465259159515,1760259.112105034,2950000.0,1189740.887894966,1560.8305089744513,0.0,70,0
A2,Baja demanda con flota de motos,,76,0,0.5668820191236538,0.03621493323731438,1752950.4853384516,3180000.0,1427049.5146615484,1545.4997625003805,0.0,76,0
A2,Baja demanda con flota de motos,,85,1,0.5916617428976149,0.031757587790853914,1889003.6298640592,3950000.0,2060996.3701359408,1830.8880211071585,0.0,85,0
A2,Baja demanda con flota de motos,,85,0,0.5733803773626782,0.034655013696078235,1861006.9079597257,3650000.0,1788993.0920402743,1772.161442321823,0.0,85,0
A2,Baja demanda con flota de motos,,100,0,0.6225385540658458,0.05813414273061096,2075800.3819680666,4400000.0,2324199.6180319334,2222.717258000172,0.0,100,0
A2,Baja demanda con flota de motos,,103,0,0.587788453268444,0.042615100013968205,2055743.9580619961,4490000.0,2434256.041938004,2180.646434040971,0.0,103,0
A2,Baja demanda con flota de motos,,90,1,0.5493802716184217,0.03977353106825703,1870928.980345443,3850000.0,1979071.019654557,1792.9742134621254,0.0,90,0
A2,Baja demanda con flota de motos,,97,0,0.5637319133841435,0.04695342938368363,1928885.4983214827,4210000.0,2281114.501678517,1914.545161327876,0.0,97,0
A2,Baja demanda con flota de motos,,97,0,0.628656571456666,0.035617058262926375,2050474.564894861,4760000.0,2709525.435105139,2169.593231668278,0.0,97,0
A2,Baja demanda con flota de motos,,90,3,0.5977548517753164,0.03723341973896858,1965650.6820174344,3700000.0,1734349.3179825656,1991.664670685272,0.0,90,0
A2,Baja demanda con flota de motos,,87,1,0.6352141302541049,0.04706690659627408,1935843.6938751778,3810000.0,1874156.3061248222,1929.1408350922609,0.0,87,0
A2,Baja demanda con flota de motos,,102,1,0.5959685771341212,0.0337924800642963,2100059.0911996486,4410000.0,2309940.9088003514,2273.602893960953,0.0,102,0
A2,Baja demanda con flota de motos,,78,1,0.6123883684532679,0.03788566013192213,1841453.9092734463,3890000.0,2048546.0907265537,1731.1466148801253,0.0,78,0
A2,Baja demanda con flota de motos,,89,1,0.612657545722318,0.05183099942301445,1952849.9229500971,4370000.0,2417150.0770499026,1964.8134990213612,0.0,89,0
A2,Baja demanda con flota de motos,,119,0,0.5786985752695522,0.04872636611634293,2182095.1823002333,5470000.0,3287904.8176997667,2445.6837176988834,0.0,119,0
A2,Baja demanda con flota de motos,,98,2,0.6097557355458905,0.05301618602379606,2040987.7028973445,4390000.0,2349012.2971026553,2149.693368019006,0.0,98,0
A2,Baja demanda con flota de motos,,85,1,0.6142156866568979,0.04272910676475366,1923106.7330821443,4000000.0,2076893.2669178557,1902.423488180942,0.0,85,0
A2,Baja demanda con flota de motos,,109,0,0.5968555631010265,0.03907184065097062,2142788.0887017385,4770000.0,2627211.9112982615,2363.2322386677865,0.0,109,0
A2,Baja demanda con flota de motos,,101,0,0.6244053959054298,0.04794516941848772,2132279.5593088865,4630000.0,2497720.4406911135,2341.189301590507,0.0,101,0
A2,Baja demanda con flota de motos,,99,2,0.5861360357550616,0.03996526630187295,2047360.9391275789,4420000.0,2372639.060872421,2163.062017422723,0.0,99,0
A2,Baja demanda con flota de motos,,76,0,0.631078033830284,0.04040730340394208,1868162.5112490042,3180000.0,1311837.4887509958,1787.1712031702618,0.0,76,0
A2,Baja demanda con flota de motos,,82,1,0.6485994645942321,0.033093914152482556,1949143.2987607655,3710000.0,1760856.7012392345,1957.0383974138851,0.0,82,0
A2,Baja demanda con flota de motos,,93,0,0.5741081610684671,0.04311825373338231,1931415.7153343046,4390000.0,2458584.2846656954,1919.852603722571,0.0,93,0
A2,Baja demanda con flota de motos,,87,1,0.6162145569319729,0.04166254342655504,1964776.8124467472,3660000.0,1695223.1875532528,1989.8316214316344,0.0,87,0
A2,Baja demanda con flota de motos,,93,2,0.6915483897079026,0.07481466416628628,2098982.723156625,4240000.0,2141017.276843375,2271.345079174755,0.0,93,0
A2,Baja demanda con flota de motos,,99,1,0.6004172164999569,0.0437185560121565,2081973.8273657653,4870000.0,2788026.1726342347,2235.666821479918,0.0,99,0
A2,Baja demanda con flota de motos,,117,0,0.6179823404162816,0.07222011976226408,2242304.2992181387,5160000.0,2917695.7007818613,2571.9797697994563,0.0,117,0
A2,Baja demanda con flota de motos,,76,0,0.5686136362676649,0.036506393112498155,1766742.9331488092,3280000.0,1513257.0668511908,1574.4311236699275,0.0,76,0
A2,Baja demanda con flota de motos,,97,2,0.5805678988549163,0.03888152134169085,1999078.7131672455,4110000.0,2110921.2868327545,2061.7840907968907,0.0,97,0
A2,Baja demanda con flota de motos,,93,1,0.5943377085329884,0.034804109224690495,1952525.398278677,4190000.0,2237474.601721323,1964.1327684790826,0.0,93,0
A2,Baja demanda con flota de motos,,100,0,0.6180077122792608,0.057734906553602895,2088404.5378616836,4200000.0,2111595.4621383166,2249.156030247814,0.0,100,0
A2,Baja demanda con flota de motos,,97,0,0.5993675020042379,0.0410266900261453,2021206.780001301,4810000.0,2788793.2199986987,2108.2004414231455,0.0,97,0
A2,Baja demanda con flota de motos,,99,0,0.5663549035707195,0.04141306271893104,2020536.2909841808,4420000.0,2399463.7090158192,2106.7940079762916,0.0,99,0
A2,Baja demanda con flota de motos,,82,2,0.6114726438911382,0.036765122661238395,1888743.8262915304,3660000.0,1771256.1737084696,1830.343051055915,0.0,82,0
A2,Baja demanda con flota de motos,,96,1,0.5719874579778593,0.06770694040484933,1909700.788135864,3980000.0,2070299.211864136,1874.3028644604283,0.0,96,0
A2,Baja demanda con flota de motos,,88,0,0.5962153276948198,0.03189098221678894,1933173.248100859,4440000.0,2506826.751899141,1923.5392455671226,0.0,88,0
A2,Baja demanda con flota de motos,,86,0,0.6020621341936068,0.03828670687313604,1925392.038659117,4080000.0,2154607.961340883,1907.2171986186572,0.0,86,0
A2,Baja demanda con flota de motos,,76,0,0.5954282070672828,0.03826909035539479,1801174.9336944895,3480000.0,1678825.0663055105,1646.6564934718735,0.0,76,0
A2,Baja demanda con flota de motos,,98,0,0.6170269210833076,0.04005292507781768,2071598.1733839912,4540000.0,2468401.8266160088,2213.902606973231,0.0,98,0
A2,Baja demanda con flota de motos,,78,0,0.5366085156082714,0.036039591643683075,1758134.0722244927,3690000.0,1931865.9277755073,1556.3729756106163,0.0,78,0
A2,Baja demanda con flota de motos,,101,1,0.544308049544436,0.033642819614214454,1996416.475362813,4780000.0,2783583.524637187,2056.199718501394,0.0,101,0
A2,Baja demanda con flota de motos,,96,0,0.5754888838235621,0.034850403388499776,1979725.4822389153,4130000.0,2150274.5177610847,2021.188300877376,0.0,96,0
A2,Baja demanda con flota de motos,,96,0,0.6246420863219135,0.037709666869877624,2091731.8205591983,4680000.0,2588268.179440802,2256.135416268233,0.0,96,0
A2,Baja demanda con flota de motos,,97,2,0.5742778755031411,0.04219996385349242,1963318.6151586748,4560000.0,2596681.384841325,1986.7728726890077,0.0,97,0
A2,Baja demanda con flota de motos,,80,0,0.583534295290733,0.03215645073703307,1853914.099365182,3700000.0,1846085.900634818,1757.2834010939896,0.0,80,0
A2,Baja demanda con flota de motos,,90,0,0.5948973420802655,0.045202032822535605,1930455.801115426,4000000.0,2069544.198884574,1917.8390652020692,0.0,90,0
A2,Baja demanda con flota de motos,,80,0,0.6235520951382753,0.042190252942322905,1866803.4829123241,3450000.0,1583196.5170876759,1784.3204735399086,0.0,80,0
A2,Baja demanda con flota de motos,,78,0,0.6571420107038299,0.03892785346703248,1879249.3260765686,3540000.0,1660750.6739234314,1810.4271653030544,0.0,78,0
A2,Baja demanda con flota de motos,,93,0,0.617731193815125,0.05420878082038554,1999053.6747720903,3990000.0,1990946.3252279097,2061.7315696734995,0.0,93,0
A2,Baja demanda con flota de motos,,95,0,0.6087333460677913,0.04423175508758045,2026035.0919386428,4500000.0,2473964.908061357,2118.3284214901523,0.0,95,0
A2,Baja demanda con flota de motos,,94,0,0.6289783350765656,0.049554263446283,2021120.8761361407,4120000.0,2098879.123863859,2108.0202474660646,0.0,94,0
A2,Baja demanda con flota de motos,,86,0,0.5889523796334287,0.03269975991897488,1963062.9185023082,4480000.0,2516937.0814976916,1986.2365174011782,0.0,86,0
A2,Baja demanda con flota de motos,,95,0,0.6180374152357513,0.03776516542775643,2026049.6877858709,4350000.0,2323950.312214129,2118.3590380807323,0.0,95,0
A2,Baja demanda con flota de motos,,105,0,0.5836291427023017,0.048126386166335564,2051288.9517458202,5200000.0,3148711.04825418,2171.301508577554,0.0,105,0
A2,Baja demanda con flota de motos,,110,0,0.6188640589762989,0.05463250760357631,2192426.9950780477,4750000.0,2557573.0049219523,2467.355969870582,0.0,110,0
A2,Baja demanda con flota de motos,,96,0,0.5430459590549424,0.03839830627652439,1918655.111673511,4530000.0,2611344.888326489,1893.085662978765,0.0,96,0
A2,Baja demanda con flota de motos,,80,0,0.5554342493315015,0.03589963829492606,1819198.530626955,3550000.0,1730801.469373045,1684.4632120179347,0.0,80,0
A2,Baja demanda con flota de motos,,88,1,0.5817928665085299,0.038969322300284735,1900760.8898729864,3890000.0,1989239.1101270136,1855.5503247358943,0.0,88,0
A2,Baja demanda con flota de motos,,99,0,0.5751410876012929,0.040219179879989166,2000859.9201356703,4470000.0,2469140.0798643297,2065.520392201094,0.0,99,0
A2,Baja demanda con flota de motos,,68,2,0.6608002915045458,0.03599067723894,1815277.2378548998,2740000.0,924722.7621451002,1676.2378165696646,0.0,68,0
A2,Baja demanda con flota de motos,,87,0,0.5833904485639352,0.04069177141396854,1862010.9415091192,3710000.0,1847989.0584908808,1774.2675265820803,0.0,87,0
A2,Baja demanda con flota de motos,,88,0,0.6379076894241731,0.031881698434682644,1986739.3682657178,4040000.0,2053260.6317342822,2035.900792280902,0.0,88,0
A2,Baja demanda con flota de motos,,89,1,0.6016235731790915,0.03419549561953512,1999379.0369915047,4170000.0,2170620.963008495,2062.41405707604,0.0,89,0
A2,Baja demanda con flota de motos,,75,0,0.5442599742122641,0.04802650786106281,1739129.3801322381,3300000.0,1560870.6198677619,1516.5082889069172,0.0,75,0
A2,Baja demanda con flota de motos,,93,0,0.594270619863192,0.04830574957333685,1943367.2646272248,4090000.0,2146632.7353727752,1944.9224530983574,0.0,93,0
A2,Baja demanda con flota de motos,,81,0,0.5941174937259919,0.041706810407215675,1847939.675511752,3630000.0,1782060.324488248,1744.7513098611537,0.0,81,0
A2,Baja demanda con flota de motos,,87,0,0.5532106776642558,0.04305997381441821,1864889.3783047937,4110000.0,2245110.6216952065,1780.3054029390858,0.0,87,0
A2,Baja demanda con flota de motos,,109,1,0.6022860208584484,0.051985397191809016,2182444.771161255,4970000.0,2787555.228838745,2446.4170234715893,0.0,109,0
A2,Baja demanda con flota de motos,,95,2,0.5509916273793718,0.0494367972660415,1928863.9366195581,4350000.0,2421136.0633804416,1914.4999329975333,0.0,95,0
A2,Baja demanda con flota de motos,,100,0,0.5675743346283242,0.04827735381156429,2004222.5253018932,4500000.0,2495777.4746981068,2072.573871458162,0.0,100,0
A2,Baja demanda con flota de motos,,98,0,0.6155122305303606,0.06039985263375817,2021503.2268382476,4290000.0,2268496.773161752,2108.82227524302,0.0,98,0
A2,Baja demanda con flota de motos,,97,0,0.568515176927803,0.04374964281120248,1951284.4689487957,4560000.0,2608715.5310512045,1961.5297660880428,0.0,97,0
A2,Baja demanda con flota de motos,,89,1,0.6043265571150686,0.048237453228831544,1954962.598297031,3970000.0,2015037.401702969,1969.2450962502608,0.0,89,0
A2,Baja demanda con flota de motos,,97,0,0.5867286796071444,0.049176678318487876,1982463.0502285736,4010000.0,2027536.9497714264,2026.93068753158,0.0,97,0
A2,Baja demanda con flota de motos,,85,0,0.608381722048125,0.041694831040369626,1919442.562769839,3750000.0,1830557.437230161,1894.737438819028,0.0,85,0
A2,Baja demanda con flota de motos,,92,1,0.558413004071525,0.03851053929869966,1907148.5887728287,4060000.0,2152851.4112271713,1868.9493113736992,0.0,92,0
A2,Baja demanda con flota de motos,,97,0,0.5833050108329103,0.04923380657180643,1972353.821674422,4510000.0,2537646.178325578,2005.7253332342802,0.0,97,0
A2,Baja demanda con flota de motos,,83,1,0.6149099184660148,0.03823932805054113,1924001.545919701,3890000.0,1965998.454080299,1904.300468521088,0.0,83,0
A2,Baja demanda con flota de motos,,107,0,0.5910158434729759,0.05383081345126371,2103423.4095947873,4660000.0,2556576.5904052127,2280.6599669270727,0.0,107,0
A2,Baja demanda con flota de motos,,93,0,0.590810528695534,0.04335915258354492,1992925.4697173762,4190000.0,2197074.530282624,2048.8769033954886,0.0,93,0
A2,Baja demanda con flota de motos,,78,0,0.600196006240488,0.04329007471235976,1826543.1852572793,3640000.0,1813456.8147427207,1699.8695313817807,0.0,78,0
A2,Baja demanda con flota de motos,,85,0,0.6096284187411083,0.04595697399687435,1958170.7067338482,3900000.0,1941829.2932661518,1975.9744995536334,0.0,85,0
A2,Baja demanda con flota de motos,,89,0,0.6359678111969093,0.03956313101367365,1994372.848288452,3870000.0,1875627.151711548,2051.9129585442665,0.0,89,0
A2,Baja demanda con flota de motos,,92,0,0.6211398911430888,0.03614853221119204,2037803.9666415057,4060000.0,2022196.0333584943,2143.0150883725855,0.0,92,0
A2,Baja demanda con flota de motos,,116,1,0.6035676206553976,0.053270557025960515,2242720.7353649703,5580000.0,3337279.2646350297,2572.8532960026137,0.0,116,0
A2,Baja demanda con flota de motos,,95,0,0.5897149016133929,0.04166833656140135,2012298.0351718238,4400000.0,2387701.9648281764,2089.5132498692737,0.0,95,0
A2,Baja demanda con flota de motos,,95,0,0.6083326534807845,0.04134258681496405,2011307.8369716837,4450000.0,2438692.1630283166,2087.4361869612567,0.0,95,0
A2,Baja demanda con flota de motos,,100,0,0.5747333259410027,0.03842082510612503,1970908.33714093,4400000.0,2429091.66285907,2002.6932510630502,0.0,100,0
A2,Baja demanda con flota de motos,,101,1,0.5910906165943045,0.044600505169357214,2075898.9631898636,4480000.0,2404101.0368101364,2222.924044277097,0.0,101,0
A2,Baja demanda con flota de motos,,98,1,0.5872682635306616,0.03638006869567836,2027966.4793475477,4540000.0,2512033.5206524525,2122.379744899429,0.0,98,0
A2,Baja demanda con flota de motos,,89,3,0.5882343716905348,0.04306752777211849,1964099.6119440892,3820000.0,1855900.3880559108,1988.4111098157155,0.0,89,0
A2,Baja demanda con flota de motos,,90,0,0.6152809689898336,0.03893345744218443,1947509.4730609024,4200000.0,2252490.526939098,1953.6112464062653,0.0,90,0
A2,Baja demanda con flota de motos,,93,2,0.5907424319791934,0.0366117326558874,1955388.7287007894,4490000.0,2534611.2712992104,1970.1389573535237,0.0,93,0
A2,Baja demanda con flota de motos,,112,1,0.6318843918465802,0.047699201296708744,2216523.3665703735,4660000.0,2443476.6334296265,2517.901082391981,0.0,112,0
A2,Baja demanda con flota de motos,,90,1,0.5556785535862945,0.037306302674700136,1905416.2085004265,3850000.0,1944583.7914995735,1865.315429989268,0.0,90,0
A2,Baja demanda con flota de motos,,81,2,0.5746804772075141,0.04167844520295198,1836364.227040614,3780000.0,1943635.772959386,1720.4703783671484,0.0,81,0
A2,Baja demanda con flota de motos,,86,0,0.6399449094264561,0.04402023491485523,1996483.010473155,3930000.0,1933516.989526845,2056.33928410528,0.0,86,0
A2,Baja demanda con flota de motos,,82,0,0.6108066172591015,0.03795601240466767,1864762.1869045824,3760000.0,1895237.8130954176,1780.038603282651,0.0,82,0
A2,Baja demanda con flota de motos,,98,0,0.6249026145280662,0.036594260620757504,2065103.6853708052,4540000.0,2474896.314629195,2200.2796169931867,0.0,98,0
A2,Baja demanda con flota de motos,,95,1,0.5762026889009061,0.03902195920147496,1997122.2694583323,4350000.0,2352877.730541668,2057.680208706581,0.0,95,0
A2,Baja demanda con flota de motos,,88,0,0.5506601266132672,0.04322329942853798,1831193.0498823384,3840000.0,2008806.9501176616,1709.623196192175,0.0,88,0
A2,Baja demanda con flota de motos,,101,0,0.6344111222579641,0.05104922611196481,2098886.388462317,4380000.0,2281113.611537683,2271.143005266447,0.0,101,0
A2,Baja demanda con flota de motos,,93,0,0.6081050506355504,0.03431181611807698,2010210.1177253078,4040000.0,2029789.8822746922,2085.133585391446,0.0,93,0
A2,Baja demanda con flota de motos,,81,0,0.5782112731191091,0.03758580693084129,1818252.277805141,3830000.0,2011747.722194859,1682.4783299634953,0.0,81,0
A2,Baja demanda con flota de motos,,86,1,0.6565647810358196,0.040853117659961816,1979775.1041953978,3680000.0,1700224.8958046022,2021.2923890540844,0.0,86,0
A2,Baja demanda con flota de motos,,76,0,0.5910788159984279,0.03300509171708471,1815314.7690468158,3430000.0,1614685.2309531842,1676.316542875784,0.0,76,0
A2,Baja demanda con flota de motos,,84,0,0.5631243450825411,0.034451647691242954,1863149.1021193212,4170000.0,2306850.897880679,1776.6549589026888,0.0,84,0
A2,Baja demanda con flota de motos,,86,0,0.5647991228398277,0.03206444750829987,1881303.2901363254,3980000.0,2098696.709863675,1814.7356083625584,0.0,86,0
A2,Baja demanda con flota de motos,,92,1,0.6016588224772486,0.03678794787382037,2032540.5214076259,4110000.0,2077459.4785923741,2131.974362523824,0.0,92,0
A2,Baja demanda con flota de motos,,83,1,0.6643796964918863,0.032739480734699906,1975040.7878981384,4190000.0,2214959.212101862,2011.3615764405324,0.0,83,0
A2,Baja demanda con flota de motos,,80,2,0.5772789174798326,0.03718565811909945,1786449.664686863,3650000.0,1863550.335313137,1615.7684247377326,0.0,80,0
A2,Baja demanda con flota de motos,,70,0,0.5459923462361302,0.037446581844580294,1699522.7431170521,3100000.0,1400477.2568829479,1433.428480597838,0.0,70,0
A2,Baja demanda con flota de motos,,85,2,0.5586566383852104,0.04057544456172815,1884199.5791617802,3750000.0,1865800.4208382198,1820.8109319743573,0.0,85,0
A2,Baja demanda con flota de motos,,105,2,0.6517927093471733,0.07962857115446821,2136227.915587695,5250000.0,3113772.084412305,2349.4714660836366,0.0,105,0
A2,Baja demanda con flota de motos,,93,0,0.6475241482695038,0.042134688779104285,2047398.9169629586,4290000.0,2242601.083037041,2163.1416806186203,0.0,93,0
A2,Baja demanda con flota de motos,,91,0,0.613644024141128,0.04162002524599976,1991645.0366868393,4480000.0,2488354.9633131605,2046.191037117855,0.0,91,0
A2,Baja demanda con flota de motos,,101,1,0.6257388910555458,0.056093342794557494,2111071.2321116785,4280000.0,2168928.7678883215,2296.7022183416925,0.0,101,0
A2,Baja demanda con flota de motos,,98,0,0.5747259934777285,0.04453113601604937,2000567.25124793,4390000.0,2389432.7487520697,2064.9064830958528,0.0,98,0
A2,Baja demanda con flota de motos,,85,1,0.6066007937531848,0.03907572247524558,1932549.6096219444,4000000.0,2067450.3903780556,1922.231086905168,0.0,85,0
A2,Baja demanda con flota de motos,,85,0,0.5748390114614749,0.04335850809785771,1885174.6774874933,3900000.0,2014825.3225125067,1822.8563210325563,0.0,85,0
A2,Baja demanda con flota de motos,,88,0,0.560499587805989,0.03325215436032459,1906837.994852873,4340000.0,2433162.005147127,1868.297802301575,0.0,88,0
A2,Baja demanda con flota de motos,,84,0,0.6104746074232926,0.03561487254567617,1907508.7854008856,3770000.0,1862491.2145991144,1869.7048682466843,0.0,84,0
A2,Baja demanda con flota de motos,,76,1,0.6273259091239747,0.03846551396687535,1869320.0699307253,3180000.0,1310679.9300692747,1789.5993253394606,0.0,76,0
A2,Baja demanda con flota de motos,,93,0,0.5741723333887353,0.04764346484028254,1938590.199736423,4090000.0,2151409.800263577,1934.901970034986,0.0,93,0
A2,Baja demanda con flota de motos,,98,1,0.5959831218647164,0.049073743529397536,1993988.1892636025,4340000.0,2346011.8107363973,2051.1060887755298,0.0,98,0
A2,Baja demanda con flota de motos,,75,1,0.5715650557970207,0.031756841818764675,1792921.9318470892,3450000.0,1657078.0681529108,1629.3448037368005,0.0,75,0
A2,Baja demanda con flota de motos,,81,0,0.6240728754510437,0.04060850695775254,1913879.9658294767,4030000.0,2116120.0341705233,1883.0692053527825,0.0,81,0
A2,Baja demanda con flota de motos,,81,1,0.5671353836353755,0.03147496029055738,1849252.8117293017,3930000.0,2080747.1882706983,1747.5057751088816,0.0,81,0
A2,Baja demanda con flota de motos,,93,5,0.6346021343407612,0.040303503808528436,2041030.2007929124,3740000.0,1698969.7992070876,2149.7825125988884,0.0,93,0
A2,Baja demanda con flota de motos,,82,2,0.5629998943182136,0.04012877507394091,1846975.6323527568,3760000.0,1913024.3676472432,1742.7291103792786,0.0,82,0
A2,Baja demanda con flota de motos,,109,0,0.6218021426680728,0.051392440307408374,2173335.1122983377,5020000.0,2846664.8877016623,2427.3083899412554,0.0,109,0
A2,Baja demanda con flota de motos,,95,0,0.5877098261350806,0.04391327580764612,1992351.412735428,4200000.0,2207648.5872645723,2047.6727480414158,0.0,95,0
A2,Baja demanda con flota de motos,,87,0,0.6268901853902833,0.050949930560041344,1939916.5561208858,3860000.0,1920083.4438791142,1937.6841662140878,0.0,87,0
A2,Baja demanda con flota de motos,,87,1,0.5911956564403849,0.03594207696321076,1914201.5654414191,3560000.0,1645798.4345585809,1883.7438002218767,0.0,87,0
A2,Baja demanda con flota de motos,,92,0,0.5658637220640199,0.040966937290210115,1928529.107948651,4560000.0,2631470.892051349,1913.7975885448943,0.0,92,0
A2,Baja demanda con flota de motos,,101,1,0.6518627096449235,0.04456550951902163,2113424.7459863564,4980000.0,2866575.2540136436,2301.6390041002514,0.0,101,0
A2,Baja demanda con flota de motos,,88,1,0.5774754552012179,0.043329364349648784,1887152.5650864358,4290000.0,2402847.4349135645,1827.0051843282222,0.0,88,0
A2,Baja demanda con flota de motos,,88,0,0.6363876044978921,0.04026203108258575,1948061.6410183753,3740000.0,1791938.3589816247,1954.7694868305575,0.0,88,0
A2,Baja demanda con flota de motos,,78,0,0.5723417287064005,0.0386355874402511,1806425.4776654409,3490000.0,1683574.5223345591,1657.6701573297184,0.0,78,0
A2,Baja demanda con flota de motos,,98,0,0.5789566209595356,0.04333198676760547,2008221.6978414066,4640000.0,2631778.302158593,2080.962629328476,0.0,98,0
A2,Baja demanda con flota de motos,,102,0,0.5667132833861408,0.04152054548084038,2032976.712499579,4660000.0,2627023.287500421,2132.8893271619895,0.0,102,0
A2,Baja demanda con flota de motos,,95,0,0.6546074759422998,0.061564273514389166,2070995.515238911,4650000.0,2579004.484761089,2212.6384571503086,0.0,95,0
A2,Baja demanda con flota de motos,,95,1,0.5942877773742333,0.04326498619443466,2006136.7243489705,4100000.0,2093863.2756510295,2076.5891401575873,0.0,95,0
A2,Baja demanda con flota de motos,,80,0,0.6255015174731412,0.03935871537109932,1865523.6177537828,3250000.0,1384476.3822462172,1781.6357984438548,0.0,80,0
A2,Baja demanda con flota de motos,,84,0,0.5773045044643303,0.04165431969914276,1838828.518849804,3920000.0,2081171.481150196,1725.639534512536,0.0,84,0
A2,Baja demanda con flota de motos,,98,0,0.5946359952970053,0.035761919301605605,2071429.1246187347,4190000.0,2118570.8753812653,2213.548006328719,0.0,98,0
A2,Baja demanda con flota de motos,,94,1,0.6315209554206445,0.04029770297524968,2048824.9723275467,4470000.0,2421175.0276724533,2166.1330077106604,0.0,94,0
A2,Baja demanda con flota de motos,,92,1,0.5296852936083173,0.040911618405749015,1893384.7772839118,4110000.0,2216615.2227160884,1840.0780184218918,0.0,92,0
A2,Baja demanda con flota de motos,,97,0,0.618948514186424,0.046515098039735414,2050211.1353520043,4360000.0,2309788.8646479957,2169.0406556968505,0.0,97,0
A2,Baja demanda con flota de motos,,82,0,0.6075858869982538,0.03417243366265722,1853204.6140989251,3360000.0,1506795.3859010749,1755.7951682027165,0.0,82,0
A2,Baja demanda con flota de motos,,89,0,0.5961326080019455,0.03369453008764649,1968820.3017106515,3920000.0,1951179.6982893485,1998.3133390997157,0.0,89,0
A2,Baja demanda con flota de motos,,85,0,0.5484607120005219,0.04382833550285496,1835513.786906375,3800000.0,1964486.213093625,1718.6864752474794,0.0,85,0
A2,Baja demanda con flota de motos,,89,0,0.611643048839774,0.04497250018877474,1984740.6997997204,3720000.0,1735259.3002002796,2031.7083385523808,0.0,89,0
A2,Baja demanda con flota de motos,,93,1,0.6007600637049078,0.0429803314553646,1959466.9068431403,4390000.0,2430533.0931568597,1978.693439224501,0.0,93,0
A2,Baja demanda con flota de motos,,96,2,0.5928997346069627,0.03307646009078646,2044445.689225755,4480000.0,2435554.3107742453,2156.946921033103,0.0,96,0
A2,Baja demanda con flota de motos,,97,1,0.6369028604552153,0.042034343861153206,2078121.2310369178,4160000.0,2081878.7689630822,2227.5855252979118,0.0,97,0
A2,Baja demanda con flota de motos,,81,1,0.5971603496745308,0.041080389805861095,1841371.3465773964,3430000.0,1588628.6534226036,1730.9734294375282,0.0,81,0
A2,Baja demanda con flota de motos,,80,0,0.5827730514919388,0.043767063815762536,1846679.4749335023,3600000.0,1753320.5250664977,1742.1078836487268,0.0,80,0
A2,Baja demanda con flota de motos,,102,0,0.5790689051005286,0.050795048979742616,2035436.790298896,4960000.0,2924563.209701104,2138.049643901686,0.0,102,0
A2,Baja demanda con flota de motos,,83,0,0.6127380965786133,0.038585554172488226,1916028.017029482,3740000.0,1823971.982970518,1887.575007798624,0.0,83,0
A2,Baja demanda con flota de motos,,92,3,0.567504366178956,0.04335343070503172,1930228.0473762872,4260000.0,2329771.952623713,1917.3613236310782,0.0,92,0
A2,Baja demanda con flota de motos,,93,0,0.5421692827996591,0.037916113010493066,1883520.6833118435,4240000.0,2356479.3166881567,1819.3868641583274,0.0,93,0
A2,Baja demanda con flota de motos,,103,1,0.5945928388219353,0.05070435781406641,2074202.8571998267,4690000.0,2615797.1428001733,2219.3662526759017,0.0,103,0
A2,Baja demanda con flota de motos,,86,0,0.5441915627337214,0.03917014970953917,1820076.50310551,3880000.0,2059923.49689449,1686.304867627095,0.0,86,0
A2,Baja demanda con flota de motos,,103,0,0.5639541384347951,0.03635791886971796,2045623.8689944367,4890000.0,2844376.1310055633,2159.4182984766903,0.0,103,0
A2,Baja demanda con flota de motos,,87,0,0.6421760758588748,0.040226456578795124,1987718.4322949569,3610000.0,1622281.5677050431,2037.954499891578,0.0,87,0
A2,Baja demanda con flota de motos,,74,0,0.5640068943248459,0.031379421375799244,1761532.936504819,3170000.0,1408467.063495181,1563.502512833627,0.0,74,0
A2,Baja demanda con flota de motos,,96,0,0.6339120762186699,0.040505971286319865,2091038.9875878168,4430000.0,2338961.012412183,2254.6821136202325,0.0,96,0
A2,Baja demanda con flota de motos,,81,1,0.5425767439204171,0.03384673255350338,1792525.502887016,3680000.0,1887474.497112984,1628.5132450766105,0.0,81,0
A2,Baja demanda con flota de motos,,99,0,0.566982429465449,0.04300507419652968,1987877.592914148,4820000.0,2832122.4070858518,2038.28835892959,0.0,99,0
A2,Baja demanda con flota de motos,,90,0,0.629843525648983,0.04114817109454356,2001576.745611642,3450000.0,1448423.254388358,2067.0240220879705,0.0,90,0
A2,Baja demanda con flota de motos,,89,0,0.6005522957050982,0.041145143977762005,1943294.656255626,4020000.0,2076705.343744374,1944.7701480795906,0.0,89,0
A2,Baja demanda con flota de motos,,84,0,0.6360506181306814,0.03604578516396873,1950682.151860799,3920000.0,1969317.848139201,1960.2663316744383,0.0,84,0
A2,Baja demanda con flota de motos,,88,0,0.605525649165087,0.0422583192070714,1952718.857701067,3840000.0,1887281.142298933,1964.5385734890249,0.0,88,0
A2,Baja demanda con flota de motos,,89,1,0.5962693185736236,0.045968983092400606,1939051.2740982745,3870000.0,1930948.7259017255,1935.8691304021788,0.0,89,0
A2,Baja demanda con flota de motos,,83,1,0.5531098553679706,0.04339136463730227,1808265.4483864384,3440000.0,1631734.5516135616,1661.5297229559606,0.0,83,0
A2,Baja demanda con flota de motos,,85,0,0.5764534079975726,0.03434107071278868,1884805.5132421087,3550000.0,1665194.4867578913,1822.0819534756886,0.0,85,0
A2,Baja demanda con flota de motos,,84,0,0.5536137461385655,0.03217890364030886,1852150.8359666746,3820000.0,1967849.1640333254,1753.5847385417976,0.0,84,0
A2,Baja demanda con flota de motos,,89,2,0.5068167585858787,0.044230904662531,1800155.4731072525,3970000.0,2169844.5268927477,1644.518049096151,0.0,89,0
A2,Baja demanda con flota de motos,,78,1,0.6382187241534186,0.03481847095754875,1865341.9871945293,3390000.0,1524658.0128054707,1781.2548059339342,0.0,78,0
A2,Baja demanda con flota de motos,,107,1,0.5771913140138996,0.0481664105247512,2103533.1137225484,4460000.0,2356466.8862774516,2280.8900848717403,0.0,107,0
A2,Baja demanda con flota de motos,,106,0,0.6300233423810193,0.04083601893749898,2179710.2934493185,4780000.0,2600289.7065506815,2440.681119056228,0.0,106,0
A2,Baja demanda con flota de motos,,96,0,0.5876538452329713,0.04731591699387901,2027462.5625278398,4080000.0,2052537.4374721602,2121.322717190435,0.0,96,0
A2,Baja demanda con flota de motos,,97,0,0.6118857794121828,0.05396077228245118,2027963.2610798678,3960000.0,1932036.7389201322,2122.372994185857,0.0,97,0
A2,Baja demanda con flota de motos,,99,0,0.5995694917422744,0.04241842232328119,2035153.0210658475,4170000.0,2134846.9789341525,2137.4544029203207,0.0,99,0
A2,Baja demanda con flota de motos,,103,2,0.6050967698117006,0.04700120322259359,2093108.705148127,4990000.0,2896891.294851873,2259.0236015910104,0.0,103,0
A2,Baja demanda con flota de motos,,90,1,0.5651188426886722,0.03777608318629302,1924196.6950958709,4000000.0,2075803.3049041291,1904.7098179980844,0.0,90,0
A2,Baja demanda con flota de motos,,83,2,0.6084118013595633,0.036636118086272554,1913043.4027577208,3990000.0,2076956.5972422792,1881.3144110840017,0.0,83,0
A2,Baja demanda con flota de motos,,99,0,0.6016688240637428,0.05071410539220834,2060473.954584659,4570000.0,2509526.045415341,2190.5681853942815,0.0,99,0
A2,Baja demanda con flota de motos,,90,0,0.6342338028878449,0.03044396716945213,2036940.2551097828,4350000.0,2313059.744890217,2141.2033468591017,0.0,90,0
A2,Baja demanda con flota de motos,,99,1,0.626544294916504,0.05340144522046699,2040836.835877828,3870000.0,1829163.164122172,2149.376905829686,0.0,99,0
A2,Baja demanda con flota de motos,,82,0,0.5633360421470521,0.03585196338533584,1839117.9147354427,3410000.0,1570882.0852645573,1726.2465780919997,0.0,82,0
A2,Baja demanda con flota de motos,,86,0,0.5855091269141257,0.036617433143417824,1865079.7901466885,4030000.0,2164920.2098533115,1780.7048152728883,0.0,86,0
A2,Baja demanda con flota de motos,,98,0,0.551188081686132,0.046409392094102574,1977450.172319558,4490000.0,2512549.827680442,2016.4155575648995,0.0,98,0
A2,Baja demanda con flota de motos,,116,1,0.5999366196731927,0.05574215470705253,2168318.77631913,5180000.0,3011681.22368087,2416.7860062456434,0.0,116,0
A2,Baja demanda con flota de motos,,75,1,0.5291670331880567,0.03978340232341346,1729502.7464079747,3400000.0,1670497.2535920253,1496.3152368139847,0.0,75,0
A2,Baja demanda con flota de motos,,83,0,0.5986229498898918,0.04112781165800511,1905655.675101579,3540000.0,1634344.324898421,1865.8177407336123,0.0,83,0
A2,Baja demanda con flota de motos,,92,0,0.5766958326794636,0.03744077439032842,1916971.1277538836,3810000.0,1893028.8722461164,1889.5532989160317,0.0,92,0
A2,Baja demanda con flota de motos,,93,1,0.5946824225211288,0.03707849996652395,1997169.5609444417,4190000.0,2192830.4390555583,2057.7794084341213,0.0,93,0
A2,Baja demanda con flota de motos,,97,0,0.5674600648650407,0.04217702182306447,1963005.2127469892,4310000.0,2346994.787253011,1986.115472458932,0.0,97,0
A2,Baja demanda con flota de motos,,78,1,0.6086835679542835,0.04322952935699149,1853385.3520326728,3290000.0,1436614.6479673272,1756.174288320494,0.0,78,0
A2,Baja demanda con flota de motos,,90,0,0.6465690636070675,0.034550046209877956,2084339.2998274777,4150000.0,2065660.7001725223,2240.628691850385,0.0,90,0
A2,Baja demanda con flota de motos,,101,0,0.5577355303832904,0.04893789946707991,1951739.5643309231,5030000.0,3078260.4356690766,1962.4843848074995,0.0,101,0
A2,Baja demanda con flota de motos,,88,0,0.5891282439845575,0.05023707371567973,1869381.2961967245,3690000.0,1820618.7038032755,1789.7277549872697,0.0,88,0
A2,Baja demanda con flota de motos,,84,2,0.5597524225730527,0.04111350532959292,1801768.4347839053,3970000.0,2168231.5652160947,1647.901435240622,0.0,84,0
A2,Baja demanda con flota de motos,,91,1,0.629718537432492,0.03904681396459287,2014236.9173100842,3780000.0,1765763.0826899158,2093.580294398174,0.0,91,0
A2,Baja demanda con flota de motos,,80,2,0.5852055759316575,0.03328363846794707,1809717.3043597536,3550000.0,1740282.6956402464,1664.5751700084127,0.0,80,0
A2,Baja demanda con flota de motos,,114,0,0.6070282661102759,0.0433973608523339,2213506.9002836025,5270000.0,3056493.0997163975,2511.5736721455737,0.0,114,0
A2,Baja demanda con flota de motos,,87,2,0.580585032259835,0.043133734970207706,1934796.6650298906,3710000.0,1775203.3349701094,1926.9445628935596,0.0,87,0
A2,Baja demanda con flota de motos,,100,0,0.6387472076105657,0.04263126244323678,2114679.7706020195,4550000.0,2435320.2293979805,2304.271573092476,0.0,100,0
A2,Baja demanda con flota de motos,,78,0,0.5734293939068963,0.042573812058482444,1803470.8061025504,3590000.0,1786529.1938974496,1651.4723691416675,0.0,78,0
A2,Baja demanda con flota de motos,,105,1,0.6411155309635151,0.11300938422337577,2056312.0861243925,4550000.0,2493687.913875608,2181.8381527547017,0.0,105,0
A2,Baja demanda con flota de motos,,74,0,0.5807460431986221,0.03565418315184583,1798156.402663488,3170000.0,1371843.597336512,1640.324752169667,0.0,74,0
A2,Baja demanda con flota de motos,,76,0,0.602958301913211,0.03227590730546903,1823449.9981254684,3380000.0,1556550.0018745316,1693.3811896961063,0.0,76,0
A2,Baja demanda con flota de motos,,95,0,0.5536470400055478,0.03592971052666451,1941139.483766203,4350000.0,2408860.516233797,1940.2494078504806,0.0,95,0
A2,Baja demanda con flota de motos,,78,0,0.5768847421131366,0.03884086046096064,1817605.8489216405,3340000.0,1522394.1510783595,1681.1223656157513,0.0,78,0
A2,Baja demanda con flota de motos,,103,0,0.6008581936586307,0.04348614789001739,2085949.351226386,4640000.0,2554050.6487736143,2244.0059733281764,0.0,103,0
A2,Baja demanda con flota de motos,,77,0,0.5616570420058746,0.03877911438780526,1783634.4938110125,3160000.0,1376365.5061889875,1609.8632564541094,0.0,77,0
A2,Baja demanda con flota de motos,,105,1,0.6563893736091684,0.05312022542833451,2184530.1568140597,5100000.0,2915469.8431859403,2450.7913771997055,0.0,105,0
A2,Baja demanda con flota de motos,,72,2,0.5732529268360695,0.037535318153599374,1744672.3806796395,3160000.0,1415327.6193203605,1528.1354165208736,0.0,72,0
A2,Baja demanda con flota de motos,,94,2,0.6627872825286271,0.047509228347465356,2080168.8066643986,4070000.0,1989831.1933356014,2231.8805678324316,0.0,94,0
A2,Baja demanda con flota de motos,,78,0,0.6243407713544885,0.04810426010844624,1879734.1476517844,3890000.0,2010265.8523482156,1811.4441383805108,0.0,78,0
A2,Baja demanda con flota de motos,,90,3,0.5807434058044397,0.0344468165494654,1924517.5677822279,3850000.0,1925482.4322177721,1905.3828880510664,0.0,90,0
A2,Baja demanda con flota de motos,,91,0,0.5845844941296064,0.039308576965964515,1958154.4187305972,4380000.0,2421845.581269403,1975.940333456996,0.0,91,0
A2,Baja demanda con flota de motos,,93,0,0.5752942562481564,0.042512516961969844,1948040.200313412,3890000.0,1941959.799686588,1954.724512306268,0.0,93,0
A2,Baja demanda con flota de motos,,97,0,0.6376259519027112,0.04209150668570447,2075265.188768221,4260000.0,2184734.811231779,2221.594624224563,0.0,97,0
A2,Baja demanda con flota de motos,,106,0,0.6501172615905864,0.05619587938799543,2185967.123850016,4780000.0,2594032.876149984,2453.805592868858,0.0,106,0
A2,Baja demanda con flota de motos,,98,0,0.5924406070314674,0.03777673416418352,2096915.6039594843,4290000.0,2193084.396040516,2267.0090415913437,0.0,98,0
A2,Baja demanda con flota de motos,,95,0,0.5668937170271603,0.04341304308474689,1994779.3142020958,4200000.0,2205220.685797904,2052.7655709530595,0.0,95,0
A2,Baja demanda con flota de motos,,81,1,0.5651668526090969,0.03921286716131899,1816956.460237487,3280000.0,1463043.539762513,1679.7601927209164,0.0,81,0
A2,Baja demanda con flota de motos,,85,0,0.5989371359056187,0.03992108788252532,1921213.7471728104,3800000.0,1878786.2528271896,1898.4527166554785,0.0,85,0
A2,Baja demanda con flota de motos,,97,0,0.5916832148912169,0.04283343975882774,2005811.8970958446,4060000.0,2054188.1029041554,2075.907774912846,0.0,97,0
A2,Baja demanda con flota de motos,,92,1,0.5888883551803205,0.04268353903133671,1985297.7486788235,4310000.0,2324702.2513211765,2032.876817312061,0.0,92,0
A2,Baja demanda con flota de motos,,93,2,0.5943827250055509,0.03990944177886766,1958528.4490453415,4440000.0,2481471.5509546585,1976.7249081947825,0.0,93,0
A2,Baja demanda con flota de motos,,93,1,0.5683911775922589,0.0438207574078314,1920052.4751089143,4040000.0,2119947.524891086,1896.0168052089637,0.0,93,0
A2,Baja demanda con flota de motos,,88,2,0.6560567170032329,0.03804241039013383,2046694.2938563232,3890000.0,1843305.7061436768,2161.6636467071066,0.0,88,0
A2,Baja demanda con flota de motos,,69,2,0.5630254201046809,0.03624800849723799,1682838.4057618566,3370000.0,1687161.5942381434,1398.4310242699487,0.0,69,0
A2,Baja demanda con flota de motos,,90,1,0.607721710539929,0.036806074020851606,1961771.7232251698,4150000.0,2188228.27677483,1983.5280759833136,0.0,90,0
A2,Baja demanda con flota de motos,,72,0,0.6129846503405346,0.029482961199336095,1805985.4317378725,3260000.0,1454014.5682621275,1656.7471066981889,0.0,72,0
A2,Baja demanda con flota de motos,,97,1,0.5715211275766657,0.05426344103698547,1944491.024244279,4160000.0,2215508.9757557213,1947.2796775588606,0.0,97,0
A2,Baja demanda con flota de motos,,96,1,0.6265641593597093,0.04643102800734738,2038612.3708973548,4630000.0,2591387.6291026454,2144.7108160504063,0.0,96,0
A2,Baja demanda con flota de motos,,97,2,0.607249664096611,0.04317258330080337,2024634.9264479047,4560000.0,2535365.0735520953,2115.3914016031304,0.0,97,0
A2,Baja demanda con flota de motos,,107,0,0.6115467370214741,0.03652023980512495,2196424.9375103787,5410000.0,3213575.0624896213,2475.742147439294,0.0,107,0
A2,Baja demanda con flota de motos,,91,1,0.5480104866150494,0.03476621585326707,1924557.7096744117,4080000.0,2155442.2903255885,1905.4670906231368,0.0,91,0
A2,Baja demanda con flota de motos,,72,0,0.5576775591752064,0.03971727808562336,1710828.6827947425,3460000.0,1749171.3172052575,1457.1440841421743,0.0,72,0
A2,Baja demanda con flota de motos,,90,0,0.63812429193788,0.05345330770440477,2021098.954536115,3850000.0,1828901.045463885,2107.9742642050464,0.0,90,0
A2,Baja demanda con flota de motos,,66,2,0.5150619580606545,0.031555437180000756,1620614.1422485865,2880000.0,1259385.8577514135,1267.9079535312285,0.0,66,0
A2,Baja demanda con flota de motos,,93,0,0.6191425892090013,0.036292019213918364,2042612.7186004648,4040000.0,1997387.2813995352,2153.102038971367,0.0,93,0
A2,Baja demanda con flota de motos,,93,1,0.5740296010223297,0.038509863907615946,1957164.101939517,4290000.0,2332835.898060483,1973.863021789843,0.0,93,0
A2,Baja demanda con flota de motos,,93,0,0.6094958125988088,0.04230916630570893,2009856.2246537043,4440000.0,2430143.775346296,2084.391251005934,0.0,93,0
A2,Baja demanda con flota de motos,,97,1,0.5899387272976812,0.04573789191409883,1988432.3835488467,4560000.0,2571567.6164511535,2039.452100742986,0.0,97,0
A2,Baja demanda con flota de motos,,82,1,0.6003970140704601,0.039574302358768916,1885553.8407886357,3610000.0,1724446.1592113643,1823.6516628426825,0.0,82,0
A2,Baja demanda con flota de motos,,93,1,0.5766248853785143,0.033533691490230964,1973093.8430417902,4190000.0,2216906.15695821,2007.277619365567,0.0,93,0
A2,Baja demanda con flota de motos,,97,1,0.6371129509361805,0.03932222984309802,2083317.0089907472,4410000.0,2326682.991009253,2238.484310677121,0.0,97,0
A2,Baja demanda con flota de motos,,94,0,0.6036205102417528,0.049874479613471766,1982471.9468893723,3970000.0,1987528.0531106277,2026.9493493753885,0.0,94,0
A2,Baja demanda con flota de motos,,82,0,0.5895430401046335,0.03880455115432185,1872164.5340210828,3660000.0,1787835.4659789172,1795.5659397550805,0.0,82,0
A2,Baja demanda con flota de motos,,102,1,0.5965074812234619,0.04343954182925181,2077631.2409248934,4660000.0,2582368.7590751066,2226.5577105767393,0.0,102,0
A2,Baja demanda con flota de motos,,86,1,0.5947173920246455,0.0317575824562433,1940580.2417082167,4280000.0,2339419.7582917833,1939.076328627466,0.0,86,0
A2,Baja demanda con flota de motos,,99,0,0.5918286368750431,0.04026103484874311,2055975.4365313593,4370000.0,2314024.5634686407,2181.1319886932138,0.0,99,0
A2,Baja demanda con flota de motos,,96,1,0.6411020406145049,0.0847803105792007,2002774.8344429384,3930000.0,1927225.1655570616,2069.5371612470253,0.0,96,0
A2,Baja demanda con flota de motos,,94,0,0.5816365934715026,0.04724628956613852,1978086.7571019088,3820000.0,1841913.2428980912,2017.750872695792,0.0,94,0
A2,Baja demanda con flota de motos,,83,2,0.5798456399015692,0.031697995882708316,1858047.7929059635,3940000.0,2081952.2070940365,1765.9543333633726,0.0,83,0
A2,Baja demanda con flota de motos,,103,0,0.6069934961132244,0.04885134799461773,2118463.9322975576,4740000.0,2621536.0677024424,2312.209319186778,0.0,103,0
A2,Baja demanda con flota de motos,,97,1,0.5729358383825953,0.038394024343679,2015946.6730800215,4310000.0,2294053.3269199785,2097.166718096986,0.0,97,0
A2,Baja demanda con flota de motos,,98,0,0.6695472392787907,0.05906940562498388,2047261.592492913,4340000.0,2292738.407507087,2162.853625597864,0.0,98,0
A2,Baja demanda con flota de motos,,75,1,0.6048059710600511,0.04510764924533575,1781787.4985224705,3500000.0,1718212.5014775295,1605.988955930667,0.0,75,0
A2,Baja demanda con flota de motos,,67,0,0.5427399462949157,0.03994250521832419,1669960.0081487177,3460000.0,1790039.9918512823,1371.4169961761868,0.0,67,0
A2,Baja demanda con flota de motos,,84,0,0.6298408947488847,0.04500059974235717,1898380.6770770028,3820000.0,1921619.3229229972,1850.5575346954474,0.0,84,0
A2,Baja demanda con flota de motos,,92,0,0.6071949573357271,0.03879752403360149,2014512.797501064,4060000.0,2045487.202498936,2094.1589871403507,0.0,92,0
A2,Baja demanda con flota de motos,,81,1,0.5890640932412053,0.04136591574990206,1884326.2276373955,3480000.0,1595673.7723626045,1821.0765927794578,0.0,81,0
A2,Baja demanda con flota de motos,,94,0,0.5632768119366935,0.04725383272768741,1966422.2674657004,4220000.0,2253577.7325342996,1993.2831663710208,0.0,94,0
A2,Baja demanda con flota de motos,,92,1,0.589155675692412,0.042733953782863654,1938107.8437742968,4210000.0,2271892.156225703,1933.8901688852209,0.0,92,0
A2,Baja demanda con flota de motos,,95,1,0.6048023529378779,0.0405593944109433,1986618.1130634379,4150000.0,2163381.886936562,2035.6464445321105,0.0,95,0
A2,Baja demanda con flota de motos,,100,0,0.6443945819334824,0.07736882620429797,2086219.4771018485,4050000.0,1963780.5228981515,2244.572595683523,0.0,100,0
A2,Baja demanda con flota de motos,,94,0,0.5700543569736282,0.04949749830321447,1957711.411774048,4270000.0,2312288.588225952,1975.011071701812,0.0,94,0
A2,Baja demanda con flota de motos,,87,1,0.5811967737193694,0.03379044540693744,1933247.5764840022,3460000.0,1526752.4235159978,1923.6951585223485,0.0,87,0
A2,Baja demanda con flota de motos,,103,1,0.5862340267593276,0.049893706243324634,2056897.35111442,4540000.0,2483102.64888558,2183.065818288709,0.0,103,0
A2,Baja demanda con flota de motos,,80,1,0.5551349097766424,0.03441163186643036,1796823.1583114206,3650000.0,1853176.8416885794,1637.5281076285871,0.0,80,0
A2,Baja demanda con flota de motos,,96,0,0.6279232961791155,0.03915349154414586,2082277.5416805902,4730000.0,2647722.4583194098,2236.3038997313915,0.0,96,0
A2,Baja demanda con flota de motos,,90,0,0.5887176375186695,0.037169884014822435,1957699.4159618714,4300000.0,2342300.5840381286,1974.9859090055731,0.0,90,0
A2,Baja demanda con flota de motos,,103,3,0.5576151763015523,0.05241227451791069,1997664.0076604616,4740000.0,2742335.9923395384,2058.816571432084,0.0,103,0
A2,Baja demanda con flota de motos,,94,1,0.6072578278706093,0.03890817258460071,2021670.278249008,4120000.0,2098329.721750992,2109.1726861900097,0.0,94,0
A2,Baja demanda con flota de motos,,120,1,0.633922066611548,0.06632465050325277,2289567.5526283584,5450000.0,3160432.4473716416,2671.120275767656,0.0,120,0
A2,Baja demanda con flota de motos,,110,0,0.588428236997163,0.047730274101453286,2126207.1483700443,4850000.0,2723792.8516299557,2328.451670355133,0.0,110,0
A2,Baja demanda con flota de motos,,102,0,0.5416391387781668,0.04097212217778729,2013658.9854980118,4460000.0,2446341.014501988,2092.368011109784,0.0,102,0
A2,Baja demanda con flota de motos,,94,4,0.5443225185050674,0.031674504386166834,1949451.765959997,4220000.0,2270548.2340400033,1957.6854454268716,0.0,94,0
A2,Baja demanda con flota de motos,,81,2,0.5882479937690155,0.041795249135725215,1859560.640742586,3580000.0,1720439.359257414,1769.1277183750587,0.0,81,0
A2,Baja demanda con flota de motos,,103,2,0.580900139114305,0.051520708001114954,2049962.9891098663,4890000.0,2840037.0108901337,2168.5201383345334,0.0,103,0
A2,Baja demanda con flota de motos,,101,0,0.6366540222576648,0.04263107505007205,2108086.0896302587,4280000.0,2171913.9103697413,2290.440513642136,0.0,101,0
A2,Baja demanda con flota de motos,,92,1,0.6007299274144519,0.04115343444410315,2026719.7837487648,4060000.0,2033280.2162512352,2119.7646470478494,0.0,92,0
A2,Baja demanda con flota de motos,,84,0,0.5638683657102769,0.04550618483384953,1842091.198096278,4120000.0,2277908.801903722,1732.4834068227995,0.0,84,0
A2,Baja demanda con flota de motos,,92,1,0.5748237398194584,0.03977374642707247,1930916.7271120513,3760000.0,1829083.2728879487,1918.805914354894,0.0,92,0
A2,Baja demanda con flota de motos,,113,0,0.5155039045330555,0.04284850162204736,2021905.5427253088,5290000.0,3268094.457274691,2109.6661824589705,0.0,113,0
A2,Baja demanda con flota de motos,,93,0,0.6297782074128206,0.047817067442552846,2021663.0357008378,3790000.0,1768336.9642991622,2109.1574940515466,0.0,93,0
A2,Baja demanda con flota de motos,,83,2,0.6123962049399232,0.034547989979954584,1899529.3129411521,4040000.0,2140470.687058848,1852.9669401537756,0.0,83,0
A2,Baja demanda con flota de motos,,88,0,0.5665431917646648,0.037804476252588114,1929375.5975290402,3740000.0,1810624.4024709598,1915.5732048903922,0.0,88,0
A2,Baja demanda con flota de motos,,102,0,0.630817585020426,0.04461677783496697,2130759.735383405,4460000.0,2329240.264616595,2338.001283371638,0.0,102,0
A2,Baja demanda con flota de motos,,98,2,0.6211708107321602,0.040443352817268984,2087275.337282991,4540000.0,2452724.662717009,2246.7873926989,0.0,98,0
A2,Baja demanda con flota de motos,,91,0,0.6299304500829207,0.04155656077973757,2016290.8074773161,3730000.0,1713709.1925226839,2097.888582458986,0.0,91,0
A2,Baja demanda con flota de motos,,100,1,0.6531349198268803,0.0526080890695186,2138407.8672917075,4250000.0,2111592.1327082925,2354.0441837729218,0.0,100,0
A2,Baja demanda con flota de motos,,103,0,0.5848122153579768,0.04374249380979045,2070321.1721767362,4490000.0,2419678.8278232636,2211.2239393683876,0.0,103,0
A2,Baja demanda con flota de motos,,77,0,0.5982006658055449,0.03771785943997666,1863407.1372454644,3410000.0,1546592.8627545356,1777.19621941942,0.0,77,0
A2,Baja demanda con flota de motos,,96,0,0.5537320482698308,0.04045128184710947,1932735.7887628516,4080000.0,2147264.2112371484,1922.621620626367,0.0,96,0
A2,Baja demanda con flota de motos,,95,0,0.5333940008700091,0.04806791223279062,1879501.5579895503,4250000.0,2370498.4420104497,1810.9562528641104,0.0,95,0
A2,Baja demanda con flota de motos,,76,1,0.5547473236855485,0.04028900145459755,1751676.2566665164,3580000.0,1828323.7433334836,1542.826910630488,0.0,76,0
A2,Baja demanda con flota de motos,,99,0,0.5604725673304031,0.05212682240729296,1982615.5032399872,4520000.0,2537384.4967600126,2027.2504765346098,0.0,99,0
A2,Baja demanda con flota de motos,,98,1,0.5793420362927242,0.040910175315628766,1964864.833596578,4390000.0,2425135.166403422,1990.0162566545719,0.0,98,0
A2,Baja demanda con flota de motos,,104,0,0.6912290855204346,0.04911514970763256,2239637.593247608,4620000.0,2380362.406752392,2566.3860249742283,0.0,104,0
A2,Baja demanda con flota de motos,,80,0,0.6026594331549467,0.032735047736509516,1838210.0146719944,3550000.0,1711789.9853280056,1724.3421456806823,0.0,80,0
A2,Baja demanda con flota de motos,,76,0,0.5707337003327373,0.034337715656721335,1796634.2467702983,3530000.0,1733365.7532297017,1637.1318423607797,0.0,76,0
A2,Baja demanda con flota de motos,,100,0,0.6697826078507062,0.04001331831653242,2172425.9023680347,4700000.0,2527574.0976319653,2425.4012099225774,0.0,100,0
A2,Baja demanda con flota de motos,,90,2,0.6077109514153297,0.04044314182248476,1967098.3957743635,4050000.0,2082901.6042256365,1994.7014289277363,0.0,90,0
A2,Baja demanda con flota de motos,,88,0,0.6041658813702273,0.036057316102904066,1931346.5003590304,3940000.0,2008653.4996409696,1919.7074167713104,0.0,88,0
A2,Baja demanda con flota de motos,,90,2,0.5924350440270163,0.044751580747211764,1947688.4454354052,3950000.0,2002311.5545645948,1953.9866630456675,0.0,90,0
A2,Baja demanda con flota de motos,,85,0,0.5971047457388625,0.06433951536999744,1864265.7903552242,3700000.0,1835734.2096447758,1778.997350268667,0.0,85,0
A2,Baja demanda con flota de motos,,75,0,0.5845215638287555,0.035404714313894366,1789967.730365291,3400000.0,1610032.269634709,1623.1480016018425,0.0,75,0
A2,Baja demanda con flota de motos,,85,1,0.5729638276064785,0.04093117888699105,1858010.6567663245,4200000.0,2341989.3432336757,1765.8764357281495,0.0,85,0
A2,Baja demanda con flota de motos,,99,0,0.5581260551855054,0.04741202770718369,1962501.0462787563,4570000.0,2607498.953721244,1985.0579210813496,0.0,99,0
A2,Baja demanda con flota de motos,,77,0,0.5590055921834688,0.03241897806091065,1798250.8965328042,3210000.0,1411749.1034671958,1640.5229647204076,0.0,77,0
A2,Baja demanda con flota de motos,,96,1,0.6000140656021667,0.03616748771982,2044734.7113145187,4380000.0,2335265.288685481,2157.553180527498,0.0,96,0
A2,Baja demanda con flota de motos,,102,0,0.5958427346269591,0.049980640310292285,2036466.72839452,4760000.0,2723533.27160548,2140.2100661440973,0.0,102,0
A2,Baja demanda con flota de motos,,95,0,0.5667262374279997,0.03311400424362676,1961724.3290571456,4100000.0,2138275.670942854,1983.4286608677915,0.0,95,0
A2,Baja demanda con flota de motos,,86,0,0.5839467618774496,0.035008166535926706,1916638.2579674236,3880000.0,1963361.7420325764,1888.8550634652331,0.0,86,0
A2,Baja demanda con flota de motos,,100,1,0.6333583948440143,0.04602347496591008,2126190.338414227,4650000.0,2523809.661585773,2328.4164093985773,0.0,100,0
A2,Baja demanda con flota de motos,,85,0,0.5042454564812499,0.042225933823617307,1743999.6210159988,3700000.0,1956000.3789840012,1526.724220112757,0.0,85,0
A2,Baja demanda con flota de motos,,99,0,0.6026376210536994,0.04999532566229225,2060580.6936632248,4720000.0,2659419.3063367754,2190.792083782394,0.0,99,0
A2,Baja demanda con flota de motos,,92,0,0.6502790745308712,0.04077127998748159,2074730.5476064084,3910000.0,1835269.4523935916,2220.4731484168487,0.0,92,0
A2,Baja demanda con flota de motos,,93,1,0.5886472876245294,0.03629152943359135,1970893.816613632,4390000.0,2419106.1833863677,2002.6627924653094,0.0,93,0
A2,Baja demanda con flota de motos,,91,0,0.5827527884524564,0.03597763772895832,1982144.126832435,4280000.0,2297855.873167565,2026.2617063553603,0.0,91,0
A2,Baja demanda con flota de motos,,96,0,0.5804930993416891,0.03545594747332032,1997895.457027465,4430000.0,2432104.542972535,2059.302065038538,0.0,96,0
A2,Baja demanda con flota de motos,,90,1,0.5660274958398728,0.03505710794576201,1917380.9480378216,4250000.0,2332619.051962178,1890.412947530421,0.0,90,0
A2,Baja demanda con flota de motos,,89,0,0.6532440321646079,0.04086537712325236,2002730.2018336048,4020000.0,2017269.7981663952,2069.4435388416086,0.0,89,0
A2,Baja demanda con flota de motos,,77,0,0.5895437243248975,0.029786184528673702,1803066.6571899944,3410000.0,1606933.3428100056,1650.624616928554,0.0,77,0
A2,Baja demanda con flota de motos,,88,0,0.6106563686463573,0.037580423109586474,1940127.5105355892,3790000.0,1849872.4894644108,1938.1266691291646,0.0,88,0
A2,Baja demanda con flota de motos,,90,0,0.587320070232286,0.03746742742205052,1957115.7872974565,4100000.0,2142884.2127025435,1973.7616758664508,0.0,90,0
A2,Baja demanda con flota de motos,,109,1,0.5712884781835464,0.038890366962291596,2121405.6148269786,4420000.0,2298594.3851730214,2318.3798612743813,0.0,109,0
A2,Baja demanda con flota de motos,,96,0,0.6186865182249318,0.044656185345093025,2033981.4903059509,4180000.0,2146018.509694049,2134.996972593098,0.0,96,0
A2,Baja demanda con flota de motos,,98,1,0.5509818789626558,0.03740801740184538,1983001.0371669705,4340000.0,2356998.962833029,2028.0591815185264,0.0,98,0
A2,Baja demanda con flota de motos,,101,1,0.5674887280454166,0.04897465573701633,2040330.424091092,5130000.0,3089669.5759089077,2148.3146446194887,0.0,101,0
A2,Baja demanda con flota de motos,,90,0,0.6310456247196996,0.047819704386250966,1980792.946083486,4100000.0,2119207.053916514,2023.427438008603,0.0,90,0
A2,Baja demanda con flota de motos,,82,0,0.5992382888018347,0.03826401183151428,1871709.4810724151,3760000.0,1888290.5189275849,1794.6114100450404,0.0,82,0
A2,Baja demanda con flota de motos,,85,0,0.5760352228264422,0.03659703964233026,1865547.3127932784,4000000.0,2134452.687206722,1781.6855017129922,0.0,85,0
A2,Baja demanda con flota de motos,,80,0,0.6154533563747316,0.04208972349020873,1868628.2279360336,3350000.0,1481371.7720639664,1788.148101387343,0.0,80,0
A2,Baja demanda con flota de motos,,94,1,0.5660218269712166,0.047907120262063785,1927689.7196940742,4420000.0,2492310.2803059258,1912.0368681065395,0.0,94,0
A2,Baja demanda con flota de motos,,86,0,0.5552504400690531,0.030693818515998943,1883288.8962465168,4030000.0,2146711.103753483,1818.9006621879757,0.0,86,0
A2,Baja demanda con flota de motos,,78,1,0.5790875135562896,0.03458988471674083,1801870.8990530581,3690000.0,1888129.1009469419,1648.1163666885109,0.0,78,0
A2,Baja demanda con flota de motos,,84,0,0.6145144502074797,0.03389224977906582,1923366.108229449,3920000.0,1996633.891770551,1902.967559557411,0.0,84,0
A2,Baja demanda con flota de motos,,80,1,0.603805791577196,0.036109994803573936,1869780.5425441533,3600000.0,1730219.4574558467,1790.565223465082,0.0,80,0
A2,Baja demanda con flota de motos,,93,2,0.6325237299234671,0.045824105891589924,2045710.105902645,4040000.0,1994289.894097355,2159.5991910326643,0.0,93,0
A2,Baja demanda con flota de motos,,100,1,0.5829864039554967,0.04389014125418605,2023043.206931202,4350000.0,2326956.7930687983,2112.0525735102847,0.0,100,0
A2,Baja demanda con flota de motos,,90,1,0.5767839857463243,0.03932925875921063,1917961.8788397524,4100000.0,2182038.1211602474,1891.63152157009,0.0,90,0
A2,Baja demanda con flota de motos,,68,3,0.6489562286728816,0.03846336920899649,1787134.2302021254,2990000.0,1202865.7697978746,1617.2043853763803,0.0,68,0
A2,Baja demanda con flota de motos,,88,0,0.5891963087858035,0.038971566035542866,1896925.0965523259,3990000.0,2093074.9034476741,1847.5042749369265,0.0,88,0
A2,Baja demanda con flota de motos,,73,1,0.5817472339855677,0.03536285369646744,1730748.552306256,3590000.0,1859251.447693744,1498.9284684089785,0.0,73,0
A2,Baja demanda con flota de motos,,87,0,0.653387912936789,0.044491111466832906,2005556.7447574292,4010000.0,2004443.2552425708,2075.372561399085,0.0,87,0
A2,Baja demanda con flota de motos,,93,2,0.6081050515267277,0.04270411678108707,1987077.5379383028,3990000.0,2002922.4620616972,2036.6101448968175,0.0,93,0
A2,Baja demanda con flota de motos,,93,2,0.581444503880058,0.044151730640321234,1929691.1265117365,4190000.0,2260308.873488263,1916.2350658655694,0.0,93,0
A2,Baja demanda con flota de motos,,102,2,0.6071188831912363,0.05243207968918375,2047999.661213789,4710000.0,2662000.338786211,2164.4018158121885,0.0,102,0
A2,Baja demanda con flota de motos,,94,0,0.5869860396612009,0.05298631698294814,1927638.541792683,4220000.0,2292361.4582073167,1911.9295161433902,0.0,94,0
A2,Baja demanda con flota de motos,,82,0,0.6531092852508246,0.057211388801622465,1902431.3008006762,3360000.0,1457568.6991993238,1859.054217773231,0.0,82,0
A2,Baja demanda con flota de motos,,88,1,0.529774474369813,0.0405052976060225,1826585.0365948118,3640000.0,1813414.9634051882,1699.957319726402,0.0,88,0
A2,Baja demanda con flota de motos,,86,0,0.6249626968685704,0.03592634605803969,1944831.1288093585,3930000.0,1985168.8711906415,1947.993088850532,0.0,86,0
A2,Baja demanda con flota de motos,,85,0,0.6113773245895776,0.034733768152519016,1950686.4092214415,3550000.0,1599313.5907785585,1960.275262013713,0.0,85,0
A2,Baja demanda con flota de motos,,98,2,0.586242135610873,0.0469262549181883,2044637.8782495519,4140000.0,2095362.1217504481,2157.3500612252374,0.0,98,0
A2,Baja demanda con flota de motos,,94,0,0.5925810328208031,0.03843217038751858,1996290.511186243,4720000.0,2723709.488813757,2055.9354930979803,0.0,94,0
A2,Baja demanda con flota de motos,,91,0,0.6209443494212687,0.040117274410024745,1998155.407001053,4080000.0,2081844.592998947,2059.8473421840636,0.0,91,0
A2,Baja demanda con flota de motos,,74,1,0.560903917480814,0.03973235983608688,1731369.143950202,3370000.0,1638630.856049798,1500.2302359586295,0.0,74,0
A2,Baja demanda con flota de motos,,106,0,0.606621918993254,0.0445087749724735,2100811.582919404,4630000.0,2529188.417080596,2275.1813381951233,0.0,106,0
A2,Baja demanda con flota de motos,,107,0,0.5513637321479806,0.04207268882130955,2038527.3862144344,4510000.0,2471472.613785566,2144.532550191493,0.0,107,0
A2,Baja demanda con flota de motos,,84,1,0.6017197084049437,0.04454680614841685,1913034.2439736347,3570000.0,1656965.7560263653,1881.295199404257,0.0,84,0
A2,Baja demanda con flota de motos,,89,0,0.5526917742847236,0.04623342771542139,1896994.415926443,3770000.0,1873005.584073557,1847.6496808776453,0.0,89,0
A2,Baja demanda con flota de motos,,101,0,0.5799001675888527,0.05161905360517338,2004965.7524232885,4480000.0,2475034.2475767117,2074.1328820540875,0.0,101,0
A2,Baja demanda con flota de motos,,99,0,0.6032162334351825,0.053426702017310215,2061762.1944931,4570000.0,2508237.8055069,2193.2704275616297,0.0,99,0
A2,Baja demanda con flota de motos,,106,0,0.6236294607455052,0.037810710427975285,2185626.695650493,4830000.0,2644373.304349507,2453.091502714007,0.0,106,0
A2,Baja demanda con flota de motos,,72,0,0.575121265994548,0.038040569158435976,1755418.2821425726,3110000.0,1354581.7178574274,1550.6762708051285,0.0,72,0
A2,Baja demanda con flota de motos,,75,0,0.6545818188777881,0.03700642126618786,1895694.7313204964,3350000.0,1454305.2686795036,1844.9234320450826,0.0,75,0
A2,Baja demanda con flota de motos,,103,0,0.5839142999730272,0.04189019008555647,2088809.4086388955,4740000.0,2651190.5913611045,2250.0052966611092,0.0,103,0
A2,Baja demanda con flota de motos,,85,1,0.6035594599968916,0.03662217641545808,1932131.4940152739,3400000.0,1467868.5059847261,1921.354037827762,0.0,85,0
A2,Baja demanda con flota de motos,,83,1,0.5393070443925393,0.03958101804546261,1800534.4676319133,3440000.0,1639465.5323680867,1645.3130368767827,0.0,83,0
A2,Baja demanda con flota de motos,,109,1,0.6299061299206876,0.05889866261707499,2158474.113595004,5020000.0,2861525.886404996,2396.135611422318,0.0,109,0
A2,Baja demanda con flota de motos,,90,0,0.5726017867338571,0.04149754568071411,1917804.0604293544,4050000.0,2132195.939570646,1891.3004779806392,0.0,90,0
A2,Baja demanda con flota de motos,,82,0,0.5452032766813727,0.039557268552519675,1824652.4048080856,3560000.0,1735347.5951919144,1695.903386081098,0.0,82,0
A2,Baja demanda con flota de motos,,79,1,0.5848307556725872,0.03526873874587372,1869338.8957997265,3470000.0,1600661.1042002735,1789.6388149226684,0.0,79,0
A2,Baja demanda con flota de motos,,95,1,0.6178031984401673,0.05353922728352224,1994339.2982197113,4550000.0,2555660.7017802885,2051.8425831352474,0.0,95,0
A2,Baja demanda con flota de motos,,78,0,0.5609998267602838,0.03681159480063449,1778237.549602677,3740000.0,1961762.450397323,1598.542500033633,0.0,78,0
A2,Baja demanda con flota de motos,,80,0,0.6083800284122609,0.03371735545341462,1878633.5260316974,3600000.0,1721366.4739683026,1809.1354487237088,0.0,80,0
A2,Baja demanda con flota de motos,,62,1,0.5890029742446274,0.03550469545180439,1653511.4379629127,2710000.0,1056488.5620370873,1336.914090578041,0.0,62,0
A2,Baja demanda con flota de motos,,105,0,0.6186402106073683,0.04993060849656505,2125813.097454041,4650000.0,2524186.902545959,2327.625099935805,0.0,105,0
A2,Baja demanda con flota de motos,,108,0,0.6491542172090261,0.05522778009425495,2191485.102126989,4840000.0,2648514.897873011,2465.380233183031,0.0,108,0
A2,Baja demanda con flota de motos,,107,0,0.6048992458565583,0.045710147151626496,2162490.4751213887,5210000.0,3047509.5248786113,2404.5604253135834,0.0,107,0
A2,Baja demanda con flota de motos,,93,1,0.6430788191308905,0.039002714025408884,2030622.5669048526,4190000.0,2159377.4330951474,2127.951216292679,0.0,93,0
A2,Baja demanda con flota de motos,,68,0,0.5650037521766522,0.03883642851773407,1668299.3401461,3190000.0,1521700.6598539,1367.933540126394,0.0,68,0
A2,Baja demanda con flota de motos,,83,0,0.5856272692781105,0.0461009748739005,1894206.3192683207,3590000.0,1695793.6807316793,1841.8013041064667,0.0,83,0
A2,Baja demanda con flota de motos,,91,0,0.5953636025926153,0.0421012820809075,1974160.290615547,4030000.0,2055839.709384453,2009.5146247433613,0.0,91,0
A2,Baja demanda con flota de motos,,95,0,0.6108329576714396,0.046918893307849624,2021469.4798910962,4250000.0,2228530.5201089038,2108.751486857241,0.0,95,0
A2,Baja demanda con flota de motos,,84,0,0.6548422005699222,0.04901475581124141,1960705.3089594867,4170000.0,2209294.691040513,1981.291140473313,0.0,84,0
A2,Baja demanda con flota de motos,,79,1,0.6225604596953527,0.043871567868018144,1881745.9667227296,3370000.0,1488254.0332772704,1815.6641771255963,0.0,79,0
A2,Baja demanda con flota de motos,,79,1,0.5885099710292041,0.03509469089005699,1850777.558540816,3920000.0,2069222.441459184,1750.7041196886523,0.0,79,0
A2,Baja demanda con flota de motos,,89,0,0.5941605754873184,0.039796018823176356,1945563.6806750824,3870000.0,1924436.3193249176,1949.5297067804386,0.0,89,0
A2,Baja demanda con flota de motos,,79,1,0.5921178364634834,0.043566409498507964,1823352.0597041268,3670000.0,1846647.9402958732,1693.1757517724557,0.0,79,0
A2,Baja demanda con flota de motos,,104,0,0.5629139015936236,0.04540736265816023,2040008.3192892282,4920000.0,2879991.680710772,2147.6389900521954,0.0,104,0
A2,Baja demanda con flota de motos,,85,0,0.5082909592769173,0.03843314199499644,1775313.7971297689,4050000.0,2274686.202870231,1592.409568452008,0.0,85,0
A2,Baja demanda con flota de motos,,82,0,0.6176038240104875,0.032243923924049796,1903650.3967013462,3460000.0,1556349.6032986538,1861.6114218524149,0.0,82,0
A2,Baja demanda con flota de motos,,99,0,0.5974206304350728,0.0449350098122409,2048739.258122267,4270000.0,2221260.741877733,2165.9532115885777,0.0,99,0
A2,Baja demanda con flota de motos,,74,1,0.5917791131373342,0.03192357474291029,1810000.336451527,3020000.0,1209999.663548473,1665.1688647449978,0.0,74,0
A2,Baja demanda con flota de motos,,95,0,0.6401307811293279,0.058165699897605616,2038283.5746140517,4050000.0,2011716.4253859483,2144.02112527512,0.0,95,0
A2,Baja demanda con flota de motos,,95,0,0.6147920406518739,0.04865259080376097,2037553.4522972896,4100000.0,2062446.5477027104,2142.489603623952,0.0,95,0
A2,Baja demanda con flota de motos,,72,0,0.6309656455175747,0.03349823901842423,1797775.7025851617,3310000.0,1512224.2974148383,1639.526186779765,0.0,72,0
A2,Baja demanda con flota de motos,,90,0,0.5879444640214274,0.048340105847953216,1915578.1530127444,4050000.0,2134421.846987256,1886.6313625135854,0.0,90,0
A2,Baja demanda con flota de motos,,79,0,0.5805371075240303,0.039953810866164875,1820685.2534404232,3270000.0,1449314.7465595768,1687.5817965699237,0.0,79,0
A2,Baja demanda con flota de motos,,105,1,0.5852536177354974,0.036542864150203164,2101259.6363064223,4400000.0,2298740.3636935777,2276.1211854609064,0.0,105,0
A2,Baja demanda con flota de motos,,106,1,0.6021041477260894,0.04120011801250568,2130436.873751266,5180000.0,3049563.126248734,2337.32404125946,0.0,106,0
A2,Baja demanda con flota de motos,,87,1,0.6034801867506918,0.044872287512206864,1950264.6041717187,3910000.0,1959735.3958282813,1959.3904738742572,0.0,87,0
A2,Baja demanda con flota de motos,,92,0,0.607148810053726,0.041839432388012,1953412.8522904878,3910000.0,1956587.1477095122,1965.9943127741992,0.0,92,0
A2,Baja demanda con flota de motos,,82,0,0.5856197792424002,0.04768589593482111,1833911.8990774334,3510000.0,1676088.1009225666,1715.326317865016,0.0,82,0
A2,Baja demanda con flota de motos,,101,0,0.6410627785190923,0.05231343289090208,2128737.4864050145,4780000.0,2651262.5135949855,2333.7593666087096,0.0,101,0
A2,Baja demanda con flota de motos,,97,0,0.5279608138611953,0.02775061326350287,1976504.3285495548,4210000.0,2233495.6714504454,2014.4315335471044,0.0,97,0
A2,Baja demanda con flota de motos,,109,0,0.6177665369484977,0.08154207126962236,2127307.712186147,5170000.0,3042692.287813853,2330.7602387609395,0.0,109,0
A2,Baja demanda con flota de motos,,75,0,0.5549842892281701,0.04424349530209119,1738303.0923305582,3150000.0,1411696.9076694418,1514.7750482850129,0.0,75,0
A2,Baja demanda con flota de motos,,82,1,0.613500914402667,0.0372493422868728,1909032.1819609976,3960000.0,2050967.8180390024,1872.9003805075272,0.0,82,0
A2,Baja demanda con flota de motos,,82,1,0.5811120023268261,0.04046794570276871,1813237.90891259,3860000.0,2046762.09108741,1671.9600724748739,0.0,82,0
A2,Baja demanda con flota de motos,,79,0,0.5474552046047841,0.02913132140449405,1787806.4819913402,3970000.0,2182193.5180086596,1618.614516455218,0.0,79,0
A2,Baja demanda con flota de motos,,91,0,0.5998264737265666,0.04347102928783631,1979570.7160678064,4630000.0,2650429.2839321936,2020.863659736459,0.0,91,0
A2,Baja demanda con flota de motos,,87,1,0.6275472345231682,0.03704260349091207,1982924.0887609012,3760000.0,1777075.9112390988,2027.8977727419242,0.0,87,0
A2,Baja demanda con flota de motos,,101,0,0.6016252863019653,0.04325117442680026,2056729.148658533,4880000.0,2823270.851341467,2182.7129928825307,0.0,101,0
A2,Baja demanda con flota de motos,,89,1,0.6258919216279124,0.042420189578307614,1968431.5305419785,3870000.0,1901568.4694580215,1997.4978436019028,0.0,89,0
A2,Baja demanda con flota de motos,,78,2,0.5502114743657385,0.0425991715529671,1761008.7001798444,3540000.0,1778991.2998201556,1562.4028624550608,0.0,78,0
A2,Baja demanda con flota de motos,,83,1,0.5809413028626552,0.04452665398803231,1864793.0543634654,4040000.0,2175206.9456365346,1780.1033515864767,0.0,83,0
A2,Baja demanda con flota de motos,,89,2,0.540797745202365,0.034467686984406366,1912673.849585874,3920000.0,2007326.150414126,1880.539227705892,0.0,89,0
A2,Baja demanda con flota de motos,,87,0,0.6137890838544527,0.051986766105777724,1940612.9164337725,4110000.0,2169387.0835662275,1939.1448678961447,0.0,87,0
A2,Baja demanda con flota de motos,,97,0,0.6495063513323198,0.04059820406376323,2055003.9050443368,4110000.0,2054996.0949556632,2179.0940815192953,0.0,97,0
A2,Baja demanda con flota de motos,,100,2,0.6205954107766509,0.06820264432295876,2030323.0704863179,4350000.0,2319676.929513682,2127.3229855991312,0.0,100,0
A2,Baja demanda con flota de motos,,92,2,0.5815742563762254,0.04301500265878991,1932542.8012043538,4160000.0,2227457.1987956464,1922.2168054091612,0.0,92,0
A2,Baja demanda con flota de motos,,83,1,0.5866178574895107,0.041312787256951984,1871118.856945272,3490000.0,1618881.143054728,1793.3725030596518,0.0,83,0
A2,Baja demanda con flota de motos,,107,1,0.5931694590864102,0.045906235670997275,2068331.5130625581,4710000.0,2641668.486937442,2207.050383867001,0.0,107,0
A2,Baja demanda con flota de motos,,72,0,0.5520724457655987,0.03739120529798449,1704504.3677380697,3310000.0,1605495.6322619303,1443.8780529365185,0.0,72,0
A2,Baja demanda con flota de motos,,89,0,0.5788024543475864,0.0425489911404369,1902144.0038321207,3920000.0,2017855.9961678793,1858.451576931335,0.0,89,0
A2,Baja demanda con flota de motos,,105,0,0.6299718227695361,0.05958338869104969,2115111.783441007,4750000.0,2634888.216558993,2305.1777733294784,0.0,105,0
A2,Baja demanda con flota de motos,,86,3,0.5996964516780313,0.032995044337072794,1906843.3443963903,3830000.0,1923156.6556036097,1868.3090236291969,0.0,86,0
A2,Baja demanda con flota de motos,,89,0,0.6273677229956105,0.0336054792228893,2023632.5029452725,4170000.0,2146367.4970547277,2113.2886946146205,0.0,89,0
A2,Baja demanda con flota de motos,,85,0,0.5837035879536543,0.038728402423101306,1879845.1604649897,4250000.0,2370154.83953501,1811.6770014543772,0.0,85,0
A2,Baja demanda con flota de motos,,90,0,0.634025724381475,0.044023717622535055,1999970.4784908385,3950000.0,1950029.5215091615,2063.6546786004537,0.0,90,0
A2,Baja demanda con flota de motos,,80,0,0.5847433146699823,0.04857277029571212,1819262.561381937,3700000.0,1880737.438618063,1684.5975244274384,0.0,80,0
A2,Baja demanda con flota de motos,,95,0,0.5609105860195949,0.040723995341837,1982835.10805325,4200000.0,2217164.8919467498,2027.7111247280557,0.0,95,0
A2,Baja demanda con flota de motos,,83,0,0.6021136128102351,0.0371775003859669,1891188.9904263753,3840000.0,1948811.0095736247,1835.4720845441454,0.0,83,0
A2,Baja demanda con flota de motos,,93,0,0.5770313139478752,0.03987473180128422,1961829.0796158188,4490000.0,2528170.920384181,1983.6483880900641,0.0,93,0
A2,Baja demanda con flota de motos,,102,3,0.5687435281007849,0.046240480981682236,2003584.4298894273,4610000.0,2606415.5701105725,2071.235387594201,0.0,102,0
A2,Baja demanda con flota de motos,,103,0,0.5540808096674612,0.05692610198561423,1989425.546513583,4890000.0,2900574.453486417,2041.5353826105759,0.0,103,0
A2,Baja demanda con flota de motos,,96,1,0.5726654268694414,0.03373327952385668,2015272.518219529,3780000.0,1764727.481780471,2095.752595091324,0.0,96,0
A2,Baja demanda con flota de motos,,93,2,0.562240544161053,0.04604355571347998,1930247.0617538258,3940000.0,2009752.9382461742,1917.4012086342009,0.0,93,0
A2,Baja demanda con flota de motos,,100,0,0.5409624236350965,0.041298774412741546,1977862.642728686,4200000.0,2222137.3572713137,2017.2807651438816,0.0,100,0
A2,Baja demanda con flota de motos,,111,0,0.599006737652466,0.04962733822833158,2191756.311287589,4530000.0,2338243.688712411,2465.9491278626183,0.0,111,0
A2,Baja demanda con flota de motos,,92,1,0.6295760587841245,0.04251033013859731,2001613.985052649,4460000.0,2458386.014947351,2067.1021364105577,0.0,92,0
A2,Baja demanda con flota de motos,,107,0,0.5474651231615688,0.043924564479014536,2057542.277360814,4610000.0,2552457.7226391863,2184.4186306697084,0.0,107,0
A2,Baja demanda con flota de motos,,101,0,0.5971849563114634,0.05186062864912244,2081854.0467621596,4380000.0,2298145.9532378404,2235.4155668838025,0.0,101,0
A2,Baja demanda con flota de motos,,93,0,0.5662294909924235,0.04455310776647038,1929109.5806713202,3790000.0,1860890.4193286798,1915.0152017067862,0.0,93,0
A2,Baja demanda con flota de motos,,90,0,0.5833714129963739,0.03856436101782852,1931125.0351273566,4150000.0,2218874.9648726434,1919.24286612068,0.0,90,0
A2,Baja demanda con flota de motos,,82,1,0.6358710527857048,0.03495744018152705,1969835.2754163826,3810000.0,1840164.7245836174,2000.4423716878282,0.0,82,0
A2,Baja demanda con flota de motos,,83,1,0.5911185315622292,0.03778836834672934,1868207.529450108,3990000.0,2121792.4705498917,1787.2656344019936,0.0,83,0
A2,Baja demanda con flota de motos,,96,1,0.5918504515392169,0.04127186107902367,2010661.1147135745,4180000.0,2169338.8852864252,2086.07960722407,0.0,96,0
A2,Baja demanda con flota de motos,,84,0,0.6338728924208687,0.04193760934265837,1942764.2080846871,3420000.0,1477235.7919153129,1943.657467587615,0.0,84,0
A2,Baja demanda con flota de motos,,94,0,0.6350403057548024,0.043402399962282394,2051787.143700645,4770000.0,2718212.8562993547,2172.346527676045,0.0,94,0
A2,Baja demanda con flota de motos,,93,0,0.6398368767385577,0.03751827508249893,2054445.269796735,4040000.0,1985554.730203265,2177.9222751559405,0.0,93,0
A2,Baja demanda con flota de motos,,80,0,0.6415653882735464,0.03681779277264019,1894554.5113737525,3750000.0,1855445.4886262475,1842.531680011974,0.0,80,0
A2,Baja demanda con flota de motos,,87,1,0.6291700219255014,0.04437323137675998,2002344.191395517,3960000.0,1957655.808604483,2068.633834316851,0.0,87,0
A2,Baja demanda con flota de motos,,86,4,0.5875636757673894,0.040434134630561926,1875698.6319554853,3580000.0,1704301.3680445147,1802.9791462543626,0.0,86,0
A2,Baja demanda con flota de motos,,79,0,0.5675175314052558,0.03280145177712155,1819166.296782161,2970000.0,1150833.703217839,1684.395597551061,0.0,79,0
A2,Baja demanda con flota de motos,,107,1,0.6749456216637587,0.07370147962702134,2211624.744561291,4960000.0,2748375.255438709,2507.6256182737566,0.0,107,0
A2,Baja demanda con flota de motos,,105,0,0.6386566262314424,0.04612601737639122,2181997.4305909574,4600000.0,2418002.5694090426,2445.47867142683,0.0,105,0
A2,Baja demanda con flota de motos,,95,0,0.5573107611712389,0.03485216330522095,1955039.9778989623,4100000.0,2144960.0221010377,1969.4074095133894,0.0,95,0
A2,Baja demanda con flota de motos,,102,0,0.6138275000056707,0.0523337460503919,2075957.046492231,4410000.0,2334042.953507769,2223.045881170868,0.0,102,0
A2,Baja demanda con flota de motos,,87,0,0.5865033008326108,0.03855390114104648,1958204.7826374483,3860000.0,1901795.2173625517,1976.0459779661533,0.0,87,0
A2,Baja demanda con flota de motos,,89,0,0.6459570143134759,0.04744092960677734,2003000.0242933426,3970000.0,1966999.9757066574,2070.00952474503,0.0,89,0
A2,Baja demanda con flota de motos,,105,1,0.6531453496484422,0.06778333674159259,2164537.9527835604,4950000.0,2785462.0472164396,2408.8552623537794,0.0,105,0
A2,Baja demanda con flota de motos,,95,0,0.5515979800417184,0.03411327172164878,1950795.9081963813,4500000.0,2549204.0918036187,1960.5049496250233,0.0,95,0
A2,Baja demanda con flota de motos,,76,1,0.6258752072782925,0.05013852493910219,1821186.2290763054,3580000.0,1758813.7709236946,1688.6326547829176,0.0,76,0
A2,Baja demanda con flota de motos,,102,1,0.5318699703686962,0.03349082251442899,1999225.2518455575,5110000.0,3110774.7481544428,2062.091473756454,0.0,102,0
A2,Baja demanda con flota de motos,,93,0,0.5711682190830268,0.03957284226391761,1958018.5655866254,4540000.0,2581981.4344133744,1975.6553647242297,0.0,93,0
A2,Baja demanda con flota de motos,,92,0,0.5716636461690541,0.04250116859530266,1934695.0656697666,4310000.0,2375304.9343302334,1926.7314456990803,0.0,92,0
A2,Baja demanda con flota de motos,,88,0,0.5633792856246362,0.03468657514939365,1928015.7443933247,3990000.0,2061984.2556066753,1912.720745142281,0.0,88,0
A2,Baja demanda con flota de motos,,88,0,0.6056102914323538,0.03962581035288861,1931869.9202418393,3790000.0,1858130.0797581607,1920.80535456169,0.0,88,0
A2,Baja demanda con flota de motos,,83,2,0.6224863466364806,0.03834946530651233,1906137.0563981258,3790000.0,1883862.9436018742,1866.827497402057,0.0,83,0
A2,Baja demanda con flota de motos,,91,1,0.6350004409553758,0.04467663430206714,2003502.1829385748,4030000.0,2026497.8170614252,2071.0628644661138,0.0,91,0
A2,Baja demanda con flota de motos,,89,1,0.6008329265806159,0.03985704147319711,1924283.5089367044,4170000.0,2245716.491063296,1904.8919207414292,0.0,89,0
A2,Baja demanda con flota de motos,,71,0,0.6031109871881939,0.035357905221266944,1816034.8654522863,3280000.0,1463965.1345477137,1677.8270339408969,0.0,71,0
A2,Baja demanda con flota de motos,,89,1,0.5706214026033601,0.04481055940824756,1907140.7829858512,4220000.0,2312859.217014149,1868.9329377723407,0.0,89,0
A2,Baja demanda con flota de motos,,79,2,0.5577233419397704,0.03617698733735287,1789612.0440679702,3570000.0,1780387.9559320298,1622.4019057041212,0.0,79,0
A2,Baja demanda con flota de motos,,80,0,0.5028317339205997,0.0443509149301778,1681670.675596722,3550000.0,1868329.324403278,1395.9815661592056,0.0,80,0
A2,Baja demanda con flota de motos,,79,0,0.6076147909283001,0.03645642900135836,1854238.2957135597,3520000.0,1665761.7042864403,1757.963442938176,0.0,79,0
A2,Baja demanda con flota de motos,,98,0,0.5971136017315358,0.03841039331251401,2080691.405064282,4640000.0,2559308.594935718,2232.9767824610117,0.0,98,0
A2,Baja demanda con flota de motos,,97,0,0.5397961121272528,0.04797229064973942,1912086.5545507919,4360000.0,2447913.445449208,1879.3073039018886,0.0,97,0
A2,Baja demanda con flota de motos,,83,1,0.6260489140755549,0.04173553646060202,1907552.449608822,3440000.0,1532447.550391178,1869.7964593106763,0.0,83,0
A2,Baja demanda con flota de motos,,89,0,0.5538615752808358,0.03318821837213484,1877541.3238542164,3870000.0,1992458.6761457836,1806.8444198866707,0.0,89,0
A2,Baja demanda con flota de motos,,78,0,0.6409344441704921,0.04438127919262315,1893234.4290483857,3490000.0,1596765.5709516143,1839.762644446,0.0,78,0
A2,Baja demanda con flota de motos,,86,0,0.6038463810207102,0.040372698493076495,1914084.650848451,3880000.0,1965915.349151549,1883.4985574367215,0.0,86,0
A2,Baja demanda con flota de motos,,78,1,0.6166405491641116,0.03577305202786592,1855132.1991360153,3540000.0,1684867.8008639847,1759.8385156679274,0.0,78,0
A2,Baja demanda con flota de motos,,104,0,0.6170231794840605,0.03619794670721888,2159017.557836608,4270000.0,2110982.442163392,2397.27555277613,0.0,104,0
A2,Baja demanda con flota de motos,,94,0,0.5481226292904074,0.042287723728689004,1933348.5386905596,4520000.0,2586651.4613094404,1923.9069392086003,0.0,94,0
A2,Baja demanda con flota de motos,,95,0,0.5580915125269063,0.04675013792838391,1909863.0816655287,4150000.0,2240136.918334471,1874.6432951647355,0.0,95,0
A2,Baja demanda con flota de motos,,100,1,0.5963699707439007,0.04821198734881194,2017040.3876828137,4850000.0,2832959.6123171863,2099.4609194327386,0.0,100,0
A2,Baja demanda con flota de motos,,105,0,0.6261581683794494,0.04741252538868478,2150286.615596182,4800000.0,2649713.384403818,2378.961324092333,0.0,105,0
A2,Baja demanda con flota de motos,,89,1,0.5747926244779776,0.04872390650606632,1941604.002493329,3620000.0,1678395.997506671,1941.2237931988477,0.0,89,0
A2,Baja demanda con flota de motos,,94,0,0.5993192909103133,0.03168017769287712,2017209.9159755579,4170000.0,2152790.0840244424,2099.816525945324,0.0,94,0
A2,Baja demanda con flota de motos,,91,1,0.6021793380822403,0.033777729938024754,1986409.554807149,3830000.0,1843590.445192851,2035.208967854981,0.0,91,0
A2,Baja demanda con flota de motos,,68,1,0.5444245498485216,0.0381143457197548,1690348.62016695,2890000.0,1199651.37983305,1414.1846256902347,0.0,68,0
A2,Baja demanda con flota de motos,,86,0,0.5327524828373499,0.042062208695808484,1837070.9776121129,3980000.0,2142929.0223878874,1721.952874898725,0.0,86,0
A2,Baja demanda con flota de motos,,93,0,0.6026583911646949,0.03858576470058741,2020991.6969797655,4240000.0,2219008.303020234,2107.7492782458025,0.0,93,0
A2,Baja demanda con flota de motos,,89,0,0.5633384023898383,0.03724376635739834,1903246.9249220698,3970000.0,2066753.0750779302,1860.7650900099154,0.0,89,0
A2,Baja demanda con flota de motos,,86,1,0.5903247704274375,0.04063645252003009,1918779.5751820947,3880000.0,1961220.4248179053,1893.3467405459066,0.0,86,0
A2,Baja demanda con flota de motos,,96,0,0.5742489117802695,0.041929629930981295,1974352.1984027084,4380000.0,2405647.8015972916,2009.917175006951,0.0,96,0
A2,Baja demanda con flota de motos,,90,0,0.5852915439196822,0.03852099907115515,1941944.9864726674,4550000.0,2608055.013527333,1941.9390491704378,0.0,90,0
A2,Baja demanda con flota de motos,,92,1,0.6246178082758803,0.040916350968379665,1995097.953040929,4310000.0,2314902.046959071,2053.4339552352167,0.0,92,0
A2,Baja demanda con flota de motos,,89,0,0.5764709970172616,0.037086479333603074,1912055.9105135645,4170000.0,2257944.0894864355,1879.2430242525586,0.0,89,0
A2,Baja demanda con flota de motos,,80,0,0.6074589128095849,0.04153063958385578,1858104.097942495,3650000.0,1791895.902057505,1766.0724401251236,0.0,80,0
A2,Baja demanda con flota de motos,,107,0,0.5577723040645609,0.041281877319223684,2044576.6299443205,5210000.0,3165423.370055679,2157.2215853474227,0.0,107,0
A2,Baja demanda con flota de motos,,76,0,0.58576943088382,0.042943864173182134,1752697.9245857869,3730000.0,1977302.0754142131,1544.969985157515,0.0,76,0
A2,Baja demanda con flota de motos,,90,0,0.6483815693262756,0.04005217000081944,2002007.9916440302,3800000.0,1797992.0083559698,2067.9286138535153,0.0,90,0
A2,Baja demanda con flota de motos,,91,0,0.6565281505264863,0.08730379939346926,1933042.0263891895,4180000.0,2246957.9736108105,1923.263991835095,0.0,91,0
A2,Baja demanda con flota de motos,,102,1,0.5820572098337177,0.045981312183877715,2043106.9610692898,4560000.0,2516893.0389307104,2154.1387735356434,0.0,102,0
A2,Baja demanda con flota de motos,,81,1,0.5928785980091223,0.04046796796235445,1884214.7555217661,3680000.0,1795785.2444782339,1820.8427662620827,0.0,81,0
A2,Baja demanda con flota de motos,,84,1,0.5616597770122527,0.039044086245687996,1824693.8539658743,3670000.0,1845306.1460341257,1695.9903308040846,0.0,84,0
A2,Baja demanda con flota de motos,,96,0,0.5804497201166315,0.03605783685638863,2012666.5103490003,4230000.0,2217333.4896509997,2090.286172020548,0.0,96,0
A2,Baja demanda con flota de motos,,97,1,0.5864434143138547,0.045473682200535236,2032082.677384932,4010000.0,1977917.322615068,2131.0139781916146,0.0,97,0
A2,Baja demanda con flota de motos,,96,0,0.5597174271199684,0.044646199428301524,1925413.4047634997,4930000.0,3004586.5952365003,1907.2620166590245,0.0,96,0
A2,Baja demanda con flota de motos,,72,0,0.5625801305109123,0.03299041884877055,1747390.3933043089,3160000.0,1412609.6066956911,1533.836783384022,0.0,72,0
A2,Baja demanda con flota de motos,,84,0,0.5854935342409949,0.04425544734142831,1871669.4480190594,3670000.0,1798330.5519809406,1794.5274357758387,0.0,84,0
A2,Baja demanda con flota de motos,,84,0,0.546436601426939,0.03489147762063417,1871207.8343051602,3820000.0,1948792.1656948398,1793.5591440511755,0.0,84,0
A2,Baja demanda con flota de motos,,94,1,0.6372362688537951,0.044852921978203224,2066128.053392918,4220000.0,2153871.946607082,2202.428355319099,0.0,94,0
A2,Baja demanda con flota de motos,,92,1,0.5387609857197965,0.04032664932289316,1838816.559376464,4660000.0,2821183.440623536,1725.6144480414912,0.0,92,0
A2,Baja demanda con flota de motos,,100,0,0.6073252164503858,0.04124340940766407,2053493.1837036577,4500000.0,2446506.8162963423,2175.925157095239,0.0,100,0
A2,Baja demanda con flota de motos,,91,1,0.6497497052756429,0.03399169145175469,2041527.191603457,4380000.0,2338472.808396543,2150.8250121490432,0.0,91,0
A2,Baja demanda con flota de motos,,90,2,0.6242205986651146,0.03900263138089319,1998089.8380305823,4050000.0,2051910.1619694177,2059.7098031777705,0.0,90,0
A2,Baja demanda con flota de motos,,77,0,0.5636406534614865,0.03620537953802491,1809938.9381485942,3360000.0,1550061.0618514058,1665.0400742284949,0.0,77,0
A2,Baja demanda con flota de motos,,83,1,0.546923067683633,0.038836099231358306,1822030.1536290857,3740000.0,1917969.8463709143,1690.4028906665021,0.0,83,0
A2,Baja demanda con flota de motos,,80,0,0.5391885776414178,0.031061043368260703,1771626.1337989639,3450000.0,1678373.8662010361,1584.6742395849212,0.0,80,0
A2,Baja demanda con flota de motos,,91,0,0.6056110192492085,0.04071830027092378,1997056.318314291,3930000.0,1932943.681685709,2057.5418680440657,0.0,91,0
A2,Baja demanda con flota de motos,,88,0,0.5838769290266181,0.04811231605826361,1935801.493642702,3840000.0,1904198.506357298,1929.0523148974432,0.0,88,0
A2,Baja demanda con flota de motos,,85,1,0.6238684388745236,0.04130656255874904,1943063.7324396442,3800000.0,1856936.2675603558,1944.285756881255,0.0,85,0
A2,Baja demanda con flota de motos,,87,1,0.5933548614940748,0.042535017381519005,1874740.6448528334,3710000.0,1835259.3551471666,1800.969650097937,0.0,87,0
A2,Baja demanda con flota de motos,,99,1,0.6434775524538067,0.04562158709969986,2059690.839372685,4770000.0,2710309.160627315,2188.9255046064677,0.0,99,0
A2,Baja demanda con flota de motos,,93,0,0.5565837661229489,0.04218733656753507,1931828.2738953438,4440000.0,2508171.7261046562,1920.7179962110636,0.0,93,0
A2,Baja demanda con flota de motos,,80,0,0.5521450344671643,0.03430813645962079,1827578.321953624,3850000.0,2022421.678046376,1702.0408583306698,0.0,80,0
A2,Baja demanda con flota de motos,,94,2,0.5785507366416189,0.040253316844650236,1945859.905250253,4470000.0,2524140.094749747,1950.1510743788083,0.0,94,0
A2,Baja demanda con flota de motos,,85,0,0.6574052947734552,0.04550589714373131,1948970.1399681566,3700000.0,1751029.8600318434,1956.6751754798577,0.0,85,0
A2,Baja demanda con flota de motos,,64,0,0.6400502702077276,0.03476088048471012,1757948.107701026,2770000.0,1012051.8922989741,1555.9828920759805,0.0,64,0
A2,Baja demanda con flota de motos,,82,1,0.5324322726308953,0.03522102325441833,1790141.7076395827,3860000.0,2069858.2923604173,1623.5129404021964,0.0,82,0
A2,Baja demanda con flota de motos,,88,1,0.5358622802960619,0.036827563126466845,1856677.9738922215,4040000.0,2183322.026107779,1763.0809689563876,0.0,88,0
A2,Baja demanda con flota de motos,,100,2,0.6394289244014627,0.03997375737586298,2151222.322362872,4850000.0,2698777.677637128,2380.9240844948445,0.0,100,0
A2,Baja demanda con flota de motos,,94,0,0.6202648488351081,0.051127104933541445,2025164.2595838162,4370000.0,2344835.740416184,2116.501743171549,0.0,94,0
A2,Baja demanda con flota de motos,,88,0,0.5637254437180377,0.04163535186766172,1865833.1880371545,3790000.0,1924166.8119628455,1782.2851603119402,0.0,88,0
A2,Baja demanda con flota de motos,,94,1,0.573964966128243,0.04190820401353441,1961725.366342646,4470000.0,2508274.633657354,1983.4308367021208,0.0,94,0
A2,Baja demanda con flota de motos,,87,0,0.5868825737186113,0.036716743353297034,1909042.0724030826,3910000.0,2000957.9275969174,1872.9211269302077,0.0,87,0
A2,Baja demanda con flota de motos,,94,0,0.5848133795984928,0.04200528777902441,1985316.0077648934,4220000.0,2234683.9922351064,2032.9151179981297,0.0,94,0
A2,Baja demanda con flota de motos,,96,0,0.615623761308609,0.051946954732255746,2021570.1782621103,4380000.0,2358429.8217378897,2108.9627141158862,0.0,96,0
A2,Baja demanda con flota de motos,,103,0,0.5878429405284397,0.03423116421178961,2095900.3728247562,4490000.0,2394099.6271752436,2264.8794690141417,0.0,103,0
A2,Baja demanda con flota de motos,,95,0,0.6209358333769714,0.04041237921745841,2087849.3514298026,4250000.0,2162150.6485701976,2247.991458200989,0.0,95,0
A2,Baja demanda con flota de motos,,110,0,0.6504326454693977,0.05887236643808947,2254400.88445051,5200000.0,2945599.11554949,2597.3538499546225,0.0,110,0
A2,Baja demanda con flota de motos,,79,0,0.5511164383664998,0.03695137614419505,1786217.8540676497,3720000.0,1933782.1459323503,1615.2821733601972,0.0,79,0
A2,Baja demanda con flota de motos,,96,0,0.5787945235244675,0.04331698082950051,2031537.783425766,4230000.0,2198462.216574234,2129.870995876328,0.0,96,0
A2,Baja demanda con flota de motos,,97,2,0.6082835571306504,0.03801597693865939,2053241.6397579014,4260000.0,2206758.3602420986,2175.3975126303308,0.0,97,0
A2,Baja demanda con flota de motos,,89,0,0.6285348848969401,0.043529486017750356,1974007.3859928905,3770000.0,1795992.6140071095,2009.193888430024,0.0,89,0
A2,Baja demanda con flota de motos,,74,0,0.5520603511146586,0.039363839042591504,1715902.486064736,2770000.0,1054097.513935264,1467.7870125712539,0.0,74,0
A2,Baja demanda con flota de motos,,78,0,0.5818272992552312,0.03345837871936404,1854847.6690685714,3940000.0,2085152.3309314286,1759.2416787425293,0.0,78,0
A2,Baja demanda con flota de motos,,78,0,0.6328330508171152,0.0413453940209357,1887807.4707521577,3590000.0,1702192.5292478423,1828.3789297726485,0.0,78,0
A2,Baja demanda con flota de motos,,83,1,0.6291992583526486,0.033081534802088676,1916202.450821527,3490000.0,1573797.549178473,1887.940904201293,0.0,83,0
A2,Baja demanda con flota de motos,,98,0,0.5680294978518419,0.03958028940690422,2019107.5925861362,4090000.0,2070892.4074138638,2103.7971367954447,0.0,98,0
A2,Baja demanda con flota de motos,,79,1,0.6860428343762764,0.04384852487272412,1920994.4600270325,3220000.0,1299005.5399729675,1897.9927348087786,0.0,79,0
A2,Baja demanda con flota de motos,,100,0,0.5838289171731172,0.04339273635522003,2032645.0376367252,4300000.0,2267354.962363275,2132.1935982108985,0.0,100,0
A2,Baja demanda con flota de motos,,92,0,0.6250179317603497,0.05690787698598247,1965634.81622306,4010000.0,2044365.18377694,1991.63139022385,0.0,92,0
A2,Baja demanda con flota de motos,,97,1,0.5627411451345119,0.03767720110448616,1992649.7794371832,4360000.0,2367350.2205628166,2048.2986090146196,0.0,97,0
A2,Baja demanda con flota de motos,,76,0,0.5888976741549171,0.042195066918630314,1828451.7797506242,3680000.0,1851548.2202493758,1703.8730438381904,0.0,76,0
A2,Baja demanda con flota de motos,,109,0,0.5596362877718372,0.040760891712594574,2102821.079516349,4320000.0,2217178.920483651,2279.396505264418,0.0,109,0
A2,Baja demanda con flota de motos,,77,0,0.5923976096907958,0.03922899404495437,1831562.5239165311,3410000.0,1578437.4760834689,1710.398213569289,0.0,77,0
A2,Baja demanda con flota de motos,,88,0,0.5385709560510752,0.04058051709176624,1858496.290629718,3940000.0,2081503.709370282,1766.895112680291,0.0,88,0
A2,Baja demanda con flota de motos,,96,1,0.617404607180561,0.04072061639239557,2059646.4862722561,4230000.0,2170353.513727744,2188.8324685054667,0.0,96,0
A2,Baja demanda con flota de motos,,88,0,0.5780041617052715,0.045405499317406964,1938424.6790067216,4240000.0,2301575.320993278,1934.5547698803914,0.0,88,0
A2,Baja demanda con flota de motos,,103,0,0.5448626376667844,0.04194858718000624,2001201.8406055437,4590000.0,2588798.159394456,2066.2376125771407,0.0,103,0
A2,Baja demanda con flota de motos,,90,0,0.590309366960165,0.03868778148582102,1913303.2259448254,3800000.0,1886696.7740551746,1881.859422279238,0.0,90,0
A2,Baja demanda con flota de motos,,101,1,0.6347688671565116,0.043546137680962646,2108971.794254924,4380000.0,2271028.205745076,2292.2983883818524,0.0,101,0
A2,Baja demanda con flota de motos,,91,0,0.6323355152642063,0.03608360891276471,2045236.5923813586,4280000.0,2234763.4076186414,2158.6059379936532,0.0,91,0
A2,Baja demanda con flota de motos,,117,1,0.6219077004566017,0.0928983303437458,2192786.212370638,5010000.0,2817213.787629362,2468.1094724665822,0.0,117,0
A2,Baja demanda con flota de motos,,71,0,0.6088562125636204,0.033031697945069306,1811100.067938743,3430000.0,1618899.932061257,1667.4756872382684,0.0,71,0
A2,Baja demanda con flota de motos,,96,1,0.5795731674386105,0.044063117515195295,1996250.8267000325,4330000.0,2333749.1732999673,2055.8522499913765,0.0,96,0
A2,Baja demanda con flota de motos,,91,0,0.6709321264041858,0.04368995733170909,2071039.8956153393,4030000.0,1958960.1043846607,2212.7315504660833,0.0,91,0
A2,Baja demanda con flota de motos,,93,0,0.6355940675502776,0.0602547516270796,2036074.0711036457,4140000.0,2103925.9288963545,2139.386419025448,0.0,93,0
A2,Baja demanda con flota de motos,,93,0,0.6323643322600698,0.04256189314713893,2046657.1567707935,3990000.0,1943342.8432292065,2161.5857470877627,0.0,93,0
A2,Baja demanda con flota de motos,,95,0,0.6396989210081035,0.048208805147438145,2047005.3639295476,4200000.0,2152994.6360704526,2162.3161545694707,0.0,95,0
A2,Baja demanda con flota de motos,,82,1,0.5650845125553347,0.046483896131188356,1838844.9798347098,3310000.0,1471155.0201652902,1725.6740634595394,0.0,82,0
A2,Baja demanda con flota de motos,,100,0,0.5694935914779531,0.03950232182923962,2003974.0263477196,4450000.0,2446025.9736522804,2072.052614238826,0.0,100,0
A2,Baja demanda con flota de motos,,110,0,0.6119621062593715,0.040277124982682155,2208648.1638703216,4700000.0,2491351.8361296784,2501.3818729861305,0.0,110,0
A2,Baja demanda con flota de motos,,94,0,0.5823276114666052,0.039154552086949686,2002985.289963288,4420000.0,2417014.710036712,2069.9786176696325,0.0,94,0
A2,Baja demanda con flota de motos,,101,0,0.5922310144826557,0.049129406993731445,2059647.294341477,4730000.0,2670352.705658523,2188.8341635303696,0.0,101,0
A2,Baja demanda con flota de motos,,101,0,0.5437317689793805,0.045053790434337736,1987763.5449581307,4830000.0,2842236.4550418695,2038.0491292691577,0.0,101,0
A2,Baja demanda con flota de motos,,83,0,0.5656048051805368,0.0335586847051304,1843904.7075458486,3640000.0,1796095.2924541514,1736.2874666670978,0.0,83,0
A2,Baja demanda con flota de motos,,77,1,0.5615364741564854,0.036796868552970416,1769850.3913794532,3410000.0,1640149.6086205468,1580.9494007463556,0.0,77,0
A2,Baja demanda con flota de motos,,91,2,0.6274312268794208,0.04235475452091728,1998583.8571845822,4230000.0,2231416.1428154176,2060.7460693116404,0.0,91,0
A2,Baja demanda con flota de motos,,92,0,0.6082586444772464,0.05434775148881663,1962407.2862741232,4160000.0,2197592.713725877,1984.8612479023334,0.0,92,0
A2,Baja demanda con flota de motos,,93,0,0.5443937031840368,0.033865982184157366,1916446.972273784,4590000.0,2673553.0277262162,1888.453818119562,0.0,93,0
A2,Baja demanda con flota de motos,,100,1,0.6229354221393807,0.039000557627067216,2099315.2244596207,4150000.0,2050684.7755403793,2272.0425416860207,0.0,100,0
A2,Baja demanda con flota de motos,,96,0,0.5783190369964862,0.03268064877360054,1978417.6515847314,3980000.0,2001582.3484152686,2018.4449647034726,0.0,96,0
A2,Baja demanda con flota de motos,,99,0,0.612086726619958,0.04270433271767621,2047261.6503333154,4270000.0,2222738.349666685,2162.853746925246,0.0,99,0
A2,Baja demanda con flota de motos,,81,0,0.6536942745605228,0.047369636345918655,1956998.5608355936,3680000.0,1723001.4391644064,1973.515778897803,0.0,81,0
A2,Baja demanda con flota de motos,,84,1,0.5935199554857322,0.04084829214015644,1931129.6003176365,3620000.0,1688870.3996823635,1919.252442170607,0.0,84,0
A2,Baja demanda con flota de motos,,90,0,0.576893587241986,0.041660169031797534,1905584.7887950637,4450000.0,2544415.2112049363,1865.6690479588472,0.0,90,0
A2,Baja demanda con flota de motos,,80,1,0.525022495183116,0.0363827234167584,1779823.4921318886,3500000.0,1720176.5078681114,1601.8692101823751,0.0,80,0
A2,Baja demanda con flota de motos,,94,0,0.6439740677420083,0.0707536402832589,2026562.47572946,4070000.0,2043437.52427054,2119.4346740666956,0.0,94,0
A2,Baja demanda con flota de motos,,88,0,0.5986348143898139,0.0402702561695156,1950892.1616105298,3740000.0,1789107.8383894702,1960.7068530381703,0.0,88,0
A2,Baja demanda con flota de motos,,93,2,0.6513461739758679,0.04914067098462543,2082182.8201886765,4090000.0,2007817.1798113235,2236.1052097141605,0.0,93,0
A2,Baja demanda con flota de motos,,109,0,0.6632167994201341,0.06826562697345798,2201966.9662037906,5170000.0,2968033.0337962094,2487.367236469589,0.0,109,0
A2,Baja demanda con flota de motos,,89,2,0.6290247879758875,0.0478464650009494,2038144.8982149984,3670000.0,1631855.1017850016,2143.730234416452,0.0,89,0
A2,Baja demanda con flota de motos,,100,0,0.5870110564085159,0.03624175617577857,2079772.2997130037,4600000.0,2520227.7002869966,2231.0488455758177,0.0,100,0
A2,Baja demanda con flota de motos,,89,2,0.5658337568556719,0.056655613658521814,1865589.9767975989,4070000.0,2204410.023202401,1781.7749947264808,0.0,89,0
A2,Baja demanda con flota de motos,,103,0,0.5654274313071622,0.039438546948019564,2041778.8631150816,4590000.0,2548221.1368849184,2151.352924199101,0.0,103,0
A2,Baja demanda con flota de motos,,88,0,0.6080255422283094,0.04674065056940462,1955196.7324809856,4340000.0,2384803.2675190144,1969.7362215915546,0.0,88,0
A2,Baja demanda con flota de motos,,114,0,0.5905967672839105,0.043330714787190416,2182557.768558975,5570000.0,3387442.231441025,2446.654049456365,0.0,114,0
A2,Baja demanda con flota de motos,,89,2,0.5474242663482921,0.038140629623129134,1877535.3961600703,3920000.0,2042464.6038399297,1806.8319858167663,0.0,89,0
A2,Baja demanda con flota de motos,,86,0,0.6082579715705669,0.039193510156559745,1953475.1010608047,3830000.0,1876524.8989391953,1966.1248872509818,0.0,86,0
A2,Baja demanda con flota de motos,,79,1,0.5789393157373892,0.045457070376425976,1794813.844107284,3520000.0,1725186.155892716,1633.3133231507165,0.0,79,0
A2,Baja demanda con flota de motos,,83,0,0.5755641327432767,0.04208795050570053,1854214.4371733468,3590000.0,1735785.5628266532,1757.9133967061073,0.0,83,0
A2,Baja demanda con flota de motos,,85,0,0.6272588648452266,0.045890969154599635,1946498.6500815405,3800000.0,1853501.3499184595,1951.490920478881,0.0,85,0
A2,Baja demanda con flota de motos,,97,0,0.5964109913514706,0.05580166548243773,1985804.708437872,4510000.0,2524195.291562128,2033.9402279618002,0.0,97,0
A2,Baja demanda con flota de motos,,100,0,0.5681361627387775,0.03844395482783164,2010099.5814177408,4250000.0,2239900.418582259,2084.9017218469503,0.0,100,0
A2,Baja demanda con flota de motos,,99,1,0.5688433024863153,0.04340340954863329,1993700.2644146853,4520000.0,2526299.7355853147,2050.5021308771034,0.0,99,0
A2,Baja demanda con flota de motos,,94,0,0.6434925578771377,0.04100530021506402,2033835.4655897869,3920000.0,1886164.5344102131,2134.6906677325605,0.0,94,0
A2,Baja demanda con flota de motos,,91,1,0.4921159386768308,0.036874385660316,1815614.047203387,4180000.0,2364385.952796613,1676.9443157379296,0.0,91,0
A2,Baja demanda con flota de motos,,102,0,0.5430255613160152,0.040045914226387536,1991786.7149657574,5010000.0,3018213.2850342426,2046.4882247899511,0.0,102,0
A2,Baja demanda con flota de motos,,91,0,0.5831445550998344,0.051504216704589025,1891634.495376073,4380000.0,2488365.504623927,1836.4065861481952,0.0,91,0
A2,Baja demanda con flota de motos,,84,1,0.6546527202596619,0.05779993993831515,1966128.9091412832,3720000.0,1753871.0908587168,1992.6678110872788,0.0,84,0
A2,Baja demanda con flota de motos,,100,1,0.6652551610263813,0.06292151506689633,2142209.7052639136,4750000.0,2607790.2947360864,2362.019008038656,0.0,100,0
A2,Baja demanda con flota de motos,,87,1,0.5902299053184168,0.0494680321155794,1896340.981763622,3810000.0,1913659.018236378,1846.2790220921254,0.0,87,0
A2,Baja demanda con flota de motos,,73,0,0.6269251732308597,0.03960837884469234,1807650.3465110075,2990000.0,1182349.6534889925,1660.2394708731645,0.0,73,0
A2,Baja demanda con flota de motos,,94,1,0.6216547449120392,0.041321381117155644,1989708.6626050435,4570000.0,2580291.3373949565,2042.1292535468685,0.0,94,0
A2,Baja demanda con flota de motos,,95,0,0.6249961829489173,0.04950661547116154,2015873.0088256171,4300000.0,2284126.991174383,2097.0121982337446,0.0,95,0
A2,Baja demanda con flota de motos,,110,0,0.6152070055131776,0.054614797075657806,2236288.635530064,5300000.0,3063711.364469936,2559.36117292476,0.0,110,0
A2,Baja demanda con flota de motos,,84,0,0.6301919616546549,0.0368015782327008,1900291.2207492844,3970000.0,2069708.7792507156,1854.565135795189,0.0,84,0
A2,Baja demanda con flota de motos,,78,0,0.585029882092158,0.04181181443214932,1832407.7392999064,3540000.0,1707592.2607000936,1712.171157129326,0.0,78,0
A2,Baja demanda con flota de motos,,81,0,0.5899697029708044,0.04852468009189083,1830421.2152204667,3880000.0,2049578.7847795333,1708.0041777501376,0.0,81,0
A2,Baja demanda con flota de motos,,100,1,0.6247436397125006,0.045108190123943334,2119643.3886823235,4650000.0,2530356.6113176765,2314.683374490128,0.0,100,0
A2,Baja demanda con flota de motos,,88,0,0.5635588832809715,0.039661334944251884,1873975.5999283453,3890000.0,2016024.4000716547,1799.364873967866,0.0,88,0
A2,Baja demanda con flota de motos,,95,0,0.5415441485579394,0.03828376673054947,1915277.3774225316,4200000.0,2284722.6225774684,1886.0004485995987,0.0,95,0
A2,Baja demanda con flota de motos,,97,0,0.5847984378783669,0.0419597666281216,1985624.6585501097,4660000.0,2674375.3414498903,2033.5625511053743,0.0,97,0
A2,Baja demanda con flota de motos,,86,2,0.635561902805168,0.05559140049864561,1970387.4008179656,3630000.0,1659612.5991820344,2001.6005228458907,0.0,86,0
A2,Baja demanda con flota de motos,,106,1,0.5842745062824379,0.05506257702583872,2081246.6037974057,5030000.0,2948753.396202594,2234.1413803112064,0.0,106,0
A2,Baja demanda con flota de motos,,107,3,0.6050394121299825,0.049331101737225165,2165943.146452873,4660000.0,2494056.853547127,2411.8028294657975,0.0,107,0
A2,Baja demanda con flota de motos,,81,2,0.5726304990254285,0.0323087585726717,1848251.099915718,3530000.0,1681748.900084282,1745.4045609759683,0.0,81,0
A2,Baja demanda con flota de motos,,82,0,0.6017299210522246,0.034660346284666986,1878141.8229205292,3760000.0,1881858.1770794708,1808.1040407754615,0.0,82,0
A2,Baja demanda con flota de motos,,100,1,0.5625911988092583,0.03547390168517639,2010782.2438158172,4700000.0,2689217.756184183,2086.3336904624707,0.0,100,0
A2,Baja demanda con flota de motos,,104,0,0.5911538887512389,0.06269280743543568,2016286.3056869842,4770000.0,2753713.694313016,2097.879139398277,0.0,104,0
A2,Baja demanda con flota de motos,,101,1,0.6008173889202745,0.0446032337174885,2083924.0325269068,4380000.0,2296075.9674730934,2239.7576174464857,0.0,101,0
A2,Baja demanda con flota de motos,,101,0,0.5569477323628842,0.05182629689384577,1955066.8098370787,4680000.0,2724933.1901629213,1969.4636928144516,0.0,101,0
A2,Baja demanda con flota de motos,,98,1,0.6067339738916706,0.05147457640897174,2055552.009730976,4340000.0,2284447.990269024,2180.2437987316357,0.0,98,0
A2,Baja demanda con flota de motos,,93,0,0.561327870188168,0.04026497449733591,1950449.5711706365,4340000.0,2389550.4288293635,1959.778464978062,0.0,93,0
A2,Baja demanda con flota de motos,,86,0,0.5904179001973354,0.04319726568009232,1893727.0707970513,3680000.0,1786272.9292029487,1840.7960213022172,0.0,86,0
A2,Baja demanda con flota de motos,,83,2,0.5671403622194506,0.035022231651649964,1832281.8506149866,3640000.0,1807718.1493850134,1711.9070900789602,0.0,83,0
A2,Baja demanda con flota de motos,,100,0,0.5633001942610301,0.039706058458953815,2063063.211592939,4550000.0,2486936.7884070612,2195.999471464553,0.0,100,0
A2,Baja demanda con flota de motos,,98,0,0.6113193820035864,0.042113284384475896,2060507.0810240707,4740000.0,2679492.9189759293,2190.6376721885085,0.0,98,0
A2,Baja demanda con flota de motos,,86,0,0.5639587096207676,0.033375769853751194,1868744.62608426,4130000.0,2261255.3739157403,1788.3922608659348,0.0,86,0
A2,Baja demanda con flota de motos,,93,0,0.5848103160538671,0.03802718587446225,1960811.4027555606,4690000.0,2729188.5972444396,1981.5136853017775,0.0,93,0
A2,Baja demanda con flota de motos,,90,1,0.6063071475793459,0.03774583241792179,1986852.4117840896,4300000.0,2313147.5882159104,2036.1379150094303,0.0,90,0
A2,Baja demanda con flota de motos,,85,0,0.6385113165686087,0.04164664528123784,1960530.6862599275,3850000.0,1889469.3137400725,1980.924847813821,0.0,85,0
A2,Baja demanda con flota de motos,,92,0,0.5638748492622001,0.047896548969189524,1924842.5537243579,4510000.0,2585157.446275642,1906.0645861655746,0.0,92,0
A2,Baja demanda con flota de motos,,108,0,0.6235062434977635,0.043706872906943806,2204277.471088339,4640000.0,2435722.528911661,2492.2138055643577,0.0,108,0
A2,Baja demanda con flota de motos,,79,6,0.5746362562769097,0.032380616069425945,1844938.1917136204,3920000.0,2075061.8082863796,1738.4553272333933,0.0,79,0
A2,Baja demanda con flota de motos,,90,2,0.6090147179896712,0.037734321095955356,2008140.6679675598,3800000.0,1791859.3320324402,2080.7926591695855,0.0,90,0
A2,Baja demanda con flota de motos,,94,0,0.6200084537140166,0.06633203460569798,1975535.9982352674,4170000.0,2194464.0017647324,2012.4003412279997,0.0,94,0
A2,Baja demanda con flota de motos,,80,1,0.5645085840055512,0.04103211916204692,1796679.3215984637,3600000.0,1803320.6784015363,1637.2263923747603,0.0,80,0
A2,Baja demanda con flota de motos,,96,1,0.6030906234380129,0.03646366726284544,2038406.8222446402,4230000.0,2191593.1777553596,2144.2796523881357,0.0,96,0
A2,Baja demanda con flota de motos,,92,0,0.5753771705219345,0.033869141054706384,1965879.7072412344,4260000.0,2294120.2927587656,1992.1450793522347,0.0,92,0
A2,Baja demanda con flota de motos,,94,0,0.6000189243629932,0.03983443744826876,1984092.445579238,4020000.0,2035907.554420762,2030.348545335084,0.0,94,0
A2,Baja demanda con flota de motos,,99,0,0.6262298327668265,0.041904160306833346,2062544.4530194635,4670000.0,2607455.5469805365,2194.9113113456647,0.0,99,0
A2,Baja demanda con flota de motos,,90,0,0.578818366066393,0.04125649549663684,1925486.6191660862,4050000.0,2124513.3808339136,1907.41559290257,0.0,90,0
A2,Baja demanda con flota de motos,,93,0,0.6069627832445588,0.04313034826797764,2016656.3877362025,4140000.0,2123343.612263798,2098.6554321619333,0.0,93,0
A2,Baja demanda con flota de motos,,84,1,0.5984142607549733,0.05188158765231387,1887683.2432486457,3870000.0,1982316.7567513543,1828.118347255263,0.0,84,0
A2,Baja demanda con flota de motos,,115,1,0.6176906233695829,0.044692766830467835,2179970.536411869,5200000.0,3020029.463588131,2441.2270107822583,0.0,115,0
A2,Baja demanda con flota de motos,,101,0,0.650331865626977,0.05493095893994039,2096755.6827561758,4580000.0,2483244.3172438242,2266.673587134293,0.0,101,0
A2,Baja demanda con flota de motos,,113,2,0.6049375824648017,0.047153817893727315,2241243.585137935,4990000.0,2748756.414862065,2569.75479113186,0.0,113,0
A2,Baja demanda con flota de motos,,97,1,0.6208698056793848,0.05436393392348445,2022523.2741633642,4610000.0,2587476.7258366356,2110.96195037384,0.0,97,0
A2,Baja demanda con flota de motos,,85,1,0.5798033934056218,0.03718427782829762,1874700.2856759161,3850000.0,1975299.7143240839,1800.8849917443254,0.0,85,0
A2,Baja demanda con flota de motos,,76,1,0.6316030198562891,0.032006883350114736,1844627.427276308,3280000.0,1435372.572723692,1737.8034604800703,0.0,76,0
A2,Baja demanda con flota de motos,,103,0,0.5686204691686285,0.041433309736679115,2021834.531067201,4590000.0,2568165.468932799,2109.517226743769,0.0,103,0
A2,Baja demanda con flota de motos,,94,2,0.6333792415638453,0.044572061153641374,2040778.995662076,4120000.0,2079221.004337924,2149.255578840082,0.0,94,0
A2,Baja demanda con flota de motos,,86,0,0.5970313909303182,0.03469633711601961,1922404.785981223,3830000.0,1907595.214018777,1900.9510675216147,0.0,86,0
A2,Baja demanda con flota de motos,,85,1,0.6009540820855569,0.04133236464628537,1925043.5402372463,4050000.0,2124956.459762754,1906.4861801766244,0.0,85,0
A2,Baja demanda con flota de motos,,104,0,0.5943114233665796,0.04143200782847348,2078029.3493393485,4320000.0,2241970.6506606517,2227.39279209973,0.0,104,0
A2,Baja demanda con flota de motos,,87,2,0.576175663206768,0.03729529239575218,1903500.479823729,3710000.0,1806499.520176271,1861.2969527029677,0.0,87,0
A2,Baja demanda con flota de motos,,97,0,0.5934383156290479,0.05825558656970865,1977550.877699487,4260000.0,2282449.122300513,2016.626799525609,0.0,97,0
A2,Baja demanda con flota de motos,,97,0,0.5548901751479179,0.045913295103871044,1971064.7914059525,4560000.0,2588935.2085940475,2003.0214331892464,0.0,97,0
A2,Baja demanda con flota de motos,,94,1,0.6222289937832943,0.048024756723012665,2034038.8812508052,4470000.0,2435961.118749195,2135.1173571815493,0.0,94,0
A2,Baja demanda con flota de motos,,102,1,0.56223682670778,0.04460321458972334,2010551.6541703425,4710000.0,2699448.3458296573,2085.85000022801,0.0,102,0
A2,Baja demanda con flota de motos,,89,0,0.5670791192223084,0.03824770932382165,1918078.8440918634,3670000.0,1751921.1559081366,1891.8768706190483,0.0,89,0
A2,Baja demanda con flota de motos,,77,0,0.5836205465760146,0.035470020032080406,1806790.6319576541,3410000.0,1603209.3680423459,1658.4361135150098,0.0,77,0
A2,Baja demanda con flota de motos,,86,0,0.5986860867833119,0.0356493716755237,1933259.0700377023,3830000.0,1896740.9299622977,1923.7192676694515,0.0,86,0
A2,Baja demanda con flota de motos,,87,1,0.5811326010538623,0.041470952853276864,1906849.1360452562,3910000.0,2003150.8639547438,1868.3211723273391,0.0,87,0
A2,Baja demanda con flota de motos,,89,1,0.6338556250196756,0.034554259385352296,2026446.8615907405,4170000.0,2143553.1384092597,2119.1921591447895,0.0,89,0
A2,Baja demanda con flota de motos,,104,1,0.5834179117326522,0.04707775035447252,2086760.3070974762,4670000.0,2583239.692902524,2245.7070533338215,0.0,104,0
A2,Baja demanda con flota de motos,,96,1,0.6059422088846041,0.05070911888924919,2014345.08967651,4380000.0,2365654.91032349,2093.807199284432,0.0,96,0
A2,Baja demanda con flota de motos,,74,0,0.6083031618297768,0.03305517534477957,1782532.55963196,3470000.0,1687467.44036804,1607.5518135429206,0.0,74,0
A2,Baja demanda con flota de motos,,98,0,0.6250489134123686,0.0547281332152365,2060996.4406501034,4290000.0,2229003.5593498964,2191.664164387514,0.0,98,0
A2,Baja demanda con flota de motos,,71,0,0.6361951075661239,0.04452977051631069,1807163.0258173372,3280000.0,1472836.9741826628,1659.217255586376,0.0,71,0
A2,Baja demanda con flota de motos,,83,1,0.6346820568012485,0.03778015725305601,1889955.6479605834,3740000.0,1850044.3520394166,1832.884996536695,0.0,83,0
A2,Baja demanda con flota de motos,,79,0,0.5819492848413486,0.03940423988467831,1823987.3633894795,3570000.0,1746012.6366105205,1694.5083796443166,0.0,79,0
A2,Baja demanda con flota de motos,,84,0,0.5239297061615428,0.035033099700770426,1777201.4435479431,3620000.0,1842798.5564520569,1596.3691397359087,0.0,84,0
A2,Baja demanda con flota de motos,,91,0,0.603080018629522,0.0400482036891515,1947489.0740582035,4080000.0,2132510.9259417965,1953.5684569810173,0.0,91,0
A2,Baja demanda con flota de motos,,92,0,0.5461753859103706,0.0371208015064508,1913844.165346058,4110000.0,2196155.834653942,1882.994109421296,0.0,92,0
A2,Baja demanda con flota de motos,,96,0,0.5930177908636255,0.040769458395755916,1997308.7026442408,4680000.0,2682691.297355759,2058.0712753185176,0.0,96,0
A2,Baja demanda con flota de motos,,96,0,0.583918906838713,0.04555206674214357,2025130.365775286,4380000.0,2354869.634224714,2116.4306467259094,0.0,96,0
A2,Baja demanda con flota de motos,,98,1,0.6109294313723537,0.04811273732578194,2042504.3786292095,4340000.0,2297495.6213707905,2152.8747825133014,0.0,98,0
A2,Baja demanda con flota de motos,,92,1,0.5956858104063082,0.039526299893028985,1968388.8112783842,3860000.0,1891611.1887216158,1997.4082346752684,0.0,92,0
A2,Baja demanda con flota de motos,,88,0,0.5539994276313268,0.03601864231864656,1879601.125470105,3690000.0,1810398.874529895,1811.1651079404724,0.0,88,0
A2,Baja demanda con flota de motos,,83,1,0.6374013636488295,0.03703222923032462,1913531.7742470286,3840000.0,1926468.2257529714,1882.3388305443,0.0,83,0
A2,Baja demanda con flota de motos,,84,0,0.5773611034048038,0.038046555588651956,1861354.4073052695,3520000.0,1658645.5926947305,1772.8903650779775,0.0,84,0
A2,Baja demanda con flota de motos,,88,1,0.6276597355540471,0.03643681326237835,1976904.3590646153,3990000.0,2013095.6409353847,2015.2706469132877,0.0,88,0
A2,Baja demanda con flota de motos,,93,1,0.645701729448489,0.03999962872995362,2068982.1525550156,3990000.0,1921017.8474449844,2208.415180486588,0.0,93,0
A2,Baja demanda con flota de motos,,112,0,0.6296788576198554,0.05775421742602577,2209376.6565462323,5210000.0,3000623.3434537677,2502.9099762645283,0.0,112,0
A2,Baja demanda con flota de motos,,86,1,0.5020617372609685,0.03884107567543971,1774212.60485205,3830000.0,2055787.39514795,1590.0996817704072,0.0,86,0
A2,Baja demanda con flota de motos,,85,1,0.5973130680742755,0.04292607819053372,1892633.822898896,3900000.0,2007366.177101104,1838.502798937033,0.0,85,0
A2,Baja demanda con flota de motos,,87,0,0.5920999635287983,0.04213299087011947,1916404.9549611998,3910000.0,1993595.0450388002,1888.3656816217883,0.0,87,0
A2,Baja demanda con flota de motos,,78,0,0.6385074714999984,0.04054279938257604,1875366.6174484694,3290000.0,1414633.3825515306,1802.282704857728,0.0,78,0
A2,Baja demanda con flota de motos,,99,0,0.5628010371510175,0.04171872009335927,2014882.7806575566,4520000.0,2505117.219342443,2094.935072464314,0.0,99,0
A2,Baja demanda con flota de motos,,93,0,0.5449095649299724,0.03416852590729633,1907742.1305491743,4240000.0,2332257.8694508257,1870.1943384883077,0.0,93,0
A2,Baja demanda con flota de motos,,98,1,0.5776284429043741,0.03929915877391234,2002525.3650941076,4390000.0,2387474.6349058924,2069.0138685051584,0.0,98,0
A2,Baja demanda con flota de motos,,96,0,0.574383370297598,0.04687768862527681,1973404.616877386,4180000.0,2206595.3831226137,2007.9295058329544,0.0,96,0
A2,Baja demanda con flota de motos,,94,2,0.5963581763589357,0.04429217658031038,2025730.5812448293,4320000.0,2294269.418755171,2117.6896727354797,0.0,94,0
A2,Baja demanda con flota de motos,,98,0,0.6198974531492312,0.05131950317604935,2075492.5225072927,4040000.0,1964507.4774927073,2222.071484793593,0.0,98,0
A2,Baja demanda con flota de motos,,93,1,0.6009474542402501,0.053938201966092204,1967447.1598849082,3940000.0,1972552.8401150918,1995.4330046845455,0.0,93,0
A2,Baja demanda con flota de motos,,89,0,0.613173181823142,0.0395365373593287,1994478.1731325877,4120000.0,2125521.8268674123,2052.133890401156,0.0,89,0
A2,Baja demanda con flota de motos,,90,0,0.5677299748037616,0.04114606006013804,1879415.9574781444,4200000.0,2320584.042521856,1810.7766952289567,0.0,90,0
A2,Baja demanda con flota de motos,,117,0,0.5547507948424263,0.043129358408559165,2141173.404593274,5310000.0,3168826.595406726,2359.8452395100594,0.0,117,0
A2,Baja demanda con flota de motos,,78,2,0.6112377326128081,0.045177075895180434,1853913.4092021335,3540000.0,1686086.5907978665,1757.2819533918362,0.0,78,0
A2,Baja demanda con flota de motos,,99,0,0.6200749953681192,0.0482690855726749,2068678.0291495186,4220000.0,2151321.9708504817,2207.777244116956,0.0,99,0
A2,Baja demanda con flota de motos,,89,0,0.5507159426271635,0.040624350958875025,1913292.0892437673,4320000.0,2406707.9107562327,1881.836061674582,0.0,89,0
A2,Baja demanda con flota de motos,,96,1,0.5482639309861893,0.03170079214030854,1949379.320121492,3730000.0,1780620.679878508,1957.5334813413212,0.0,96,0
A2,Baja demanda con flota de motos,,76,0,0.5641833926264188,0.03591746889917679,1742618.2740026556,3380000.0,1637381.7259973444,1523.826674304138,0.0,76,0
A2,Baja demanda con flota de motos,,88,0,0.6023022878820465,0.04384691722023329,1909471.488584754,3990000.0,2080528.511415246,1873.8218803580842,0.0,88,0
A2,Baja demanda con flota de motos,,81,0,0.6229122728323091,0.037192811548909625,1865565.700900449,3730000.0,1864434.299099551,1781.7240730367398,0.0,81,0
A2,Baja demanda con flota de motos,,94,1,0.5900628033214267,0.047183885184623194,1980860.5978817395,4070000.0,2089139.4021182605,2023.5693460031796,0.0,94,0
A2,Baja demanda con flota de motos,,103,1,0.5854078127136629,0.047338382698861876,2053005.0249750058,4640000.0,2586994.9750249945,2174.901183926671,0.0,103,0
A2,Baja demanda con flota de motos,,112,0,0.5999986558543735,0.045155227602347865,2153404.6202318203,5110000.0,2956595.3797681797,2385.5017235545843,0.0,112,0
A2,Baja demanda con flota de motos,,92,0,0.5994419971162018,0.03808108907153247,1990789.5850888991,4010000.0,2019210.4149111009,2044.3966218347,0.0,92,0
A2,Baja demanda con flota de motos,,98,0,0.5913773968167697,0.03769600548887931,2039835.5623015144,3890000.0,1850164.4376984856,2147.276610953521,0.0,98,0
A2,Baja demanda con flota de motos,,73,0,0.5859650806176822,0.03450392915464007,1760798.430437318,3390000.0,1629201.569562682,1561.9617957243602,0.0,73,0
A2,Baja demanda con flota de motos,,102,0,0.5934220191246671,0.0431076750506603,2111316.659150766,4110000.0,1998683.3408492338,2297.2170318400827,0.0,102,0
A2,Baja demanda con flota de motos,,91,1,0.5938655026483941,0.03930226698646289,1966361.9290461992,4280000.0,2313638.070953801,1993.1565990907975,0.0,91,0
A2,Baja demanda con flota de motos,,102,3,0.6183508600024191,0.04801384936804903,2070710.9502016811,4710000.0,2639289.049798319,2212.041546871473,0.0,102,0
A2,Baja demanda con flota de motos,,71,0,0.6010963202642694,0.037982721814356656,1796703.3735377549,3430000.0,1633296.6264622451,1637.2768442852557,0.0,71,0
A2,Baja demanda con flota de motos,,102,0,0.5664228249082146,0.036984199742408845,1979821.38241462,4910000.0,2930178.61758538,2021.3894633292948,0.0,102,0
A2,Baja demanda con flota de motos,,75,3,0.5622196865065636,0.035269048115668555,1751846.8139496897,3150000.0,1398153.1860503103,1543.1846755774682,0.0,75,0
A2,Baja demanda con flota de motos,,97,0,0.5696326424969257,0.037084696859994735,1986125.4696252872,4010000.0,2023874.5303747128,2034.6130641319915,0.0,97,0
A2,Baja demanda con flota de motos,,79,0,0.6098190619718192,0.03981008648098541,1873498.295276264,3520000.0,1646501.704723736,1798.363668564218,0.0,79,0
A2,Baja demanda con flota de motos,,81,0,0.586012564269693,0.05199581379589133,1824744.6712924358,3730000.0,1905255.3287075642,1696.096926417034,0.0,81,0
A2,Baja demanda con flota de motos,,93,0,0.5667162538040467,0.04656705245060352,1920408.3261558062,4040000.0,2119591.673844194,1896.7632466892408,0.0,93,0
A2,Baja demanda con flota de motos,,85,1,0.6096279138417099,0.0352850575462973,1920395.971316657,3800000.0,1879604.028683343,1896.7373308896276,0.0,85,0
A2,Baja demanda con flota de motos,,83,1,0.556826955191474,0.04270286883429209,1800747.6678135975,3890000.0,2089252.3321864025,1645.7602505652098,0.0,83,0
A2,Baja demanda con flota de motos,,84,1,0.6141988214416345,0.04389447014644401,1902007.555350668,3520000.0,1617992.444649332,1858.165359404746,0.0,84,0
A2,Baja demanda con flota de motos,,109,0,0.5927175647900704,0.037525978673654134,2147575.954790964,4970000.0,2822424.045209036,2373.2753785776413,0.0,109,0
A2,Baja demanda con flota de motos,,93,1,0.621841182573517,0.043412168273237184,2040918.9062365685,4440000.0,2399081.0937634315,2149.5490585340203,0.0,93,0
A2,Baja demanda con flota de motos,,101,0,0.587341727407933,0.04052083455148331,2035171.5121938572,4680000.0,2644828.487806143,2137.4931903429906,0.0,101,0
A2,Baja demanda con flota de motos,,85,2,0.6193420197768984,0.04543824657938402,1915103.157881418,3550000.0,1634896.842118582,1885.6350016146964,0.0,85,0
A2,Baja demanda con flota de motos,,94,0,0.6156091886561597,0.03902213698733512,2046510.1627624999,4320000.0,2273489.8372375,2161.2774090173803,0.0,94,0
A2,Baja demanda con flota de motos,,91,0,0.582953571688232,0.03522154584748955,1965728.4647524795,3830000.0,1864271.5352475205,1991.8278295698497,0.0,91,0
A2,Baja demanda con flota de motos,,81,1,0.5883719633906033,0.03422972480127449,1830877.763894033,3430000.0,1599122.236105967,1708.961844927714,0.0,81,0
A2,Baja demanda con flota de motos,,109,1,0.5911490730928802,0.09658245824197399,2061418.2799657783,5020000.0,2958581.7200342217,2192.5490244040334,0.0,109,0
A2,Baja demanda con flota de motos,,90,0,0.6109029049867593,0.03792639257807005,2000418.8213629103,4000000.0,1999581.1786370897,2064.595133096862,0.0,90,0
A2,Baja demanda con flota de motos,,95,1,0.6755084692127926,0.0641773223517828,2067955.6673758405,4150000.0,2082044.3326241595,2206.262001162498,0.0,95,0
A2,Baja demanda con flota de motos,,97,2,0.5897607812448266,0.05377331097770131,1951155.7862439784,4360000.0,2408844.2137560216,1961.2598382361818,0.0,97,0
A2,Baja demanda con flota de motos,,91,0,0.5875663839179244,0.047836954714654885,1925738.6355005612,4080000.0,2154261.3644994386,1907.944228261105,0.0,91,0
A2,Baja demanda con flota de motos,,93,0,0.5992956780722573,0.040589632393634,1979439.5964089744,3890000.0,1910560.4035910256,2020.5886200728512,0.0,93,0
A2,Baja demanda con flota de motos,,97,1,0.6149210428531853,0.03779930273696379,2057699.7960791492,4310000.0,2252300.2039208505,2184.7490456180767,0.0,97,0
A2,Baja demanda con flota de motos,,83,1,0.6605871353675719,0.03921926352739664,1939850.3972805224,3440000.0,1500149.6027194776,1937.545389882909,0.0,83,0
A2,Baja demanda con flota de motos,,70,0,0.5686841757151196,0.03644128845754521,1705341.3328266449,3450000.0,1744658.6671733551,1445.6336904851808,0.0,70,0
A2,Baja demanda con flota de motos,,72,0,0.5520876326229138,0.03338840475389875,1760958.4510073585,3010000.0,1249041.5489926415,1562.297458615389,0.0,72,0
A2,Baja demanda con flota de motos,,92,0,0.6440580366166415,0.05142930969404905,2028044.185434704,3910000.0,1881955.814565296,2122.542743005602,0.0,92,0
A2,Baja demanda con flota de motos,,95,1,0.6601713473115699,0.04099087283997202,2083197.9586892854,3900000.0,1816802.0413107146,2238.234587979864,0.0,95,0
A2,Baja demanda con flota de motos,,95,1,0.6394964790449209,0.04218487985782685,2037244.9780679895,4150000.0,2112755.0219320105,2141.842540864527,0.0,95,0
A2,Baja demanda con flota de motos,,105,0,0.6092781905558986,0.0348642873279476,2146530.5647643493,4350000.0,2203469.4352356507,2371.0825440033295,0.0,105,0
A2,Baja demanda con flota de motos,,85,0,0.5407667056348454,0.03872051362405071,1800561.495665831,3800000.0,1999438.504334169,1645.369731512987,0.0,85,0
A2,Baja demanda con flota de motos,,88,0,0.5837472375969971,0.046713034526929605,1928890.8306311911,4140000.0,2211109.169368809,1914.5563465054581,0.0,88,0
A2,Baja demanda con flota de motos,,112,0,0.6122717047756089,0.044789939916892764,2204711.320869344,4860000.0,2655288.679130656,2493.123859013906,0.0,112,0
A2,Baja demanda con flota de motos,,92,1,0.6172398887296865,0.058223682546710814,1953809.0190466768,4310000.0,2356190.980953323,1966.8253214293889,0.0,92,0
A2,Baja demanda con flota de motos,,84,0,0.6286192632700492,0.034338835499585885,1933687.6405254104,3820000.0,1886312.3594745896,1924.6182471498869,0.0,84,0
A2,Baja demanda con flota de motos,,90,0,0.5338499992687212,0.03958112234891299,1852555.1907118123,3750000.0,1897444.8092881877,1754.4329225141475,0.0,90,0
A2,Baja demanda con flota de motos,,86,0,0.5277969048893226,0.03242432209375367,1814033.4073324685,3880000.0,2065966.5926675315,1673.628728569264,0.0,86,0
A2,Baja demanda con flota de motos,,91,2,0.5684652927200966,0.039464562730584775,1926216.447744255,4080000.0,2153783.552255745,1908.946498400796,0.0,91,0
A2,Baja demanda con flota de motos,,99,0,0.611120703884208,0.04764849878796369,2061234.7845231467,4770000.0,2708765.2154768533,2192.1641200711138,0.0,99,0
A2,Baja demanda con flota de motos,,108,0,0.5704290870946428,0.04542069870138494,2083100.0660426784,4890000.0,2806899.9339573216,2238.0292460743713,0.0,108,0
A2,Baja demanda con flota de motos,,91,1,0.630119216965002,0.03688003514390349,2018615.1835808828,4130000.0,2111384.816419117,2102.7642481472485,0.0,91,0
A2,Baja demanda con flota de motos,,109,0,0.6067795466006448,0.045882543034334505,2197879.917963586,4620000.0,2422120.082036414,2478.794148473856,0.0,109,0
A2,Baja demanda con flota de motos,,94,1,0.611844261246373,0.05977868706428557,2024215.6155143036,3920000.0,1895784.3844856964,2114.5118451799985,0.0,94,0
A2,Baja demanda con flota de motos,,94,1,0.6409279438643637,0.045982231688317235,2059199.0055163184,4220000.0,2160800.9944836814,2187.893822404031,0.0,94,0
A2,Baja demanda con flota de motos,,84,0,0.6274356172169926,0.04002706126971088,1899489.002152766,3470000.0,1570510.997847234,1852.8823833010765,0.0,84,0
A2,Baja demanda con flota de motos,,98,1,0.5983171079764176,0.04366500575945054,2016166.6538683441,4390000.0,2373833.346131656,2097.6281549445166,0.0,98,0
A2,Baja demanda con flota de motos,,93,0,0.6270969180213898,0.05865808469362831,1996646.3879322119,4090000.0,2093353.6120677881,2056.68198848524,0.0,93,0
A2,Baja demanda con flota de motos,,76,0,0.5909147476099571,0.04390757491201432,1778729.765187855,3680000.0,1901270.234812145,1599.5749829593497,0.0,76,0
A2,Baja demanda con flota de motos,,92,1,0.6668574173924856,0.05645387163971301,2069848.0122387202,3810000.0,1740151.9877612798,2210.231428013921,0.0,92,0
A2,Baja demanda con flota de motos,,86,1,0.5556029769066098,0.044281040891612784,1853862.9857953624,3980000.0,2126137.0142046376,1757.1761840742522,0.0,86,0
A2,Baja demanda con flota de motos,,77,0,0.5527599482265682,0.03765984436530618,1747121.505972675,3410000.0,1662878.494027325,1533.272759027186,0.0,77,0
A2,Baja demanda con flota de motos,,83,0,0.5663449449022373,0.03851864744110159,1832901.2683638071,3390000.0,1557098.7316361929,1713.2063952387384,0.0,83,0
A2,Baja demanda con flota de motos,,78,0,0.5841928233738892,0.030590109252060627,1851708.3878422836,3390000.0,1538291.6121577164,1752.6566490060168,0.0,78,0
A2,Baja demanda con flota de motos,,77,0,0.6153357079546544,0.03720119382876095,1828841.245750874,3260000.0,1431158.754249126,1704.6899968309729,0.0,77,0
A2,Baja demanda con flota de motos,,90,1,0.6013006599233887,0.03710503706279299,2002713.6311566539,3700000.0,1697286.3688433461,2069.4087798020055,0.0,90,0
A2,Baja demanda con flota de motos,,95,0,0.6551427921195837,0.04119333147151432,2085113.3901384505,4150000.0,2064886.6098615495,2242.2524417947384,0.0,95,0
A2,Baja demanda con flota de motos,,83,1,0.6404607915764887,0.040540566799467936,1953540.157159187,3740000.0,1786459.842840813,1966.2613504447872,0.0,83,0
A2,Baja demanda con flota de motos,,80,0,0.5650277309275066,0.03184942624030526,1821564.2383279745,3700000.0,1878435.7616720255,1689.4255758318768,0.0,80,0
A2,Baja demanda con flota de motos,,80,1,0.5647445583839589,0.031308849763879654,1835459.2064370718,3600000.0,1764540.7935629282,1718.5719859782832,0.0,80,0
A2,Baja demanda con flota de motos,,80,0,0.6827637794979864,0.04561980450018254,1934402.7107369662,3850000.0,1915597.2892630338,1926.1181951530682,0.0,80,0
A2,Baja demanda con flota de motos,,82,0,0.5314277600990525,0.04287417165829291,1790075.3764158466,3760000.0,1969924.6235841534,1623.3738024756217,0.0,82,0
A2,Baja demanda con flota de motos,,98,0,0.6397373192199863,0.05180513296861232,2066422.7110208077,4340000.0,2273577.2889791923,2203.0464360521974,0.0,98,0
A2,Baja demanda con flota de motos,,94,0,0.565025214421551,0.03603987882024842,1950451.7274559685,3920000.0,1969548.2725440315,1959.782988052619,0.0,94,0
A2,Baja demanda con flota de motos,,104,0,0.5969240166276573,0.03799139058141297,2088563.690489408,4770000.0,2681436.309510592,2249.489872522735,0.0,104,0
A2,Baja demanda con flota de motos,,102,1,0.5475033703503012,0.0456118632561287,1966169.9138304782,4960000.0,2993830.086169522,1992.753823482547,0.0,102,0
A2,Baja demanda con flota de motos,,90,1,0.580672069805501,0.04330865012061364,1922155.4873201547,4150000.0,2227844.512679845,1900.4281328183897,0.0,90,0
A2,Baja demanda con flota de motos,,87,3,0.6100382219015527,0.04203205807587818,1916342.6775994196,3860000.0,1943657.3224005804,1888.2350471708844,0.0,87,0
A2,Baja demanda con flota de motos,,95,5,0.5783969760713173,0.04566978854351172,1964439.043266839,4000000.0,2035560.956733161,1989.1231088985296,0.0,95,0
A2,Baja demanda con flota de motos,,94,0,0.566420561506072,0.047526055192140856,1977191.083145634,3920000.0,1942808.916854366,2015.8720860528815,0.0,94,0
A2,Baja demanda con flota de motos,,93,1,0.5674005532214259,0.04567668090333572,1917069.980170111,4540000.0,2622930.019829889,1889.7606540567344,0.0,93,0
A2,Baja demanda con flota de motos,,92,0,0.5864140155889394,0.04436839774469994,1967673.624568462,3860000.0,1892326.375431538,1995.9080423023886,0.0,92,0
A2,Baja demanda con flota de motos,,74,1,0.562579729258487,0.036715494123414454,1755245.3727110224,2920000.0,1164754.6272889776,1550.3135719366899,0.0,74,0
A2,Baja demanda con flota de motos,,92,0,0.5558886961626507,0.03763831095668109,1911076.6358029547,4310000.0,2398923.3641970456,1877.188874711705,0.0,92,0
A2,Baja demanda con flota de motos,,77,2,0.5746028062252382,0.035167639697948824,1764333.7007192508,3360000.0,1595666.2992807492,1569.3774613672442,0.0,77,0
A2,Baja demanda con flota de motos,,83,1,0.6070260431630512,0.04655322792126745,1920622.1406610503,3990000.0,2069377.8593389497,1897.211748997139,0.0,83,0
A2,Baja demanda con flota de motos,,80,0,0.6107338835532694,0.034532222451555766,1864341.6163585426,3700000.0,1835658.3836414574,1779.1564046669982,0.0,80,0
A2,Baja demanda con flota de motos,,74,1,0.6412719276256496,0.04359489169299955,1798953.9535384795,3370000.0,1571046.0464615205,1641.9977135419108,0.0,74,0
A2,Baja demanda con flota de motos,,75,1,0.6298802681621994,0.03921634722231357,1828031.8905307662,3350000.0,1521968.1094692338,1702.9922743882755,0.0,75,0
A2,Baja demanda con flota de motos,,97,0,0.5721799484252423,0.04509927825839263,1976813.9171994831,4260000.0,2283186.082800517,2015.0809339413072,0.0,97,0
A2,Baja demanda con flota de motos,,109,0,0.5942658118868013,0.04656521540972904,2137185.9196761902,4370000.0,2232814.0803238098,2351.480997869961,0.0,109,0
A2,Baja demanda con flota de motos,,78,1,0.6034470223126603,0.038446324983958106,1827376.8943084143,3240000.0,1412623.1056915857,1701.6183389901428,0.0,78,0
A2,Baja demanda con flota de motos,,92,0,0.6589740361758625,0.04161792097798477,2068956.507796699,4110000.0,2041043.492203301,2208.3613874416446,0.0,92,0
A2,Baja demanda con flota de motos,,95,1,0.5925854965130072,0.04436659346415415,2007353.4852877532,4350000.0,2342646.514712247,2079.1414463660967,0.0,95,0
A2,Baja demanda con flota de motos,,103,0,0.5795365154996122,0.041207047962889765,2033391.4070682274,4790000.0,2756608.5929317726,2133.759200190007,0.0,103,0
A2,Baja demanda con flota de motos,,97,1,0.5918792093521167,0.04879069894254223,2048065.7911922166,4560000.0,2511934.208807783,2164.540531601902,0.0,97,0
A2,Baja demanda con flota de motos,,92,0,0.6797800066384133,0.04987679098170257,2049914.776872954,4260000.0,2210085.2231270457,2168.419007218576,0.0,92,0
A2,Baja demanda con flota de motos,,68,1,0.5452045703583327,0.0320187464098647,1703440.7025277088,2790000.0,1086559.2974722912,1441.6468839092668,0.0,68,0
A2,Baja demanda con flota de motos,,90,1,0.6002161922892708,0.05067907168301485,1918822.991307653,4400000.0,2481177.008692347,1893.4378112264963,0.0,90,0
A2,Baja demanda con flota de motos,,97,0,0.6005426635792556,0.05698195452487114,1994326.2664121415,4210000.0,2215673.7335878583,2051.815247310839,0.0,97,0
B1,Alta demanda con furgonetas,,170,9,1.2619461204725082,0.27000853925967433,916086.497164324,7300000.0,6383913.502835676,0.0,494.4231899485558,0,17
B1,Alta demanda con furgonetas,,230,1,1.17909421634611,0.23023474054633208,1028902.7243478659,10350000.0,9321097.275652135,0.0,635.4434739279831,0,23
B1,Alta demanda con furgonetas,,210,10,1.3022602778882835,0.25692962648121276,1007022.5443770981,9250000.0,8242977.455622902,0.0,608.0932489645231,0,21
B1,Alta demanda con furgonetas,,200,4,1.1057720590316804,0.2714619545799326,953866.5206592538,8950000.0,7996133.479340746,0.0,541.6482193172181,0,20
B1,Alta demanda con furgonetas,,190,9,1.220243822518812,0.25627233138796873,960693.416429408,8500000.0,7539306.583570592,0.0,550.181839029911,0,19
B1,Alta demanda con furgonetas,,200,8,1.1769855067587438,0.2833656077143789,991906.01176838,8900000.0,7908093.98823162,0.0,589.197583203626,0,20
B1,Alta demanda con furgonetas,,200,4,1.180682864463184,0.2621506353715105,990654.5050505353,8900000.0,7909345.494949465,0.0,587.63319980632,0,20
B1,Alta demanda con furgonetas,,200,7,1.1530284707808987,0.2615040217166638,962245.2375300578,8650000.0,7687754.762469942,0.0,552.1216154057228,0,20
B1,Alta demanda con furgonetas,,220,9,1.2416937505547463,0.2634410278745497,1020016.5229752013,10550000.0,9529983.4770248,0.0,624.3357222121523,0,22
B1,Alta demanda con furgonetas,,200,4,1.2136069827758456,0.252652595614127,977443.4620583045,9150000.0,8172556.537941695,0.0,571.1193960660311,0,20
B1,Alta demanda con furgonetas,,210,10,1.21834316158973,0.261651615774884,993000.3491237235,9050000.0,8056999.650876276,0.0,590.5655048978048,0,21
B1,Alta demanda con furgonetas,,190,10,1.1323539030992882,0.29641896668231943,957924.278756454,8350000.0,7392075.721243546,0.0,546.720416938718,0,19
B1,Alta demanda con furgonetas,,180,1,1.1509883716743223,0.2684679504606059,938788.4711806973,7850000.0,6911211.528819303,0.0,522.8006574690222,0,18
B1,Alta demanda con furgonetas,,200,10,1.257317980079774,0.26435670159608243,987670.9296660937,9350000.0,8362329.070333906,0.0,583.9037305757678,0,20
B1,Alta demanda con furgonetas,,220,7,1.1879160086181668,0.26125478741877683,1020860.3240918946,10000000.0,8979139.675908105,0.0,625.390473608019,0,22
B1,Alta demanda con furgonetas,,210,6,1.1606617539773594,0.26523813238232613,998309.9159633331,9400000.0,8401690.084036667,0.0,597.2024634473172,0,21
B1,Alta demanda con furgonetas,,190,6,1.2972836359192756,0.2863859994278262,953977.5179320968,8200000.0,7246022.4820679035,0.0,541.7869659082717,0,19
B1,Alta demanda con furgonetas,,180,9,1.1171534545225654,0.28327834732033347,918871.6208251962,8200000.0,7281128.379174804,0.0,497.90459452464563,0,18
B1,Alta demanda con furgonetas,,200,4,1.180076888324398,0.2474714198413959,956802.0823294173,9350000.0,8393197.917670583,0.0,545.3176714049227,0,20
B1,Alta demanda con furgonetas,,190,10,1.2536708189857033,0.2664841092776313,948848.9415373611,8600000.0,7651151.058462638,0.0,535.3762454148515,0,19
B1,Alta demanda con furgonetas,,210,3,1.1665079017550335,0.24808609014508357,980661.5993062969,9950000.0,8969338.400693703,0.0,575.142067626022,0,21
B1,Alta demanda con furgonetas,,190,5,1.1540634066716324,0.26573699499668874,945874.5190898181,8400000.0,7454125.480910182,0.0,531.6582173554233,0,19
B1,Alta demanda con furgonetas,,190,8,1.1724207909413646,0.27623895786924046,956854.6160813534,9250000.0,8293145.383918647,0.0,545.3833385948425,0,19
B1,Alta demanda con furgonetas,,190,10,1.3006028057930512,0.27115449475721204,951818.4479425965,8400000.0,7448181.552057403,0.0,539.0881284213967,0,19
B1,Alta demanda con furgonetas,,170,1,1.3596492851551465,0.31174346901686917,932513.2937582206,7700000.0,6767486.706241779,0.0,514.9566856909267,0,17
B1,Alta demanda con furgonetas,,170,10,1.1197674057961418,0.28100240236280977,906383.0934209614,7200000.0,6293616.906579038,0.0,482.2939352693525,0,17
B1,Alta demanda con furgonetas,,180,8,1.4427862773682734,0.2806566918296344,949242.5633512079,8050000.0,7100757.436648792,0.0,535.8682726821604,0,18
B1,Alta demanda con furgonetas,,210,5,1.1503576533051263,0.2728929771989499,1000955.2899223584,9100000.0,8099044.7100776415,0.0,600.5091808960989,0,21
B1,Alta demanda con furgonetas,,190,2,1.2512856724257515,0.3055888689089485,956230.339606699,9250000.0,8293769.660393301,0.0,544.6029930015244,0,19
B1,Alta demanda con furgonetas,,220,4,1.0868413859401191,0.23875994120332464,1001728.0134480821,9450000.0,8448271.986551918,0.0,601.4750853032533,0,22
B1,Alta demanda con furgonetas,,200,8,1.093286151739033,0.2704817921310693,972037.8687909954,9150000.0,8177962.131209005,0.0,564.3624044818949,0,20
B1,Alta demanda con furgonetas,,190,3,1.2525277449387626,0.2910784914332133,959677.5546131785,8700000.0,7740322.445386821,0.0,548.9120117596237,0,19
B1,Alta demanda con furgonetas,,200,2,1.1924057536744508,0.2563045255021031,983329.9200149949,9250000.0,8266670.079985005,0.0,578.4774685118944,0,20
B1,Alta demanda con furgonetas,,220,8,1.0686002908951195,0.23605582104429143,1019200.621959199,9600000.0,8580799.378040802,0.0,623.3158459421494,0,22
B1,Alta demanda con furgonetas,,200,1,1.272308309044507,0.26592882774520044,991827.8754939304,8800000.0,7808172.124506069,0.0,589.0999128605637,0,20
B1,Alta demanda con furgonetas,,180,8,1.210505100722631,0.2845957622490196,932149.5093450365,8200000.0,7267850.490654964,0.0,514.5019551744464,0,18
B1,Alta demanda con furgonetas,,190,5,1.1328825076546938,0.2697865195971091,949751.3362069112,8700000.0,7750248.663793089,0.0,536.5042387517899,0,19
B1,Alta demanda con furgonetas,,210,4,1.1309557550765865,0.23457773442154511,980921.719868322,9400000.0,8419078.280131677,0.0,575.4672183285535,0,21
B1,Alta demanda con furgonetas,,190,1,1.2136897326902247,0.2875693644080853,978936.1694111254,9000000.0,8021063.830588874,0.0,572.9852802570572,0,19
B1,Alta demanda con furgonetas,,180,2,1.224322360487655,0.28679641655886984,930688.6909134989,8450000.0,7519311.309086502,0.0,512.6759321350245,0,18
B1,Alta demanda con furgonetas,,200,5,1.1604079280633561,0.2809245617854069,968876.4206376995,9100000.0,8131123.5793623,0.0,560.4105942902751,0,20
B1,Alta demanda con furgonetas,,190,4,1.1645969744222686,0.28232381223197944,970767.2223056977,8100000.0,7129232.777694303,0.0,562.774096375273,0,19
B1,Alta demanda con furgonetas,,180,7,1.3256488763308392,0.3120046441932566,952798.957165196,7600000.0,6647201.042834804,0.0,540.3137649496456,0,18
B1,Alta demanda con furgonetas,,220,3,1.0879414835449883,0.2559287522274151,1037205.5703889886,9950000.0,8912794.429611012,0.0,645.8220314793866,0,22
B1,Alta demanda con furgonetas,,200,6,1.089250588975531,0.2770984296916418,941806.2635932117,8850000.0,7908193.736406788,0.0,526.5728979846652,0,20
B1,Alta demanda con furgonetas,,180,11,1.2154199898310918,0.30864119967539805,927801.728309719,8250000.0,7322198.271690281,0.0,509.0672288802995,0,18
B1,Alta demanda con furgonetas,,200,3,1.1770064295070912,0.28277935215349287,963512.6636636337,8600000.0,7636487.336336366,0.0,553.705898072693,0,20
B1,Alta demanda con furgonetas,,160,9,1.3257756229308721,0.3070428108671736,882783.6791910245,7250000.0,6367216.320808975,0.0,452.7946674819311,0,16
B1,Alta demanda con furgonetas,,170,4,1.340863644013856,0.29306276541429693,917983.5394859114,7550000.0,6632016.460514089,0.0,496.79449285054017,0,17
B1,Alta demanda con furgonetas,,180,3,1.3867684647334562,0.2692853582569608,957176.210767974,8250000.0,7292823.789232026,0.0,545.785331953118,0,18
B1,Alta demanda con furgonetas,,180,1,1.1487344536984274,0.2915952403321328,962775.2426633899,7950000.0,6987224.75733661,0.0,552.784121822388,0,18
B1,Alta demanda con furgonetas,,180,10,1.1200902597656293,0.31530401645633543,930921.8253420265,7950000.0,7019078.174657973,0.0,512.9673501706835,0,18
B1,Alta demanda con furgonetas,,210,1,1.1110763840585633,0.2755250703209067,965714.7670130637,9400000.0,8434285.232986936,0.0,556.4585272594803,0,21
B1,Alta demanda con furgonetas,,200,11,1.2025239350592911,0.27924583123179203,968842.370056399,8950000.0,7981157.629943601,0.0,560.3680310636494,0,20
B1,Alta demanda con furgonetas,,200,8,1.1909137892686925,0.2783407143481747,963149.3255384698,9650000.0,8686850.67446153,0.0,553.2517254162378,0,20
B1,Alta demanda con furgonetas,,210,5,1.2225303942033463,0.26465846306067065,1000423.675348135,9750000.0,8749576.324651865,0.0,599.8446626783193,0,21
B1,Alta demanda con furgonetas,,210,4,1.0904715664206293,0.2593094743276029,988244.5260396001,9950000.0,8961755.4739604,0.0,584.6207260426511,0,21
B1,Alta demanda con furgonetas,,190,4,1.2277984061790623,0.2797555486397819,984893.2316658176,8500000.0,7515106.768334182,0.0,580.4316080754226,0,19
B1,Alta demanda con furgonetas,,200,5,1.052824514116488,0.2727932237970079,984051.5991309887,8750000.0,7765948.400869011,0.0,579.379567406887,0,20
B1,Alta demanda con furgonetas,,200,9,1.1594988286608334,0.25788861476950864,973635.3417598021,9050000.0,8076364.658240198,0.0,566.3592456929032,0,20
B1,Alta demanda con furgonetas,,190,9,1.233649298337938,0.279344318647937,953472.6874164446,8150000.0,7196527.3125835555,0.0,541.1559277637067,0,19
B1,Alta demanda con furgonetas,,200,2,1.1944432320753569,0.2543817544512639,1004088.5855781615,8600000.0,7595911.414421839,0.0,604.4258004658525,0,20
B1,Alta demanda con furgonetas,,180,9,1.1459888851473823,0.27728472157273487,927475.8161689645,7800000.0,6872524.183831035,0.0,508.6598387043564,0,18
B1,Alta demanda con furgonetas,,180,7,1.1389789815558384,0.2786035850201648,911365.943457981,8000000.0,7088634.056542019,0.0,488.52249781562665,0,18
B1,Alta demanda con furgonetas,,210,2,1.207731793670423,0.2686690669507261,994492.2345797463,9450000.0,8455507.765420254,0.0,592.4303617178334,0,21
B1,Alta demanda con furgonetas,,220,7,1.2541263690584825,0.2609674101746923,1009505.8091961897,10050000.0,9040494.190803811,0.0,611.197329988388,0,22
B1,Alta demanda con furgonetas,,180,8,1.1719831063717645,0.32877964459127723,934670.5103692336,8200000.0,7265329.489630766,0.0,517.6532064546928,0,18
B1,Alta demanda con furgonetas,,200,5,1.1975740140993034,0.28351382021188576,962701.0985936669,9400000.0,8437298.901406333,0.0,552.6914417352343,0,20
B1,Alta demanda con furgonetas,,190,7,1.1870266860368235,0.2829661454608012,946139.5232804316,8450000.0,7503860.4767195685,0.0,531.98947259369,0,19
B1,Alta demanda con furgonetas,,190,3,1.2466367286074285,0.2908006045029455,965880.4582784779,8650000.0,7684119.541721522,0.0,556.6656413412478,0,19
B1,Alta demanda con furgonetas,,190,5,1.1337558750480634,0.2565484742787795,939763.4033306689,8500000.0,7560236.596669331,0.0,524.0193226564866,0,19
B1,Alta demanda con furgonetas,,220,1,1.0967357044892683,0.23904044972580038,998631.3436936551,9500000.0,8501368.656306345,0.0,597.6042481102194,0,22
B1,Alta demanda con furgonetas,,180,7,1.097803695447418,0.2820991949917031,920428.6438451549,8700000.0,7779571.356154845,0.0,499.8508732995942,0,18
B1,Alta demanda con furgonetas,,220,9,1.2063169607038735,0.2336408577620795,1030147.5951106423,10400000.0,9369852.404889358,0.0,636.9995623814534,0,22
B1,Alta demanda con furgonetas,,190,3,1.2424729596429853,0.3205174068226696,958387.5964876293,8800000.0,7841612.403512371,0.0,547.2995641026876,0,19
B1,Alta demanda con furgonetas,,180,8,1.1045263334278788,0.3069202130576677,916074.2723853827,8300000.0,7383925.727614617,0.0,494.40790897487886,0,18
B1,Alta demanda con furgonetas,,170,10,1.3391354679387146,0.3375028188446966,902066.3192980617,7550000.0,6647933.680701938,0.0,476.89796761572774,0,17
B1,Alta demanda con furgonetas,,190,5,1.265587830099537,0.2815887068942899,963458.7507602345,8950000.0,7986541.249239765,0.0,553.6385069434438,0,19
B1,Alta demanda con furgonetas,,200,5,1.2179141439688577,0.26769507420396205,984664.1033602742,9650000.0,8665335.896639725,0.0,580.1451976934933,0,20
B1,Alta demanda con furgonetas,,180,1,1.1392157050487628,0.311413853916571,921999.8048595308,7900000.0,6978000.195140469,0.0,501.8148245675641,0,18
B1,Alta demanda con furgonetas,,190,3,1.1882932813729223,0.29145805342982467,938897.0252666477,8350000.0,7411102.974733353,0.0,522.9363500764604,0,19
B1,Alta demanda con furgonetas,,230,10,1.1817666859851936,0.2383183130919415,1049842.6472578223,10450000.0,9400157.352742178,0.0,661.6183775654285,0,23
B1,Alta demanda con furgonetas,,200,0,1.1038879161496569,0.26368072963969047,958690.5832847492,9400000.0,8441309.416715251,0.0,547.678297599087,0,20
B1,Alta demanda con furgonetas,,190,6,1.1943213202283527,0.2666367875103261,944878.1684346731,8450000.0,7505121.831565327,0.0,530.4127790364922,0,19
B1,Alta demanda con furgonetas,,200,1,1.1012830669440155,0.2841665951546647,963109.1592569596,9550000.0,8586890.84074304,0.0,553.2015175643504,0,20
B1,Alta demanda con furgonetas,,200,10,1.3345906929022127,0.26528182491967534,993844.2214496555,8650000.0,7656155.7785503445,0.0,591.6203453052198,0,20
B1,Alta demanda con furgonetas,,200,7,1.1629503981262304,0.28167634032278344,958513.5199401713,9100000.0,8141486.480059829,0.0,547.4569684183648,0,20
B1,Alta demanda con furgonetas,,190,2,1.0288194767016245,0.2738427083679382,948219.2225504759,8900000.0,7951780.777449524,0.0,534.5890966812457,0,19
B1,Alta demanda con furgonetas,,200,10,1.2664904647274375,0.26526432494419466,980558.767671735,8650000.0,7669441.232328265,0.0,575.0135280828194,0,20
B1,Alta demanda con furgonetas,,170,5,1.2107955714281873,0.2892081988325838,903322.6106258025,7500000.0,6596677.389374197,0.0,478.46833177540395,0,17
B1,Alta demanda con furgonetas,,210,2,1.24655316815339,0.25658736660432835,998789.547717258,9950000.0,8951210.452282742,0.0,597.8020031397233,0,21
B1,Alta demanda con furgonetas,,180,3,1.2305398378380297,0.2559121033853011,928280.3124159017,7950000.0,7021719.687584098,0.0,509.6654590130277,0,18
B1,Alta demanda con furgonetas,,190,0,1.1840538763489403,0.25112958817516157,951771.4936006649,8550000.0,7598228.506399335,0.0,539.0294354939822,0,19
B1,Alta demanda con furgonetas,,220,1,1.272733225546686,0.22997289586095304,1048847.24729662,9350000.0,8301152.75270338,0.0,660.3741276139256,0,22
B1,Alta demanda con furgonetas,,210,6,1.1695438379202485,0.24203502729563567,1007155.7835253153,9200000.0,8192844.216474685,0.0,608.2597978997945,0,21
B1,Alta demanda con furgonetas,,170,9,1.2644588177636946,0.3053555201072231,906238.4846514348,7500000.0,6593761.515348565,0.0,482.1131743074442,0,17
B1,Alta demanda con furgonetas,,180,12,1.1240449955796847,0.26585735383865766,932750.1089252501,7950000.0,7017249.89107475,0.0,515.2527046497132,0,18
B1,Alta demanda con furgonetas,,190,4,1.0603594226379562,0.28306519293218363,949208.3877782963,7900000.0,6950791.612221704,0.0,535.8255532160211,0,19
B1,Alta demanda con furgonetas,,190,3,1.2798641858477509,0.26476056333651354,983634.5988996755,8800000.0,7816365.4011003245,0.0,578.8583171177451,0,19
B1,Alta demanda con furgonetas,,190,9,1.262761241606323,0.2927651285569542,967255.4199949043,8400000.0,7432744.580005095,0.0,558.3843434867811,0,19
B1,Alta demanda con furgonetas,,190,7,1.1268328998589718,0.2586280878019709,949713.0830300995,8600000.0,7650286.916969901,0.0,536.456422280775,0,19
B1,Alta demanda con furgonetas,,210,4,1.3193724941033116,0.26602206495561703,1027671.8123695162,9350000.0,8322328.187630484,0.0,633.9048339550457,0,21
B1,Alta demanda con furgonetas,,200,4,1.277057446779278,0.2615550795204482,979872.8015569126,9000000.0,8020127.198443088,0.0,574.1560704392912,0,20
B1,Alta demanda con furgonetas,,200,8,1.0480110113279568,0.2800714294989371,965096.2376347189,8600000.0,7634903.762365282,0.0,555.6853655365497,0,20
B1,Alta demanda con furgonetas,,200,0,1.2964278277388859,0.30426777889376067,1002437.5971758757,9100000.0,8097562.402824124,0.0,602.3620649629953,0,20
B1,Alta demanda con furgonetas,,190,4,1.2798028433226951,0.2921439905847357,948266.7099593254,8150000.0,7201733.290040675,0.0,534.6484559423075,0,19
B1,Alta demanda con furgonetas,,180,13,1.3144025564851132,0.2962104713153601,955596.7726540817,8350000.0,7394403.227345918,0.0,543.8110343107529,0,18
B1,Alta demanda con furgonetas,,210,0,1.2095120361879264,0.24563632332279225,998267.2831599546,9400000.0,8401732.716840046,0.0,597.1491724430938,0,21
B1,Alta demanda con furgonetas,,190,4,1.1483933930405943,0.28887102657956953,947851.8652620142,8450000.0,7502148.134737986,0.0,534.1299000706686,0,19
B1,Alta demanda con furgonetas,,190,9,1.1787545331530032,0.2779873825171417,950275.6408251991,8450000.0,7499724.359174801,0.0,537.1596195246493,0,19
B1,Alta demanda con furgonetas,,170,9,1.27461742629775,0.3046991952837448,940591.5972465584,7400000.0,6459408.402753442,0.0,525.0545650513485,0,17
B1,Alta demanda con furgonetas,,210,4,1.0894916158101557,0.24373329041454025,976279.5860792677,9500000.0,8523720.413920732,0.0,569.6645510922356,0,21
B1,Alta demanda con furgonetas,,160,4,1.2109869212922084,0.31978167638726146,875950.0884899176,6900000.0,6024049.911510082,0.0,444.2526791055473,0,16
B1,Alta demanda con furgonetas,,210,8,1.1284387363852955,0.2640141546879126,981641.1419022266,9350000.0,8368358.858097773,0.0,576.3664958709337,0,21
B1,Alta demanda con furgonetas,,200,9,1.2634323771277622,0.26669720225989996,982655.5999814495,9450000.0,8467344.40001855,0.0,577.6345684699627,0,20
B1,Alta demanda con furgonetas,,180,9,1.2638010446130277,0.2857078945752973,932068.1170901107,7550000.0,6617931.882909889,0.0,514.4002148557888,0,18
B1,Alta demanda con furgonetas,,210,3,1.1309466908302288,0.25512615784064585,1001066.5447830488,9500000.0,8498933.455216952,0.0,600.648249471962,0,21
B1,Alta demanda con furgonetas,,210,3,1.093541864107535,0.2355590976586464,1008448.198438347,9100000.0,8091551.801561653,0.0,609.8753165410843,0,21
B1,Alta demanda con furgonetas,,200,5,1.1711323979855315,0.28481297874438566,966473.7540403372,8900000.0,7933526.245959663,0.0,557.4072610435721,0,20
B1,Alta demanda con furgonetas,,180,8,1.130934578901393,0.2803397383705263,944602.1324933692,7800000.0,6855397.867506631,0.0,530.0677341098622,0,18
B1,Alta demanda con furgonetas,,180,10,1.086086482574466,0.28147780232894287,901531.0951218011,8050000.0,7148468.904878199,0.0,476.2289373954021,0,18
B1,Alta demanda con furgonetas,,200,9,1.1168739265266199,0.2793670714267573,949115.7558472729,9400000.0,8450884.244152727,0.0,535.7097633022416,0,20
B1,Alta demanda con furgonetas,,190,4,1.1815536680140148,0.2842768512544081,971819.9845216711,9100000.0,8128180.015478329,0.0,564.0900491452395,0,19
B1,Alta demanda con furgonetas,,190,8,1.1217806603267308,0.2726332882118888,928094.9850450647,8700000.0,7771905.014954936,0.0,509.4337997994812,0,19
B1,Alta demanda con furgonetas,,210,4,1.1142566573919483,0.26531409228415875,1008174.8058944294,9450000.0,8441825.194105571,0.0,609.5335758611874,0,21
B1,Alta demanda con furgonetas,,200,8,1.2580467515604732,0.2653719940379476,990727.5031116351,8650000.0,7659272.496888365,0.0,587.7244473826944,0,20
B1,Alta demanda con furgonetas,,180,10,1.187661865260854,0.30477083497797136,933124.821153306,8050000.0,7116875.178846694,0.0,515.7210949347833,0,18
B1,Alta demanda con furgonetas,,190,0,1.3249368139033015,0.2760618571825863,953198.602142087,8650000.0,7696801.397857913,0.0,540.8133211707592,0,19
B1,Alta demanda con furgonetas,,210,6,1.1912586579085263,0.2704871858923436,1003667.061420009,8750000.0,7746332.938579991,0.0,603.8988952681622,0,21
B1,Alta demanda con furgonetas,,200,7,1.1482939301945478,0.2816561324798837,999056.8862117543,8650000.0,7650943.113788245,0.0,598.1361762578434,0,20
B1,Alta demanda con furgonetas,,180,5,1.2087773865095832,0.25864656512836126,939056.7431515282,7450000.0,6510943.256848472,0.0,523.1359974325608,0,18
B1,Alta demanda con furgonetas,,200,3,1.103845863367727,0.2467001020672609,962618.2395429164,8850000.0,7887381.760457084,0.0,552.5878679217963,0,20
B1,Alta demanda con furgonetas,,200,9,1.1610253678116518,0.2614960570073072,985842.9654321863,8850000.0,7864157.034567813,0.0,581.6187752833835,0,20
B1,Alta demanda con furgonetas,,190,9,1.222903603021235,0.27994674010624354,949623.9005911201,7900000.0,6950376.09940888,0.0,536.3449442320508,0,19
B1,Alta demanda con furgonetas,,160,4,1.193309107271251,0.29489250835639186,887660.0495919148,7400000.0,6512339.950408085,0.0,458.8901304830442,0,16
B1,Alta demanda con furgonetas,,170,7,1.1994918767660252,0.30369701835038815,900325.3445093008,7750000.0,6849674.655490699,0.0,474.72174912977687,0,17
B1,Alta demanda con furgonetas,,210,7,1.2465991020130351,0.24131181109011854,996316.6276690557,9100000.0,8103683.372330944,0.0,594.7108530794703,0,21
B1,Alta demanda con furgonetas,,230,8,1.119060432001772,0.23134299006760564,1049595.6201043827,9900000.0,8850404.379895616,0.0,661.3095936236292,0,23
B1,Alta demanda con furgonetas,,170,9,1.2416181158202981,0.2856587454224216,904213.6502267597,8000000.0,7095786.34977324,0.0,479.58213127660053,0,17
B1,Alta demanda con furgonetas,,240,8,1.1841928697490445,0.2432414204711401,1063884.8009719907,11250000.0,10186115.19902801,0.0,679.171069708139,0,24
B1,Alta demanda con furgonetas,,190,7,1.2204658646460107,0.28781350026435604,938901.8208520497,8500000.0,7561098.17914795,0.0,522.9423445582128,0,19
B1,Alta demanda con furgonetas,,180,7,1.1838274270406717,0.3003069846371468,919795.2469686181,8150000.0,7230204.753031382,0.0,499.0591272039234,0,18
B1,Alta demanda con furgonetas,,180,4,1.2987377480113789,0.268977688942375,942458.2067835907,7400000.0,6457541.793216409,0.0,527.3878269726395,0,18
B1,Alta demanda con furgonetas,,170,9,1.2214409268411297,0.2991444295291113,899038.273515896,7950000.0,7050961.726484104,0.0,473.11291038802057,0,17
B1,Alta demanda con furgonetas,,200,9,1.2668834826349127,0.2682023948451268,987260.6430961669,9850000.0,8862739.356903832,0.0,583.390872363359,0,20
B1,Alta demanda con furgonetas,,210,9,1.1383125484091492,0.26569355562502966,996902.9302362127,9750000.0,8753097.069763787,0.0,595.4437312884163,0,21
B1,Alta demanda con furgonetas,,180,3,1.227777120460062,0.28878661130994837,950593.2049685881,7900000.0,6949406.795031412,0.0,537.5565747038856,0,18
B1,Alta demanda con furgonetas,,190,0,1.1126693520194992,0.2984949449806523,942280.8920154375,8750000.0,7807719.107984562,0.0,527.1661835124473,0,19
B1,Alta demanda con furgonetas,,190,3,1.1673700121624544,0.2780162861636666,918845.3838635157,8150000.0,7231154.616136484,0.0,497.8717983225453,0,19
B1,Alta demanda con furgonetas,,210,14,1.1616973438697513,0.2747455071080263,1000830.6854805836,9800000.0,8799169.314519417,0.0,600.3534253438801,0,21
B1,Alta demanda con furgonetas,,200,8,1.1477579085247551,0.26825726978775444,970214.1019598128,9000000.0,8029785.898040188,0.0,562.082695942917,0,20
B1,Alta demanda con furgonetas,,170,6,1.2839776765509363,0.30268342730348624,904670.3353383049,7650000.0,6745329.664661695,0.0,480.1529876660315,0,17
B1,Alta demanda con furgonetas,,210,4,1.0034277898495647,0.2709993801450589,958173.2456742655,9850000.0,8891826.754325734,0.0,547.0316255859827,0,21
B1,Alta demanda con furgonetas,,180,2,1.132534082235105,0.2852319422822969,908964.0001074332,8400000.0,7491035.999892566,0.0,485.5200686274424,0,18
B1,Alta demanda con furgonetas,,200,10,1.1057834664695854,0.2756164795380604,967438.4738666324,9300000.0,8332561.526133368,0.0,558.6131608264412,0,20
B1,Alta demanda con furgonetas,,200,3,1.2511016317810202,0.2796039564051211,985845.9612023006,9050000.0,8064154.038797699,0.0,581.6225199960265,0,20
B1,Alta demanda con furgonetas,,190,3,1.1424826316450252,0.28224273641663666,968466.256849704,8700000.0,7731533.743150296,0.0,559.8978895552807,0,19
B1,Alta demanda con furgonetas,,180,5,1.3022708241751988,0.2807018664784109,915133.6165466926,8450000.0,7534866.383453308,0.0,493.23208917651647,0,18
B1,Alta demanda con furgonetas,,200,2,1.2298327636109987,0.26740580508895206,980980.4961053499,8800000.0,7819019.50389465,0.0,575.5406886248379,0,20
B1,Alta demanda con furgonetas,,210,1,1.1597580553871734,0.25455412870824806,1017281.2703184596,9850000.0,8832718.72968154,0.0,620.9166563912249,0,21
B1,Alta demanda con furgonetas,,170,6,1.4006027464728452,0.31411777280019165,942023.195279917,7800000.0,6857976.804720083,0.0,526.844062593047,0,17
B1,Alta demanda con furgonetas,,210,2,1.0784653284809473,0.23873353813761122,992675.0188594873,9500000.0,8507324.981140513,0.0,590.1588420675096,0,21
B1,Alta demanda con furgonetas,,180,1,1.290836641435637,0.3031080212065805,926652.2645768226,8150000.0,7223347.7354231775,0.0,507.6303992141788,0,18
B1,Alta demanda con furgonetas,,190,2,1.2199796597413664,0.3064808819365233,942684.7824384825,8600000.0,7657315.217561518,0.0,527.6710465412538,0,19
B1,Alta demanda con furgonetas,,180,8,1.175737874164001,0.2734207505519978,936463.2403137812,7900000.0,6963536.759686219,0.0,519.8941188853771,0,18
B1,Alta demanda con furgonetas,,190,5,1.196068857374366,0.29050005546981417,948779.3854024304,9100000.0,8151220.614597569,0.0,535.2893002461886,0,19
B1,Alta demanda con furgonetas,,210,2,1.1209778056891622,0.2496886515850776,991213.118703141,9400000.0,8408786.881296858,0.0,588.3314668720769,0,21
B1,Alta demanda con furgonetas,,170,8,1.2451669399422127,0.28917190182006675,907938.272797075,8150000.0,7242061.727202925,0.0,484.2379094894945,0,17
B1,Alta demanda con furgonetas,,190,9,1.1290068470605668,0.28041132082726233,958613.3524157658,8000000.0,7041386.647584234,0.0,547.5817590128581,0,19
B1,Alta demanda con furgonetas,,200,2,1.267944516551893,0.28227557454325103,972155.190276516,9050000.0,8077844.809723484,0.0,564.5090563387954,0,20
B1,Alta demanda con furgonetas,,180,9,1.2371511588356612,0.2843046087022042,945185.5262095745,8350000.0,7404814.473790426,0.0,530.7969762551188,0,18
B1,Alta demanda con furgonetas,,190,5,1.103830785605662,0.2801222955615814,931548.2473355506,8500000.0,7568451.75266445,0.0,513.7503776625892,0,19
B1,Alta demanda con furgonetas,,200,11,1.1652996331658354,0.2868834046254932,963061.4798014411,8950000.0,7986938.520198559,0.0,553.1419182449517,0,20
B1,Alta demanda con furgonetas,,150,10,1.2429618940681246,0.30666592782669705,853884.8991991184,7000000.0,6146115.100800881,0.0,416.6711924920487,0,15
B1,Alta demanda con furgonetas,,230,4,1.1469745687620394,0.24741900652839025,1041041.6684029796,10650000.0,9608958.33159702,0.0,650.617153996875,0,23
B1,Alta demanda con furgonetas,,190,1,1.195947223539151,0.28109821907241994,967241.3185880886,8750000.0,7782758.681411912,0.0,558.3667167282617,0,19
B1,Alta demanda con furgonetas,,190,5,1.2079881643702493,0.26231871951058877,950341.709161462,8550000.0,7599658.290838538,0.0,537.2422049449779,0,19
B1,Alta demanda con furgonetas,,200,8,1.2881232533705025,0.27828956612372285,987736.313862883,9100000.0,8112263.686137117,0.0,583.9854608217544,0,20
B1,Alta demanda con furgonetas,,190,4,1.2439303232915238,0.29279637401991254,959706.0815565701,8900000.0,7940293.91844343,0.0,548.9476704388635,0,19
B1,Alta demanda con furgonetas,,190,3,1.2236156052531435,0.24682950886240507,975815.4047440892,8900000.0,7924184.59525591,0.0,569.0843244232622,0,19
B1,Alta demanda con furgonetas,,180,6,1.2535312585675908,0.2741197715887861,918831.8150015516,8350000.0,7431168.184998448,0.0,497.8548372450903,0,18
B1,Alta demanda con furgonetas,,210,6,1.081938198830242,0.2691586797132522,977346.0012061041,9700000.0,8722653.998793896,0.0,570.9975700007808,0,21
B1,Alta demanda con furgonetas,,170,5,1.356204308802813,0.307324631239654,919931.0920204435,7100000.0,6180068.907979556,0.0,499.22893351870533,0,17
B1,Alta demanda con furgonetas,,180,1,1.2736203806643587,0.2747397518608434,910710.5180558563,8300000.0,7389289.481944144,0.0,487.7032160629711,0,18
B1,Alta demanda con furgonetas,,180,0,1.2946803963663114,0.30445221982998294,926660.5938407654,8400000.0,7473339.406159234,0.0,507.6408107941074,0,18
B1,Alta demanda con furgonetas,,200,0,1.2450028271941485,0.2772592430185654,983909.14735108,8800000.0,7816090.85264892,0.0,579.2015026820004,0,20
B1,Alta demanda con furgonetas,,200,6,1.1306770556074028,0.29586583708038505,963811.1697348021,8650000.0,7686188.830265198,0.0,554.0790306616534,0,20
B1,Alta demanda con furgonetas,,180,5,1.272999937212758,0.2875011355702673,932596.6553424195,7850000.0,6917403.34465758,0.0,515.0608876711754,0,18
B1,Alta demanda con furgonetas,,200,12,1.204568604222479,0.26429267301821413,987291.8564761122,9600000.0,8612708.143523889,0.0,583.4298890882912,0,20
B1,Alta demanda con furgonetas,,180,5,1.2164953921407593,0.283432166999763,927145.571427603,8300000.0,7372854.428572397,0.0,508.24703277765457,0,18
B1,Alta demanda con furgonetas,,180,7,1.1719708559981945,0.3127880912285233,927321.3734271072,8500000.0,7572678.626572893,0.0,508.46678527703455,0,18
B1,Alta demanda con furgonetas,,210,2,1.2658103534424445,0.2753520321295508,1024931.8576402478,9600000.0,8575068.142359752,0.0,630.4798905434603,0,21
B1,Alta demanda con furgonetas,,180,6,1.3058870312434263,0.2925460328279509,951246.0204849065,7600000.0,6648753.979515093,0.0,538.3725940992841,0,18
B1,Alta demanda con furgonetas,,210,7,1.2475518620619555,0.27060788256523655,1041614.398266393,9200000.0,8158385.601733607,0.0,651.3330663261419,0,21
B1,Alta demanda con furgonetas,,190,3,1.1249754582221254,0.2782287761377223,957032.2554970721,8600000.0,7642967.744502928,0.0,545.6053878644909,0,19
B1,Alta demanda con furgonetas,,190,6,1.1691365350485377,0.27266347061101676,938564.8985900256,8650000.0,7711435.1014099745,0.0,522.5211917306827,0,19
B1,Alta demanda con furgonetas,,220,4,1.1411106964815794,0.2663384544735674,1024336.171126014,10050000.0,9025663.828873986,0.0,629.7352824006678,0,22
B1,Alta demanda con furgonetas,,200,10,1.2736998258695222,0.2515442871623897,966175.8202271109,9250000.0,8283824.179772889,0.0,557.0348437770397,0,20
B1,Alta demanda con furgonetas,,190,5,1.1572549342948428,0.27429507701438977,947696.7140395982,8200000.0,7252303.285960401,0.0,533.9359610426484,0,19
B1,Alta demanda con furgonetas,,200,8,1.150810171662627,0.27130085451290886,964617.2744266037,9100000.0,8135382.725573396,0.0,555.0866615264055,0,20
B1,Alta demanda con furgonetas,,200,5,1.0934900354798092,0.24775964225374522,970429.2019830331,8500000.0,7529570.798016967,0.0,562.3515709719419,0,20
B1,Alta demanda con furgonetas,,190,10,1.0570454796681374,0.266265586361158,948407.5972172271,8300000.0,7351592.402782773,0.0,534.8245650146844,0,19
B1,Alta demanda con furgonetas,,220,8,1.2245990299511675,0.23546935489219525,1053448.282894589,9400000.0,8346551.717105411,0.0,666.1254221113867,0,22
B1,Alta demanda con furgonetas,,190,8,1.3353813850669187,0.3006826074348816,969320.6290118725,8700000.0,7730679.370988128,0.0,560.9658547579913,0,19
B1,Alta demanda con furgonetas,,200,5,1.180897080188681,0.2823966465124074,982057.1786227685,8950000.0,7967942.821377232,0.0,576.8865417716113,0,20
B1,Alta demanda con furgonetas,,160,4,1.3550410484380302,0.34431443934009215,884925.1506018534,7100000.0,6215074.849398146,0.0,455.47150674546725,0,16
B1,Alta demanda con furgonetas,,200,6,1.212229921840998,0.27032251737459356,975802.1888476405,9000000.0,8024197.8111523595,0.0,569.0678045527014,0,20
B1,Alta demanda con furgonetas,,190,1,1.169356551139118,0.2907062252741913,943840.44353688,8550000.0,7606159.5564631205,0.0,529.1156229142507,0,19
B1,Alta demanda con furgonetas,,200,2,1.3431259320872895,0.27569185939207136,985578.8779842897,8900000.0,7914421.12201571,0.0,581.2886659735126,0,20
B1,Alta demanda con furgonetas,,190,2,1.0038623538724198,0.27320326538443357,938103.7294735729,8150000.0,7211896.270526427,0.0,521.9447303351171,0,19
B1,Alta demanda con furgonetas,,200,10,1.212087070684631,0.26505578837902755,976492.326124576,9350000.0,8373507.673875424,0.0,569.9304761488704,0,20
B1,Alta demanda con furgonetas,,230,3,1.1575205519144542,0.23435769941805523,1046294.8129945467,10300000.0,9253705.187005453,0.0,657.183584736334,0,23
B1,Alta demanda con furgonetas,,210,5,1.1898107938408233,0.25763136378847806,993510.141966261,9450000.0,8456489.858033739,0.0,591.2027459509767,0,21
B1,Alta demanda con furgonetas,,200,9,1.1318006644555556,0.2810475862434456,985601.6344923528,9250000.0,8264398.365507647,0.0,581.3171116085917,0,20
B1,Alta demanda con furgonetas,,190,9,1.11227928709975,0.27466839932010567,940602.4176112077,8050000.0,7109397.582388792,0.0,525.0680905071604,0,19
B1,Alta demanda con furgonetas,,180,3,1.259055172159688,0.29472585504430043,946842.1395494831,8500000.0,7553157.860450517,0.0,532.8677429300045,0,18
B1,Alta demanda con furgonetas,,190,7,1.1572857009780957,0.2916445226151213,940863.062411353,8700000.0,7759136.937588647,0.0,525.3938965073423,0,19
B1,Alta demanda con furgonetas,,200,8,1.1468872130004768,0.28943085599816937,946768.6348015917,8950000.0,8003231.365198408,0.0,532.77586199514,0,20
B1,Alta demanda con furgonetas,,190,7,1.2733406329249386,0.2820650838818642,952903.4712283195,8850000.0,7897096.528771681,0.0,540.44440752855,0,19
B1,Alta demanda con furgonetas,,180,5,1.3133372568180208,0.28004329306886794,927041.5086796776,7950000.0,7022958.491320322,0.0,508.11695434274776,0,18
B1,Alta demanda con furgonetas,,190,4,1.1918915640161083,0.3049572737211867,935684.3713078812,8550000.0,7614315.628692118,0.0,518.9205326280023,0,19
B1,Alta demanda con furgonetas,,210,7,1.1510129924592312,0.24473607330074315,973987.2490347252,9450000.0,8476012.750965275,0.0,566.7991297865574,0,21
B1,Alta demanda con furgonetas,,190,0,1.229543561823812,0.2764034865510808,959835.4413334632,8350000.0,7390164.558666537,0.0,549.1093701599799,0,19
B1,Alta demanda con furgonetas,,210,6,1.313351895959795,0.2815018267069529,993056.799131277,9000000.0,8006943.200868723,0.0,590.636067407247,0,21
B1,Alta demanda con furgonetas,,190,2,1.24053999280948,0.27276035616567207,956282.5373560578,8400000.0,7443717.462643942,0.0,544.6682401882229,0,19
B1,Alta demanda con furgonetas,,200,3,1.2312253743427697,0.27985057283573944,984043.4594700048,9200000.0,8215956.540529995,0.0,579.3693928306568,0,20
B1,Alta demanda con furgonetas,,190,4,1.1412118949117258,0.2746471603393127,949219.0188919139,8700000.0,7750780.981108086,0.0,535.838842108043,0,19
B1,Alta demanda con furgonetas,,210,9,1.1060999755731615,0.2588699685819289,1008101.2192331349,8950000.0,7941898.780766865,0.0,609.4415925345693,0,21
B1,Alta demanda con furgonetas,,190,3,1.2630387782441173,0.2565311435876552,944405.5078414523,8850000.0,7905594.492158548,0.0,529.8219532949663,0,19
B1,Alta demanda con furgonetas,,180,5,1.2551853228517507,0.29810620393651255,945060.4383565199,8250000.0,7304939.56164348,0.0,530.6406164388006,0,18
B1,Alta demanda con furgonetas,,160,5,1.221408981571972,0.3273556061892866,887894.5426344941,7050000.0,6162105.457365505,0.0,459.18324678626846,0,16
B1,Alta demanda con furgonetas,,210,4,1.313800300514611,0.2615680057253122,1024449.5401690252,9200000.0,8175550.459830975,0.0,629.876993704432,0,21
B1,Alta demanda con furgonetas,,180,8,1.2129490953394113,0.28381466364411784,948015.7024923405,8100000.0,7151984.2975076595,0.0,534.3346966085761,0,18
B1,Alta demanda con furgonetas,,190,2,1.2068333148248371,0.28841848673461773,924233.1631862605,8500000.0,7575766.8368137395,0.0,504.60652247597625,0,19
B1,Alta demanda con furgonetas,,180,1,1.2738579562321735,0.29020479012974687,967428.5160359073,8100000.0,7132571.483964093,0.0,558.6007135380347,0,18
B1,Alta demanda con furgonetas,,190,8,1.2666512961466974,0.27005458458536985,957887.1784318326,8250000.0,7292112.821568168,0.0,546.6740415329416,0,19
B1,Alta demanda con furgonetas,,200,9,1.195032292117525,0.2521375991051044,968720.0621814525,9500000.0,8531279.937818548,0.0,560.2151462199658,0,20
B1,Alta demanda con furgonetas,,180,5,1.2163496073379565,0.27529438144959983,937046.8714696926,7800000.0,6862953.128530308,0.0,520.6236578302663,0,18
B1,Alta demanda con furgonetas,,180,4,1.0877036240433073,0.26126648834585303,946394.4701821333,7850000.0,6903605.529817867,0.0,532.3081562208173,0,18
B1,Alta demanda con furgonetas,,170,7,1.1557058162985714,0.2968669404121694,920097.5308555462,7750000.0,6829902.469144454,0.0,499.4369820625834,0,17
B1,Alta demanda con furgonetas,,180,8,1.1349618875224823,0.27560124434815364,917642.9112068559,7900000.0,6982357.088793144,0.0,496.3687075017207,0,18
B1,Alta demanda con furgonetas,,180,9,1.2128020838157718,0.29294317156681515,930115.5332545608,8550000.0,7619884.466745439,0.0,511.95948506135153,0,18
B1,Alta demanda con furgonetas,,220,1,1.2997294464490812,0.2388694855186329,1018740.838616421,9700000.0,8681259.161383579,0.0,622.7411167636773,0,22
B1,Alta demanda con furgonetas,,170,9,1.2691527587285132,0.3064037733288152,905154.1368988486,7950000.0,7044845.863101152,0.0,480.75773961671155,0,17
B1,Alta demanda con furgonetas,,170,9,1.1198743402619167,0.2915456680740732,890499.113086388,8000000.0,7109500.8869136125,0.0,462.4389598511354,0,17
B1,Alta demanda con furgonetas,,200,5,1.311700985414914,0.2854619696453098,986815.9430241365,9300000.0,8313184.056975864,0.0,582.8349972733213,0,20
B1,Alta demanda con furgonetas,,180,7,1.266616280139847,0.27339526902042943,944148.8371742635,7350000.0,6405851.162825736,0.0,529.5011149609799,0,18
B1,Alta demanda con furgonetas,,160,2,1.0476672782015541,0.3021035290769637,860193.1725647358,7450000.0,6589806.827435264,0.0,424.55653419907054,0,16
B1,Alta demanda con furgonetas,,190,7,1.1860432807237824,0.2742337145588085,941450.4909308105,8400000.0,7458549.509069189,0.0,526.1281821566637,0,19
B1,Alta demanda con furgonetas,,180,6,1.2539628446355595,0.2829658026707241,935638.2526990982,8400000.0,7464361.747300901,0.0,518.8628843670239,0,18
B1,Alta demanda con furgonetas,,180,0,1.2101070816979176,0.29246115203895623,923940.7250409581,8550000.0,7626059.274959042,0.0,504.2409747943485,0,18
B1,Alta demanda con furgonetas,,200,4,1.1850684062651684,0.27663989308518444,984567.2039035201,9550000.0,8565432.79609648,0.0,580.024073372551,0,20
B1,Alta demanda con furgonetas,,180,2,1.3592829303420488,0.3042221917348518,933173.6061633527,7850000.0,6916826.393836647,0.0,515.7820761973417,0,18
B1,Alta demanda con furgonetas,,200,0,1.2579777765435234,0.2692578039547757,979384.663149639,8550000.0,7570615.336850361,0.0,573.5458974301994,0,20
B1,Alta demanda con furgonetas,,190,3,1.1275813127006813,0.273935401996128,932282.1166272736,8500000.0,7567717.883372726,0.0,514.6677142772427,0,19
B1,Alta demanda con furgonetas,,200,6,1.1842893869097315,0.2624795926829733,986795.7591339679,8700000.0,7713204.240866032,0.0,582.8097674106109,0,20
B1,Alta demanda con furgonetas,,190,5,1.2394163678812813,0.30716798204680634,947117.243718356,8600000.0,7652882.756281644,0.0,533.2116231410959,0,19
B1,Alta demanda con furgonetas,,200,5,1.0884509750546152,0.2506265132656436,970280.3170006474,8900000.0,7929719.682999353,0.0,562.16546474396,0,20
B1,Alta demanda con furgonetas,,190,9,1.1594606008507,0.2520860152916722,937704.8695426725,9000000.0,8062295.130457328,0.0,521.4461554214914,0,19
B1,Alta demanda con furgonetas,,200,2,1.2238105859948067,0.26945562461635864,967282.9919732624,8900000.0,7932717.008026738,0.0,558.4188084597288,0,20
B1,Alta demanda con furgonetas,,200,9,1.1305558009060448,0.2594377927663391,964763.7666653246,8950000.0,7985236.233334675,0.0,555.2697768248066,0,20
B1,Alta demanda con furgonetas,,240,1,1.1591236555379867,0.2274069158583036,1065876.855491447,10500000.0,9434123.144508554,0.0,681.6611378574593,0,24
B1,Alta demanda con furgonetas,,220,9,1.2213746638781227,0.26881565810145186,1023126.2250885194,10050000.0,9026873.77491148,0.0,628.2228498538,0,22
B1,Alta demanda con furgonetas,,170,5,1.2109028712160483,0.3124258042638739,922990.5227726819,7300000.0,6377009.477227318,0.0,503.05322195900305,0,17
B1,Alta demanda con furgonetas,,170,9,1.2009267528869205,0.2930956295394269,903496.3415349884,7550000.0,6646503.658465012,0.0,478.68549541188605,0,17
B1,Alta demanda con furgonetas,,180,4,1.2173012455778065,0.2813840604406554,927470.8570701134,8350000.0,7422529.1429298865,0.0,508.6536398307927,0,18
B1,Alta demanda con furgonetas,,230,9,1.1852766435739366,0.24344521134853206,1028366.5331672465,10600000.0,9571633.466832753,0.0,634.7732349522092,0,23
B1,Alta demanda con furgonetas,,190,9,1.1937388733900567,0.2809716877891602,946175.5910832956,8800000.0,7853824.408916704,0.0,532.0345573472702,0,19
B1,Alta demanda con furgonetas,,210,6,1.2880621160031607,0.2707612752506429,1026024.1249863016,9600000.0,8573975.875013698,0.0,631.8452247260276,0,21
B1,Alta demanda con furgonetas,,200,8,1.2630813550860647,0.27309395859204716,993291.0729928344,9000000.0,8006708.927007166,0.0,590.9289097341937,0,20
B1,Alta demanda con furgonetas,,190,7,1.2500163615228979,0.274029814675741,951602.5508931058,8150000.0,7198397.449106894,0.0,538.818257109533,0,19
B1,Alta demanda con furgonetas,,160,2,1.2667686099052644,0.3238049317445918,890095.3445374157,6900000.0,6009904.655462584,0.0,461.93424916492035,0,16
B1,Alta demanda con furgonetas,,210,0,1.1983622195576589,0.268581467141959,993274.8550908965,9150000.0,8156725.144909103,0.0,590.9086373567714,0,21
B1,Alta demanda con furgonetas,,200,7,1.2490771180114946,0.26237051299476294,990654.4841159573,8200000.0,7209345.515884043,0.0,587.6331736380974,0,20
B1,Alta demanda con furgonetas,,200,3,1.231001552063132,0.28035441250171744,975500.1159887351,8600000.0,7624499.884011265,0.0,568.6902134790696,0,20
B1,Alta demanda con furgonetas,,200,10,1.2151398767525259,0.2756081920139153,993093.9962881542,9800000.0,8806906.003711846,0.0,590.6825638533431,0,20
B1,Alta demanda con furgonetas,,230,8,1.1668827623996338,0.24478208246738187,1047224.9795202551,10850000.0,9802775.020479744,0.0,658.3462928934698,0,23
B1,Alta demanda con furgonetas,,200,8,1.180292602994952,0.27296321155395786,993718.8786203793,8750000.0,7756281.12137962,0.0,591.4636667686246,0,20
B1,Alta demanda con furgonetas,,200,6,1.1434685781318452,0.25649632072802747,969747.3096928624,8850000.0,7880252.690307138,0.0,561.4992056092287,0,20
B1,Alta demanda con furgonetas,,180,6,1.050883802905994,0.2818111673870217,931901.3077479956,8450000.0,7518098.6922520045,0.0,514.1917031781452,0,18
B1,Alta demanda con furgonetas,,200,9,1.1187034171839227,0.2795674604734858,974342.3353627388,8350000.0,7375657.664637261,0.0,567.242987696574,0,20
B1,Alta demanda con furgonetas,,190,5,1.1597249225708826,0.2978246472537936,969699.7951865916,8700000.0,7730300.204813409,0.0,561.4398124763902,0,19
B1,Alta demanda con furgonetas,,200,7,1.3248730447778545,0.2875481031038496,989537.8327819108,9100000.0,8110462.167218089,0.0,586.237359470539,0,20
B1,Alta demanda con furgonetas,,210,10,1.175304215324939,0.2592829807580693,1006541.019782811,9550000.0,8543458.980217189,0.0,607.4913432216641,0,21
B1,Alta demanda con furgonetas,,170,5,1.157633436564152,0.2893597522571491,898358.9555398482,7450000.0,6551641.044460151,0.0,472.26376291796095,0,17
B1,Alta demanda con furgonetas,,220,4,1.2395870060018943,0.23907660663743904,1015563.9539782219,9550000.0,8534436.046021778,0.0,618.7700109659278,0,22
B1,Alta demanda con furgonetas,,190,8,1.148036361913872,0.28769147351163266,939184.5843608663,8450000.0,7510815.415639134,0.0,523.2957989442335,0,19
B1,Alta demanda con furgonetas,,200,2,1.224655937657758,0.25447418625691337,987583.0250176479,8700000.0,7712416.974982352,0.0,583.7938497652107,0,20
B1,Alta demanda con furgonetas,,210,1,1.159407847288888,0.25106233028560976,997781.8302633717,9300000.0,8302218.169736628,0.0,596.5423563223651,0,21
B1,Alta demanda con furgonetas,,210,3,1.276830636225106,0.2912440785290606,1020273.4800764472,9400000.0,8379726.519923553,0.0,624.6569185887096,0,21
B1,Alta demanda con furgonetas,,210,7,1.1072096789679455,0.27131241398017075,995454.6105008203,9500000.0,8504545.38949918,0.0,593.6333316191766,0,21
B1,Alta demanda con furgonetas,,180,9,1.2431586110713877,0.3126887605143131,918720.0661175923,7750000.0,6831279.933882408,0.0,497.715151140141,0,18
B1,Alta demanda con furgonetas,,190,9,1.201160275295298,0.27780545449371385,954812.0334674976,8500000.0,7545187.966532502,0.0,542.8301103275222,0,19
B1,Alta demanda con furgonetas,,170,7,1.1317898765697363,0.3232316301512848,909695.6347448616,7450000.0,6540304.365255138,0.0,486.4346119242282,0,17
B1,Alta demanda con furgonetas,,180,6,1.1373791544051832,0.2943968448078307,921052.7857652005,8450000.0,7528947.214234799,0.0,500.63105069965144,0,18
B1,Alta demanda con furgonetas,,180,5,1.2227026319779422,0.3123855497155866,944408.8433238473,7900000.0,6955591.156676153,0.0,529.82612264796,0,18
B1,Alta demanda con furgonetas,,190,0,1.175318072010394,0.2739954239033477,946227.3320918616,8900000.0,7953772.667908139,0.0,532.0992336079776,0,19
B1,Alta demanda con furgonetas,,190,8,1.2299301743418036,0.267180139638817,958226.7967754673,8650000.0,7691773.203224532,0.0,547.0985644624848,0,19
B1,Alta demanda con furgonetas,,200,5,1.2514118209479996,0.26107821154162436,983108.3090129639,9100000.0,8116891.690987036,0.0,578.2004547593556,0,20
B1,Alta demanda con furgonetas,,200,9,1.137171681177745,0.27881974611508054,962183.7638960391,9150000.0,8187816.236103961,0.0,552.0447733631993,0,20
B1,Alta demanda con furgonetas,,200,4,1.249678262904218,0.2737813605652448,967684.8295765285,9750000.0,8782315.170423472,0.0,558.9211054638114,0,20
B1,Alta demanda con furgonetas,,180,7,1.2200425432041189,0.29908121729578635,931511.1014439164,8400000.0,7468488.898556083,0.0,513.7039452980462,0,18
B1,Alta demanda con furgonetas,,210,13,1.1506463435501888,0.24979717708062057,997326.8325300814,9250000.0,8252673.167469919,0.0,595.9736091557521,0,21
B1,Alta demanda con furgonetas,,200,7,1.2748574071399654,0.2693677732425999,974989.3710508306,9250000.0,8275010.628949169,0.0,568.0517823066891,0,20
B1,Alta demanda con furgonetas,,220,4,1.1459998032945458,0.25429668287930796,1014192.6743826562,9650000.0,8635807.325617343,0.0,617.0559114714714,0,22
B1,Alta demanda con furgonetas,,180,7,1.0922818009237396,0.29857271587053874,907006.68221638,8450000.0,7542993.31778362,0.0,483.0734212636255,0,18
B1,Alta demanda con furgonetas,,200,3,1.189495209562675,0.27579347153950057,985026.9794837169,9650000.0,8664973.020516284,0.0,580.5987928477969,0,20
B1,Alta demanda con furgonetas,,220,5,1.1138210393013601,0.2627440075593871,1008118.2377805556,9800000.0,8791881.762219444,0.0,609.4628657188451,0,22
B1,Alta demanda con furgonetas,,190,10,1.1811144290016007,0.28343178424438564,933735.8168150644,8300000.0,7366264.183184936,0.0,516.4848395119812,0,19
B1,Alta demanda con furgonetas,,170,10,1.2519910501517546,0.29832731587463696,923979.187921781,7350000.0,6426020.812078219,0.0,504.289053395377,0,17
B1,Alta demanda con furgonetas,,200,4,1.2224434009998812,0.2433557510405073,970705.4704214323,8750000.0,7779294.5295785675,0.0,562.6969065199415,0,20
B1,Alta demanda con furgonetas,,200,7,1.2805323767446897,0.2887534265493095,978894.9735878814,8350000.0,7371105.026412118,0.0,572.9337854780027,0,20
B1,Alta demanda con furgonetas,,200,2,1.1675597164178362,0.28119103341564733,953245.1977405956,8700000.0,7746754.802259404,0.0,540.8715656688951,0,20
B1,Alta demanda con furgonetas,,210,1,1.1801975849410975,0.2671006308379866,987468.767122921,9400000.0,8412531.23287708,0.0,583.6510273968016,0,21
B1,Alta demanda con furgonetas,,210,8,1.1779780513298688,0.25235258226818974,1006712.1314264613,9250000.0,8243287.868573539,0.0,607.7052327762273,0,21
B1,Alta demanda con furgonetas,,210,5,1.2807499747005182,0.2754101664954624,1015072.2366623227,9500000.0,8484927.763337677,0.0,618.1553643210542,0,21
B1,Alta demanda con furgonetas,,190,4,1.253828603117546,0.291396525933741,936958.0614074726,8000000.0,7063041.938592527,0.0,520.5126452524912,0,19
B1,Alta demanda con furgonetas,,200,6,1.1017732735206582,0.27751997040682497,970316.7480770993,8550000.0,7579683.251922901,0.0,562.2110035895249,0,20
B1,Alta demanda con furgonetas,,180,1,1.2241567772677608,0.30048020728769587,945493.5507214462,7700000.0,6754506.449278554,0.0,531.1820068949581,0,18
B1,Alta demanda con furgonetas,,210,7,1.323378894827217,0.2579270761804774,993351.2165473714,9550000.0,8556648.783452628,0.0,591.0040891773648,0,21
B1,Alta demanda con furgonetas,,200,2,1.2346918212369544,0.2654386364875704,975642.1481775952,8600000.0,7624357.851822405,0.0,568.8677537151447,0,20
B1,Alta demanda con furgonetas,,190,9,1.1434330573340312,0.2911929342876009,954255.5346455039,8350000.0,7395744.465354497,0.0,542.1344868000302,0,19
B1,Alta demanda con furgonetas,,180,6,1.2663893623846416,0.2925175976894575,951338.6286610308,8300000.0,7348661.371338969,0.0,538.4883543194394,0,18
B1,Alta demanda con furgonetas,,190,6,1.1030886179855814,0.26394863711359506,960441.1398181876,8350000.0,7389558.860181812,0.0,549.866493265885,0,19
B1,Alta demanda con furgonetas,,210,8,1.1905738344742265,0.27570259214816184,986600.7565810536,10000000.0,9013399.243418947,0.0,582.5660142194678,0,21
B1,Alta demanda con furgonetas,,200,2,1.1435972089542354,0.24306499620229782,983156.8260416156,9500000.0,8516843.173958384,0.0,578.2611010451701,0,20
B1,Alta demanda con furgonetas,,190,0,1.1972203789222424,0.2896295502593595,970909.6886765463,8700000.0,7729090.311323454,0.0,562.9521793388335,0,19
B1,Alta demanda con furgonetas,,200,2,1.1462066813904976,0.26627159278860846,981782.6896307534,9200000.0,8218217.310369247,0.0,576.5434305315923,0,20
B1,Alta demanda con furgonetas,,180,3,1.256272156963714,0.2841809752906297,952865.6409229987,8000000.0,7047134.359077001,0.0,540.397119646899,0,18
B1,Alta demanda con furgonetas,,200,12,1.232031415436563,0.2765764988106041,998369.9818117825,9200000.0,8201630.018188218,0.0,597.2775457578789,0,20
B1,Alta demanda con furgonetas,,200,6,1.0914145993018278,0.2587661028151917,978706.9481538341,8950000.0,7971293.051846166,0.0,572.6987536854432,0,20
B1,Alta demanda con furgonetas,,200,6,1.190519592350968,0.275250639524716,962514.9975261393,9000000.0,8037485.002473861,0.0,552.4588154008246,0,20
B1,Alta demanda con furgonetas,,210,2,1.3237784475127516,0.267962822553943,1006963.496475132,9700000.0,8693036.503524868,0.0,608.0194390870654,0,21
B1,Alta demanda con furgonetas,,180,6,1.3121334862741287,0.3028223886774371,926185.6885229095,8200000.0,7273814.31147709,0.0,507.04717914678764,0,18
B1,Alta demanda con furgonetas,,170,8,1.1054985852969605,0.29953169892729364,891669.7107262578,7750000.0,6858330.289273743,0.0,463.90220690097294,0,17
B1,Alta demanda con furgonetas,,170,8,1.257304656877981,0.3071740067546088,913457.7757708613,7650000.0,6736542.224229138,0.0,491.1372882067274,0,17
B1,Alta demanda con furgonetas,,210,10,1.2184567386616787,0.2638200469379659,1000966.7487882233,9150000.0,8149033.251211776,0.0,600.5235044784295,0,21
B1,Alta demanda con furgonetas,,160,8,1.3184534710771474,0.3426413460337112,890852.7050175425,7400000.0,6509147.2949824575,0.0,462.88094976507864,0,16
B1,Alta demanda con furgonetas,,180,0,1.3027032709096926,0.3181216798068479,955743.318021341,8000000.0,7044256.681978659,0.0,543.9942160198269,0,18
B1,Alta demanda con furgonetas,,170,9,1.2260107106447873,0.3121669224318582,910253.565053115,7500000.0,6589746.434946885,0.0,487.1320248095445,0,17
B1,Alta demanda con furgonetas,,200,9,1.177420071832899,0.2604980357140671,966032.1885030975,8900000.0,7933967.811496902,0.0,556.8553041220225,0,20
B1,Alta demanda con furgonetas,,190,9,1.0780415098831244,0.26046171746657365,937983.4159393697,8200000.0,7262016.58406063,0.0,521.7943384173627,0,19
B1,Alta demanda con furgonetas,,190,8,1.3106737389791139,0.2734593693985604,973145.741793137,8150000.0,7176854.258206863,0.0,565.7472457345721,0,19
B1,Alta demanda con furgonetas,,200,7,1.1001568404480107,0.27076279010281595,945046.7678585993,9000000.0,8054953.232141401,0.0,530.6235283163999,0,20
B1,Alta demanda con furgonetas,,210,8,1.1719827844616255,0.24622815775545162,988198.7981718819,9550000.0,8561801.201828118,0.0,584.5635662080031,0,21
B1,Alta demanda con furgonetas,,210,2,1.1832484785062098,0.2546570679826676,986859.9522096128,9300000.0,8313140.047790388,0.0,582.8900087551667,0,21
B1,Alta demanda con furgonetas,,210,6,1.2272806231199804,0.2540709744932697,975221.9314527775,9050000.0,8074778.068547223,0.0,568.3424828091227,0,21
B1,Alta demanda con furgonetas,,190,3,1.128376252776283,0.27034787919629283,966212.5296095314,8600000.0,7633787.470390469,0.0,557.0807305050649,0,19
B1,Alta demanda con furgonetas,,190,6,1.3735154363274196,0.2622897528010731,975990.3304108634,8300000.0,7324009.669589137,0.0,569.3029815067296,0,19
B1,Alta demanda con furgonetas,,210,8,1.1749217391942173,0.25599836747466453,1001770.2203869673,8850000.0,7848229.779613033,0.0,601.5278439768599,0,21
B1,Alta demanda con furgonetas,,190,9,1.1464987533475284,0.2701602908156325,949366.82929592,8650000.0,7700633.17070408,0.0,536.0236051130506,0,19
B1,Alta demanda con furgonetas,,170,7,1.3239683933814155,0.30505916291631496,908591.1300206468,7150000.0,6241408.869979354,0.0,485.0539810189591,0,17
B1,Alta demanda con furgonetas,,200,10,1.1770761877409073,0.26387501478263137,975902.4461796564,8950000.0,7974097.553820344,0.0,569.1931262177217,0,20
B1,Alta demanda con furgonetas,,170,8,1.204764962745166,0.2944931335925619,906407.5823165323,7450000.0,6543592.417683467,0.0,482.324546388816,0,17
B1,Alta demanda con furgonetas,,190,5,1.1622982885749116,0.2904800907828961,975846.8691091567,8750000.0,7774153.130890843,0.0,569.1236548795963,0,19
B1,Alta demanda con furgonetas,,200,5,1.136526712492608,0.26412878272105156,959108.0235084208,9200000.0,8240891.976491579,0.0,548.2000978786767,0,20
B1,Alta demanda con furgonetas,,180,1,1.1660115537134481,0.30993722460581064,927159.0192797494,8300000.0,7372840.980720251,0.0,508.26384259283714,0,18
B1,Alta demanda con furgonetas,,230,8,1.1977687877039618,0.2311201913933834,1054805.6226282003,10650000.0,9595194.3773718,0.0,667.8220967784009,0,23
B1,Alta demanda con furgonetas,,190,6,1.270181754623643,0.2793551967786281,959986.347362187,8850000.0,7890013.652637813,0.0,549.2980026958842,0,19
B1,Alta demanda con furgonetas,,210,8,1.1751637684874794,0.26655916986336653,1007236.686364834,9450000.0,8442763.313635167,0.0,608.3609264491935,0,21
B1,Alta demanda con furgonetas,,160,5,1.4039395407530493,0.2875135605933729,917031.0341281429,6850000.0,5932968.9658718575,0.0,495.6038611533294,0,16
B1,Alta demanda con furgonetas,,180,1,1.1607916482218141,0.26154278864300856,920934.624906572,7950000.0,7029065.375093428,0.0,500.4833496263658,0,18
B1,Alta demanda con furgonetas,,190,10,1.2399648994280295,0.3009995430840989,939968.3340946216,9000000.0,8060031.665905379,0.0,524.2754861114279,0,19
B1,Alta demanda con furgonetas,,190,9,1.216817154403602,0.2868714532805499,964700.5776973126,8750000.0,7785299.422302688,0.0,555.1907906147912,0,19
B1,Alta demanda con furgonetas,,170,6,1.166377702328611,0.2895761218495241,911395.6588838263,7550000.0,6638604.341116173,0.0,488.55964209793353,0,17
B1,Alta demanda con furgonetas,,190,9,1.2555502667164262,0.2729151155919653,971261.2499284259,8750000.0,7778738.750071574,0.0,563.3916309036833,0,19
B1,Alta demanda con furgonetas,,190,9,1.2046889035988364,0.268065502203926,971392.5932738258,8750000.0,7778607.406726174,0.0,563.5558100854332,0,19
B1,Alta demanda con furgonetas,,190,3,1.1013887994544218,0.2798042816694225,957222.7178599618,8350000.0,7392777.282140038,0.0,545.843465818103,0,19
B1,Alta demanda con furgonetas,,190,3,1.1755494753704652,0.2741512759353474,968431.6516403935,8700000.0,7731568.348359606,0.0,559.8546330436429,0,19
B1,Alta demanda con furgonetas,,180,10,1.2855650289253582,0.31990048660230774,916720.5086991189,8450000.0,7533279.491300881,0.0,495.2157043670492,0,18
B1,Alta demanda con furgonetas,,210,8,1.3103091401390756,0.2506387159824635,1009700.7850267439,9850000.0,8840299.214973256,0.0,611.4410497765805,0,21
B1,Alta demanda con furgonetas,,200,1,1.2392957785014906,0.24679959142467858,975466.6047193981,9850000.0,8874533.395280601,0.0,568.6483243923981,0,20
B1,Alta demanda con furgonetas,,170,5,1.2734943932121146,0.3052651254328634,901686.6396085522,7300000.0,6398313.360391447,0.0,476.423368003841,0,17
B1,Alta demanda con furgonetas,,220,6,1.135517909157264,0.24386153826402734,1025228.5720036936,9750000.0,8724771.427996306,0.0,630.8507834977676,0,22
B1,Alta demanda con furgonetas,,190,4,1.1341068549146633,0.275213085149125,955238.2030554817,8700000.0,7744761.796944519,0.0,543.362822312503,0,19
B1,Alta demanda con furgonetas,,190,9,1.1714199664486296,0.2866229156711994,949354.8323475854,8600000.0,7650645.167652415,0.0,536.0086089276323,0,19
B1,Alta demanda con furgonetas,,220,2,1.1956321374224876,0.24801816422343667,1058672.3899010047,9850000.0,8791327.610098995,0.0,672.6555558694065,0,22
B1,Alta demanda con furgonetas,,200,7,1.0982293437335695,0.2708116479081289,950935.8423744852,8900000.0,7949064.157625515,0.0,537.9848714612571,0,20
B1,Alta demanda con furgonetas,,210,8,1.1401515872352095,0.2712179891678453,979335.0758223329,9000000.0,8020664.924177667,0.0,573.4839132710669,0,21
B1,Alta demanda con furgonetas,,200,8,1.2150426107650858,0.2540081867521784,958118.7206101127,8950000.0,7991881.279389887,0.0,546.9634692557914,0,20
B1,Alta demanda con furgonetas,,200,7,1.1796799132196873,0.2642294612408399,966075.6994953535,9600000.0,8633924.300504647,0.0,556.9096928623424,0,20
B1,Alta demanda con furgonetas,,230,9,1.242248300151056,0.24659082552594863,1047652.1582997761,11100000.0,10052347.841700224,0.0,658.8802663678708,0,23
B1,Alta demanda con furgonetas,,200,1,1.2866168841145669,0.27147390234708835,986397.7390182237,8350000.0,7363602.260981776,0.0,582.3122422659303,0,20
B1,Alta demanda con furgonetas,,200,6,1.1809738187377539,0.27195166948506216,948645.2696947043,9950000.0,9001354.730305295,0.0,535.1216556115311,0,20
B1,Alta demanda con furgonetas,,200,3,1.1225277615679645,0.2516958877146121,990045.1522836225,8700000.0,7709954.847716377,0.0,586.871508847679,0,20
B1,Alta demanda con furgonetas,,210,1,1.2864470443209224,0.2579186807746147,989821.7967974831,9600000.0,8610178.203202518,0.0,586.5923144900047,0,21
B1,Alta demanda con furgonetas,,210,2,1.2128888753939921,0.2653255843044911,1002643.0423818834,9200000.0,8197356.957618116,0.0,602.6188714705048,0,21
B1,Alta demanda con furgonetas,,190,7,1.2603507427707896,0.2818585579778599,946078.8624069878,8550000.0,7603921.137593012,0.0,531.9136465018852,0,19
B1,Alta demanda con furgonetas,,190,3,1.2527195055980096,0.27670309633668494,949345.9989957028,9300000.0,8350654.001004297,0.0,535.9975672377791,0,19
B1,Alta demanda con furgonetas,,210,9,1.1651182600733412,0.22641779591208142,983910.6821016914,9250000.0,8266089.317898309,0.0,579.2034211202648,0,21
B1,Alta demanda con furgonetas,,190,7,1.3185587760830093,0.2662701452466313,966038.5231123107,8850000.0,7883961.476887689,0.0,556.8632223835391,0,19
B1,Alta demanda con furgonetas,,180,1,1.2125481464352932,0.2928344867271206,927731.0313638727,8400000.0,7472268.968636127,0.0,508.97885769799143,0,18
B1,Alta demanda con furgonetas,,210,7,1.1510567526819868,0.27923278125150836,994773.998014937,9550000.0,8555226.001985064,0.0,592.7825660118223,0,21
B1,Alta demanda con furgonetas,,180,11,1.2655519617176756,0.30054557567542367,941891.8534610873,8000000.0,7058108.146538912,0.0,526.6798853195095,0,18
B1,Alta demanda con furgonetas,,200,6,1.1372089585875385,0.28587697147157753,963026.4493860397,9200000.0,8236973.55061396,0.0,553.0981302257005,0,20
B1,Alta demanda con furgonetas,,190,9,1.19230925687456,0.27308075908464696,963997.2920797558,8700000.0,7736002.707920244,0.0,554.3116835928456,0,19
B1,Alta demanda con furgonetas,,190,0,1.223827719260761,0.2843446684182626,958061.2804037668,8600000.0,7641938.719596233,0.0,546.8916689978593,0,19
B1,Alta demanda con furgonetas,,190,8,1.1298808778463332,0.26016056675222615,950243.7946865757,8750000.0,7799756.205313425,0.0,537.11981185137,0,19
B1,Alta demanda con furgonetas,,180,4,1.2399303581684107,0.2606826162495088,930007.7912092207,8350000.0,7419992.208790779,0.0,511.82480750467676,0,18
B1,Alta demanda con furgonetas,,190,4,1.2182734162840165,0.2783515966562787,932450.8325793092,9150000.0,8217549.167420691,0.0,514.8786092172874,0,19
B1,Alta demanda con furgonetas,,180,0,1.1522721602799868,0.2873749862427326,916200.8352636291,8300000.0,7383799.164736371,0.0,494.56611257268725,0,18
B1,Alta demanda con furgonetas,,200,1,1.2224752486833033,0.27774156097865693,1013642.9874485172,8550000.0,7536357.012551483,0.0,616.3688028037972,0,20
B1,Alta demanda con furgonetas,,210,9,1.1879474508135008,0.26624426436809484,1005271.8991590912,10100000.0,9094728.10084091,0.0,605.9049424420147,0,21
B1,Alta demanda con furgonetas,,210,8,1.1759903322778889,0.24324867664888655,1008840.644751222,8650000.0,7641159.355248778,0.0,610.3658744321783,0,21
B1,Alta demanda con furgonetas,,190,4,1.2645219342396705,0.315929837659144,963141.2513367354,8550000.0,7586858.748663264,0.0,553.2416326640698,0,19
B1,Alta demanda con furgonetas,,210,5,1.1669146285612002,0.2726791824829316,983641.010419028,9400000.0,8416358.989580972,0.0,578.8663315169359,0,21
B1,Alta demanda con furgonetas,,190,2,1.2063084077281534,0.2992210909789112,955132.7755404024,8450000.0,7494867.224459598,0.0,543.2310379186537,0,19
B1,Alta demanda con furgonetas,,200,9,1.294249084359331,0.2668733713525663,995253.1091239135,9550000.0,8554746.890876086,0.0,593.3814548980423,0,20
B1,Alta demanda con furgonetas,,200,10,1.1136614959849525,0.24899344882353155,994501.8697138474,9000000.0,8005498.1302861525,0.0,592.44240563546,0,20
B1,Alta demanda con furgonetas,,220,12,1.0963353087373262,0.23115949344953313,1013851.2463991545,10150000.0,9136148.753600845,0.0,616.6291264920935,0,22
B1,Alta demanda con furgonetas,,200,10,1.2470521669573944,0.25618797514721203,988703.1367757353,9350000.0,8361296.863224264,0.0,585.1939894628198,0,20
B1,Alta demanda con furgonetas,,210,5,1.1834107138796413,0.2723368021980805,999394.2806116663,9800000.0,8800605.719388334,0.0,598.5579192577336,0,21
B1,Alta demanda con furgonetas,,200,6,1.2429903524709587,0.2531664752860021,987574.4101706661,9050000.0,8062425.589829334,0.0,583.7830812064832,0,20
B1,Alta demanda con furgonetas,,180,10,1.1691593538322833,0.2681253411281056,937216.3008022992,8400000.0,7462783.699197701,0.0,520.8354444960245,0,18
B1,Alta demanda con furgonetas,,210,9,1.1254127332495503,0.24165739332751437,1026202.2140061754,9150000.0,8123797.785993825,0.0,632.06783600087,0,21
B1,Alta demanda con furgonetas,,190,9,1.0688444375810222,0.29190313617401764,924546.3237958966,8350000.0,7425453.676204103,0.0,504.9979732380214,0,19
B1,Alta demanda con furgonetas,,190,6,1.2823498515789125,0.28950763236925436,949393.6007077008,8150000.0,7200606.3992922995,0.0,536.0570693777765,0,19
B1,Alta demanda con furgonetas,,200,2,1.2897017126310337,0.26764922115852796,995969.8446332855,9300000.0,8304030.155366714,0.0,594.2773742847577,0,20
B1,Alta demanda con furgonetas,,180,4,1.2012024738443452,0.284553253702719,922685.6150794188,8000000.0,7077314.384920581,0.0,502.6720873424243,0,18
B1,Alta demanda con furgonetas,,190,3,1.1997807415555077,0.2596028488369545,953747.9149971673,8600000.0,7646252.085002833,0.0,541.4999622396097,0,19
B1,Alta demanda con furgonetas,,210,5,1.203033012090081,0.257471354085223,995637.087622843,9050000.0,8054362.912377157,0.0,593.8614280217042,0,21
B1,Alta demanda con furgonetas,,180,7,1.2071432448312558,0.27502509075212406,940479.7288851494,8400000.0,7459520.27111485,0.0,524.9147295995875,0,18
B1,Alta demanda con furgonetas,,180,10,1.2088982646391417,0.28761853286913625,929375.7911975167,8600000.0,7670624.208802483,0.0,511.0348074900463,0,18
B1,Alta demanda con furgonetas,,180,3,1.1866822137130273,0.30276481516309955,909101.5498898487,8100000.0,7190898.450110151,0.0,485.6920058554617,0,18
B1,Alta demanda con furgonetas,,180,4,1.1710729899907508,0.2805919314607057,928259.1875892881,7750000.0,6821740.812410712,0.0,509.6390529797609,0,18
B1,Alta demanda con furgonetas,,220,3,1.3530017953527314,0.23898987097362231,1045354.4560385222,10000000.0,8954645.543961478,0.0,656.0081385413032,0,22
B1,Alta demanda con furgonetas,,160,5,1.2666459471548575,0.29130660368480366,889044.1198668379,7200000.0,6310955.880133162,0.0,460.62021832669774,0,16
B1,Alta demanda con furgonetas,,200,7,1.0657191830194994,0.2557680795625813,952195.1769491783,9050000.0,8097804.823050821,0.0,539.5590396796234,0,20
B1,Alta demanda con furgonetas,,210,6,1.086696814775553,0.26407613891109505,1007173.0106407885,9050000.0,8042826.989359211,0.0,608.2813317941365,0,21
B1,Alta demanda con furgonetas,,180,2,1.1995056420106354,0.2941449679239397,935329.0100108065,8000000.0,7064670.989989193,0.0,518.4763310066589,0,18
B1,Alta demanda con furgonetas,,190,8,1.1829645093702883,0.27964007141886343,961605.1427275654,8400000.0,7438394.857272435,0.0,551.3214969026075,0,19
B1,Alta demanda con furgonetas,,200,5,1.1494733088963947,0.29523310295582905,966168.3066228731,9000000.0,8033831.693377127,0.0,557.0254517717423,0,20
B1,Alta demanda con furgonetas,,190,0,1.235347119419704,0.276133719548421,974170.675938234,8900000.0,7925829.324061766,0.0,567.0284134159429,0,19
B1,Alta demanda con furgonetas,,170,5,1.0941304770005205,0.27064431643601045,882424.7791881772,7650000.0,6767575.220811822,0.0,452.34604247837257,0,17
B1,Alta demanda con furgonetas,,190,7,1.2145517515319855,0.27930656795955,967884.2469168057,8800000.0,7832115.753083195,0.0,559.1703771391581,0,19
B1,Alta demanda con furgonetas,,210,3,1.204405094996207,0.2630658221722486,1012447.2322504872,9000000.0,7987552.767749513,0.0,614.8741088062599,0,21
B1,Alta demanda con furgonetas,,180,5,1.2141549038433939,0.2995772265783172,923149.5032423708,7850000.0,6926850.496757629,0.0,503.2519475461144,0,18
B1,Alta demanda con furgonetas,,200,3,1.3082148141725458,0.2605868027714331,987098.1032828349,9600000.0,8612901.896717165,0.0,583.1876975966945,0,20
B1,Alta demanda con furgonetas,,200,4,1.1865750857728572,0.280303558081368,968329.658674976,9550000.0,8581670.341325024,0.0,559.7271418368709,0,20
B1,Alta demanda con furgonetas,,200,1,1.2345472472432792,0.2832691006417131,984526.5089004384,9000000.0,8015473.491099562,0.0,579.973204618699,0,20
B1,Alta demanda con furgonetas,,180,7,1.3585962039848203,0.2849506974177883,938948.5562736614,7850000.0,6911051.443726338,0.0,523.0007638352272,0,18
B1,Alta demanda con furgonetas,,200,6,1.297650255199333,0.26298377371340637,974418.4022159782,9050000.0,8075581.597784022,0.0,567.3380712631233,0,20
B1,Alta demanda con furgonetas,,180,0,1.305875039201391,0.2954688352855636,926326.9620563249,8800000.0,7873673.037943675,0.0,507.2237710635569,0,18
B1,Alta demanda con furgonetas,,190,3,1.2185877749808733,0.2771668431354081,951099.4063502852,8900000.0,7948900.593649715,0.0,538.1893264310072,0,19
B1,Alta demanda con furgonetas,,200,7,1.021525828725583,0.25572527081810237,957266.6235210755,9000000.0,8042733.376478924,0.0,545.8983478944951,0,20
B1,Alta demanda con furgonetas,,190,3,1.0853650696780501,0.28756851167423086,947944.7650989571,9050000.0,8102055.234901043,0.0,534.2460248668475,0,19
B1,Alta demanda con furgonetas,,200,6,1.2435141593153276,0.23410458042288818,1003256.2278208307,9300000.0,8296743.77217917,0.0,603.3853532691888,0,20
B1,Alta demanda con furgonetas,,210,6,1.238521464496584,0.24175421669204783,1022126.2439231137,9300000.0,8277873.756076886,0.0,626.9728733970428,0,21
B1,Alta demanda con furgonetas,,180,7,1.2113280415344838,0.2763127922433685,936717.606369496,8400000.0,7463282.393630504,0.0,520.2120764550206,0,18
B1,Alta demanda con furgonetas,,170,7,1.2727004910758357,0.31125721150740726,922901.3125431715,7300000.0,6377098.687456829,0.0,502.94170917211505,0,17
B1,Alta demanda con furgonetas,,210,5,1.1260170265231764,0.2554984712499506,967425.984395048,9350000.0,8382574.015604952,0.0,558.5975489869608,0,21
B1,Alta demanda con furgonetas,,160,4,1.2332779014097592,0.3182069823296302,889693.0171447727,7000000.0,6110306.982855227,0.0,461.43133992411657,0,16
B1,Alta demanda con furgonetas,,210,4,1.384981627350359,0.2772982763714498,1023277.4601712257,10000000.0,8976722.539828774,0.0,628.4118937071828,0,21
B1,Alta demanda con furgonetas,,190,5,1.2098636582116435,0.3075221115269933,973841.0793096009,8300000.0,7326158.920690399,0.0,566.6164176301515,0,19
B1,Alta demanda con furgonetas,,200,8,1.0832165936530416,0.2662258752602901,960981.8709782577,8750000.0,7789018.129021742,0.0,550.5424072159726,0,20
B1,Alta demanda con furgonetas,,180,0,1.0671057062352163,0.27765773242827674,906703.1530851623,8600000.0,7693296.846914838,0.0,482.69400984960356,0,18
B1,Alta demanda con furgonetas,,200,8,1.310519210121956,0.2583112339307026,992569.4524001955,8750000.0,7757430.547599805,0.0,590.0268839933951,0,20
B1,Alta demanda con furgonetas,,210,2,1.1432759181900827,0.24192277117007255,1001371.5535934988,9850000.0,8848628.4464065,0.0,601.0295104850239,0,21
B1,Alta demanda con furgonetas,,180,11,1.1855525716292872,0.2914760457998874,908691.4498145295,8100000.0,7191308.550185471,0.0,485.17938076131264,0,18
B1,Alta demanda con furgonetas,,190,3,1.2258679025270134,0.29565834427053245,948395.0255874217,8300000.0,7351604.974412578,0.0,534.808850477428,0,19
B1,Alta demanda con furgonetas,,190,2,1.3051167986170638,0.2732449744746723,978411.338866851,8000000.0,7021588.661133149,0.0,572.3292420767144,0,19
B1,Alta demanda con furgonetas,,180,1,1.261776463301688,0.29402163099303413,939459.4809165035,7850000.0,6910540.519083496,0.0,523.6394196387799,0,18
B1,Alta demanda con furgonetas,,210,7,1.2544385131352258,0.26603661861102945,1018047.6111871444,9300000.0,8281952.388812856,0.0,621.8745824770813,0,21
B1,Alta demanda con furgonetas,,190,6,1.1387355509512336,0.2590851210220747,931582.3995271883,8800000.0,7868417.600472812,0.0,513.7930679021359,0,19
B1,Alta demanda con furgonetas,,210,6,1.3428425775966588,0.24666966834472184,1008391.600512139,9200000.0,8191608.3994878605,0.0,609.8045691333245,0,21
B1,Alta demanda con furgonetas,,200,6,1.180073171111861,0.2772656015702137,948901.9763369317,8850000.0,7901098.023663068,0.0,535.4425389143155,0,20
B1,Alta demanda con furgonetas,,180,3,1.2692558166232766,0.28872601381452695,908841.1829103817,7850000.0,6941158.817089618,0.0,485.36654713112773,0,18
B1,Alta demanda con furgonetas,,220,3,1.1237547673756745,0.24177646500268746,1032597.8325319793,9300000.0,8267402.167468021,0.0,640.0623591581249,0,22
B1,Alta demanda con furgonetas,,200,10,1.1650629804962795,0.268652031196474,963513.1246348831,9000000.0,8036486.875365117,0.0,553.7064742867545,0,20
B1,Alta demanda con furgonetas,,190,9,1.259987524310438,0.26109540571652595,975889.769551965,8600000.0,7624110.2304480355,0.0,569.1772804331065,0,19
B1,Alta demanda con furgonetas,,200,0,1.2821863417761536,0.27829294522066644,1005108.8184491248,9350000.0,8344891.181550875,0.0,605.7010915545566,0,20
B1,Alta demanda con furgonetas,,210,1,1.21404930258954,0.24692727109435897,997077.9804634788,9500000.0,8502922.019536521,0.0,595.6625440724991,0,21
B1,Alta demanda con furgonetas,,180,4,1.2880056400991424,0.30432029324103277,943992.4030097595,8150000.0,7206007.596990241,0.0,529.3055722553502,0,18
B1,Alta demanda con furgonetas,,180,5,1.1444166106484628,0.2837411319953375,928510.6247625472,8650000.0,7721489.375237453,0.0,509.9533494463349,0,18
B1,Alta demanda con furgonetas,,210,8,1.2483956814796393,0.2704613536747096,1000304.2424298804,9500000.0,8499695.75757012,0.0,599.6953715305011,0,21
B1,Alta demanda con furgonetas,,190,3,1.2551388352927153,0.2873536672466253,951494.0646047681,8950000.0,7998505.9353952315,0.0,538.6826492491105,0,19
B1,Alta demanda con furgonetas,,180,9,1.181718225072296,0.3252441890810784,946344.4168677368,8600000.0,7653655.583132263,0.0,532.2455895778218,0,18
B1,Alta demanda con furgonetas,,180,5,1.3815387698962394,0.28281075937421907,938387.6204449317,8500000.0,7561612.379555068,0.0,522.2995940493153,0,18
B1,Alta demanda con furgonetas,,190,0,1.1853031286526674,0.2732523990553895,949544.8606612005,8400000.0,7450455.1393388,0.0,536.2461443196514,0,19
B1,Alta demanda con furgonetas,,190,0,1.2238197726112778,0.2786173142438921,959055.8546018812,8550000.0,7590944.1453981185,0.0,548.1348867455023,0,19
B1,Alta demanda con furgonetas,,200,8,1.2605136261411092,0.25438000497282365,995452.6040280187,9050000.0,8054547.395971982,0.0,593.6308235281738,0,20
B1,Alta demanda con furgonetas,,210,4,1.116427994168671,0.2593704791517889,987981.1646712677,9200000.0,8212018.835328733,0.0,584.2915243322354,0,21
B1,Alta demanda con furgonetas,,180,8,1.1360434261561163,0.2717482488714899,934666.558800957,8250000.0,7315333.441199043,0.0,517.6482669943468,0,18
B1,Alta demanda con furgonetas,,180,4,1.1906625952808791,0.301989238821896,942184.3486512958,7950000.0,7007815.6513487045,0.0,527.0455043072704,0,18
B1,Alta demanda con furgonetas,,180,4,1.1827527451197892,0.3001162517643511,921960.2810986903,7950000.0,7028039.71890131,0.0,501.765419866514,0,18
B1,Alta demanda con furgonetas,,210,8,1.0474453344895696,0.24200450345217014,975360.5428683672,9600000.0,8624639.457131634,0.0,568.5157470786095,0,21
B1,Alta demanda con furgonetas,,190,3,1.1933804592605528,0.28306049327295235,962499.4459170894,8900000.0,7937500.5540829105,0.0,552.4393758895121,0,19
B1,Alta demanda con furgonetas,,210,6,1.1569089159407198,0.2593043914165773,1010492.9040392151,9500000.0,8489507.095960785,0.0,612.4311985421693,0,21
B1,Alta demanda con furgonetas,,190,7,1.31627803827741,0.29113946143515235,973713.1445003973,9000000.0,8026286.855499603,0.0,566.4564991186475,0,19
B1,Alta demanda con furgonetas,,190,8,1.256159748210851,0.2669398522256983,971856.8508345318,8700000.0,7728143.149165468,0.0,564.1361320363155,0,19
B1,Alta demanda con furgonetas,,190,5,1.2024951251889322,0.29653314243479567,944385.6197946946,8400000.0,7455614.380205305,0.0,529.7970932365192,0,19
B1,Alta demanda con furgonetas,,200,2,1.2814634788552777,0.2663203305517992,987114.9891092494,9050000.0,8062885.01089075,0.0,583.2088048797126,0,20
B1,Alta demanda con furgonetas,,180,2,1.143016830275588,0.3063221909601534,928817.8021582174,8100000.0,7171182.197841782,0.0,510.3373211909227,0,18
B1,Alta demanda con furgonetas,,190,6,1.2197322568608204,0.2733886616586961,942894.5325632252,8800000.0,7857105.467436775,0.0,527.9332341971823,0,19
B1,Alta demanda con furgonetas,,170,4,1.35518808365809,0.3185058114924627,905660.8559631454,8150000.0,7244339.144036855,0.0,481.39113844708226,0,17
B1,Alta demanda con furgonetas,,190,10,1.234908553591677,0.2549038341778245,933750.4663512694,9200000.0,8266249.53364873,0.0,516.5031514322374,0,19
B1,Alta demanda con furgonetas,,190,9,1.3161116556794805,0.2831412577537825,991473.6093567197,8350000.0,7358526.39064328,0.0,588.6570801890504,0,19
B1,Alta demanda con furgonetas,,180,7,1.231257038356105,0.2821247091378894,955108.726768244,7850000.0,6894891.273231756,0.0,543.2009769534556,0,18
B1,Alta demanda con furgonetas,,200,7,1.1459430778177162,0.26874782728478125,969013.4062111829,8750000.0,7780986.5937888175,0.0,560.5818262571294,0,20
B1,Alta demanda con furgonetas,,200,1,1.143624385098656,0.27166845805255757,960295.0645709499,8950000.0,7989704.93542905,0.0,549.683899206838,0,20
B1,Alta demanda con furgonetas,,180,0,1.18207411972144,0.32502119287761144,931767.2081415239,8000000.0,7068232.791858476,0.0,514.0240786700557,0,18
B1,Alta demanda con furgonetas,,180,8,1.0797739387451868,0.28293270377681373,925411.3890498867,7800000.0,6874588.610950113,0.0,506.0793048055093,0,18
B1,Alta demanda con furgonetas,,150,8,1.1982651625161067,0.33068714269592286,855605.6874435339,6400000.0,5544394.312556466,0.0,418.82217779756814,0,15
B1,Alta demanda con furgonetas,,210,3,1.3525194613486595,0.26539080231161505,995163.3084395109,9550000.0,8554836.691560488,0.0,593.2692040425392,0,21
B1,Alta demanda con furgonetas,,190,7,1.1866575855164905,0.26300095272384266,945129.3014411634,8700000.0,7754870.698558836,0.0,530.726695294605,0,19
B1,Alta demanda con furgonetas,,180,5,1.3405086655364558,0.2946084098072059,958470.3048420184,8250000.0,7291529.6951579815,0.0,547.4029495456738,0,18
B1,Alta demanda con furgonetas,,180,2,1.2203635316812633,0.26944272365251315,923904.8360790906,8050000.0,7126095.163920909,0.0,504.19611359201383,0,18
B1,Alta demanda con furgonetas,,180,2,1.254561667401997,0.2937248074855924,930460.2770268542,8250000.0,7319539.722973146,0.0,512.3904147767183,0,18
B1,Alta demanda con furgonetas,,200,1,1.1126577366237698,0.264731065599878,966355.208646171,8400000.0,7433644.791353829,0.0,557.2590793008645,0,20
B1,Alta demanda con furgonetas,,210,4,1.3142205105556175,0.23337565301251312,1036542.1552002869,9050000.0,8013457.844799713,0.0,644.9927624935091,0,21
B1,Alta demanda con furgonetas,,190,8,1.2693693091116505,0.2702554216785101,953956.466137445,9150000.0,8196043.533862555,0.0,541.7606511649572,0,19
B1,Alta demanda con furgonetas,,180,7,1.3485467506593596,0.26961610987278256,953798.8089954932,8750000.0,7796201.191004507,0.0,541.5635797375173,0,18
B1,Alta demanda con furgonetas,,200,5,1.2549802003966826,0.2792214515246091,969099.5674011739,8400000.0,7430900.4325988265,0.0,560.6895277446177,0,20
B1,Alta demanda con furgonetas,,210,6,1.2361091059252725,0.24151192423185627,1016906.1532937142,9350000.0,8333093.846706286,0.0,620.4477601102931,0,21
B1,Alta demanda con furgonetas,,200,9,1.145688060396426,0.2889896655195269,978979.089975759,9150000.0,8171020.910024241,0.0,573.0389309628495,0,20
B1,Alta demanda con furgonetas,,210,2,1.1777179437839969,0.2561944192869161,979299.019284905,9550000.0,8570700.980715094,0.0,573.4388425992822,0,21
B1,Alta demanda con furgonetas,,190,9,1.2420261504401244,0.283778693837479,949501.1368679724,8600000.0,7650498.863132028,0.0,536.1914895781164,0,19
B1,Alta demanda con furgonetas,,210,8,1.0678991451677553,0.2674128602541003,991200.3035198977,10500000.0,9508799.696480103,0.0,588.3154478930229,0,21
B1,Alta demanda con furgonetas,,190,2,1.1745335977290143,0.2951876679467322,940965.502143454,8450000.0,7509034.497856546,0.0,525.5219461724683,0,19
B1,Alta demanda con furgonetas,,190,2,1.215235016622657,0.30892960353354165,949696.7424378871,8900000.0,7950303.257562113,0.0,536.4359965405097,0,19
B1,Alta demanda con furgonetas,,190,2,1.2276715160959848,0.2683611803471149,937459.3094992174,8900000.0,7962540.690500783,0.0,521.1392053671723,0,19
B1,Alta demanda con furgonetas,,210,9,1.1480096457863227,0.2491845057252965,1012550.6180561385,8950000.0,7937449.381943861,0.0,615.0033410633238,0,21
B1,Alta demanda con furgonetas,,170,4,1.1762260958915343,0.29814611952697917,904385.0782652549,8000000.0,7095614.921734745,0.0,479.7964163247192,0,17
B1,Alta demanda con furgonetas,,190,6,1.142637139306482,0.28546842942545364,938200.1939916401,9150000.0,8211799.806008359,0.0,522.0653109827008,0,19
B1,Alta demanda con furgonetas,,200,4,1.259081217177991,0.2539611328030042,972013.1019772089,8700000.0,7727986.898022791,0.0,564.3314459646615,0,20
B1,Alta demanda con furgonetas,,210,6,1.2744789342343816,0.24539306294143898,1019887.6339112433,9850000.0,8830112.366088757,0.0,624.1746108822051,0,21
B1,Alta demanda con furgonetas,,220,3,1.2375371377224806,0.2649022915875422,1012554.4957803682,8900000.0,7887445.504219632,0.0,615.008188218611,0,22
B1,Alta demanda con furgonetas,,200,5,1.2197235843146277,0.26252086222400384,994974.5330600779,9250000.0,8255025.466939922,0.0,593.033234818248,0,20
B1,Alta demanda con furgonetas,,210,1,1.080515662176389,0.2660566689527653,983245.870995518,9550000.0,8566754.129004482,0.0,578.3724072375481,0,21
B1,Alta demanda con furgonetas,,200,11,1.3017890728206365,0.28276700878956706,1000669.9367692637,8600000.0,7599330.063230736,0.0,600.1524894547304,0,20
B1,Alta demanda con furgonetas,,220,9,1.0942461468127314,0.27637205452041524,1015735.9637975736,10500000.0,9484264.036202427,0.0,618.9850232401177,0,22
B1,Alta demanda con furgonetas,,210,5,1.1646352397124078,0.24456786552979218,1002601.1118768945,9750000.0,8747398.888123106,0.0,602.5664583392686,0,21
B1,Alta demanda con furgonetas,,190,3,1.1920754261375524,0.29425683594935875,972536.7742575968,8150000.0,7177463.225742403,0.0,564.9860363151466,0,19
B1,Alta demanda con furgonetas,,180,1,1.1614703090100733,0.29949780699816403,908718.3425076987,8350000.0,7441281.657492301,0.0,485.2129966277741,0,18
B1,Alta demanda con furgonetas,,190,10,1.2845054483996268,0.2979459459213717,985369.484271677,8900000.0,7914630.515728323,0.0,581.0269238327469,0,19
B1,Alta demanda con furgonetas,,190,8,1.1817215887358037,0.2823634234668226,954510.0026122357,7900000.0,6945489.997387764,0.0,542.4525717584454,0,19
B1,Alta demanda con furgonetas,,180,11,1.2680665261275963,0.3047720695693636,933502.9877041273,7850000.0,6916497.012295873,0.0,516.1938031233096,0,18
B1,Alta demanda con furgonetas,,180,9,1.2613357617972971,0.2748715941093209,941692.6371569128,7900000.0,6958307.362843087,0.0,526.4308649392916,0,18
B1,Alta demanda con furgonetas,,200,8,1.1682065374700077,0.2552776960030185,996982.7336938855,9050000.0,8053017.266306114,0.0,595.5434856105076,0,20
B1,Alta demanda con furgonetas,,220,10,1.2235794361102532,0.25933033181446896,1051786.7615395982,10250000.0,9198213.238460401,0.0,664.0485204176484,0,22
B1,Alta demanda con furgonetas,,220,10,1.1559773263193092,0.24253043027801754,1046927.9216444859,10000000.0,8953072.078355514,0.0,657.9749705487578,0,22
B1,Alta demanda con furgonetas,,200,4,1.1520321651277923,0.2635135045753285,971484.0247038627,8750000.0,7778515.975296137,0.0,563.6700993729787,0,20
B1,Alta demanda con furgonetas,,210,2,1.1282662766034637,0.26747817198909185,1019096.6312430953,9500000.0,8480903.368756905,0.0,623.1858575470194,0,21
B1,Alta demanda con furgonetas,,200,3,1.190787284113223,0.2750050577311481,979300.7268088781,8900000.0,7920699.273191122,0.0,573.4409770042483,0,20
B1,Alta demanda con furgonetas,,180,10,1.2825697946008567,0.33094750071822193,924359.1559927021,8100000.0,7175640.844007298,0.0,504.7640134840282,0,18
B1,Alta demanda con furgonetas,,180,6,1.3568726865743004,0.308909041207535,912629.0554614358,7850000.0,6937370.944538564,0.0,490.1013878199452,0,18
B1,Alta demanda con furgonetas,,190,4,1.2366789479295086,0.25559208594816557,952371.1458205435,8800000.0,7847628.854179457,0.0,539.7790007688302,0,19
B1,Alta demanda con furgonetas,,200,4,1.1504824977425339,0.2770098243496687,955178.0757308915,9150000.0,8194821.924269108,0.0,543.2876631567652,0,20
B1,Alta demanda con furgonetas,,200,10,1.2577696801858251,0.28118043198601256,970162.0374546107,8900000.0,7929837.962545389,0.0,562.0176153114137,0,20
B1,Alta demanda con furgonetas,,200,8,1.2351352839938499,0.26067304927648755,989787.7575290806,8500000.0,7510212.242470919,0.0,586.5497654045015,0,20
B1,Alta demanda con furgonetas,,180,1,1.1118374583139168,0.29286222702914416,914058.6257423619,7700000.0,6785941.374257638,0.0,491.88835067110335,0,18
B1,Alta demanda con furgonetas,,190,6,1.1655273998931968,0.260965796055329,953866.9214066262,9200000.0,8246133.078593373,0.0,541.6487202514335,0,19
B1,Alta demanda con furgonetas,,190,8,1.1879238804101733,0.2970518836175024,935959.7480269822,8350000.0,7414040.251973018,0.0,519.2647535268784,0,19
B1,Alta demanda con furgonetas,,170,4,1.2462034463267533,0.28556967111288983,893191.9732647109,7950000.0,7056808.026735289,0.0,465.8050350740394,0,17
B1,Alta demanda con furgonetas,,190,7,1.1671691253684722,0.2610075765915999,973485.7453941216,8600000.0,7626514.254605878,0.0,566.1722502358026,0,19
B1,Alta demanda con furgonetas,,220,9,1.2346451397525973,0.2495419926358979,1026966.6905956259,10100000.0,9073033.309404373,0.0,633.023431737683,0,22
B1,Alta demanda con furgonetas,,190,7,1.214949339108512,0.26663086388609814,960106.7714758483,8200000.0,7239893.228524152,0.0,549.4485328379611,0,19
B1,Alta demanda con furgonetas,,200,8,1.2748649325080696,0.280892621271132,974564.0197876305,9000000.0,8025435.98021237,0.0,567.5200932276886,0,20
B1,Alta demanda con furgonetas,,200,8,1.1120733789088275,0.2573587987005117,962532.5528116322,9400000.0,8437467.447188368,0.0,552.4807595076908,0,20
B1,Alta demanda con furgonetas,,200,4,1.028647972723607,0.2353238731180405,943894.6850524133,9200000.0,8256105.3149475865,0.0,529.183424808667,0,20
B1,Alta demanda con furgonetas,,180,6,1.18341281876369,0.2993072004684287,942850.3070750168,8700000.0,7757149.692924983,0.0,527.877952336921,0,18
B1,Alta demanda con furgonetas,,210,4,1.1125501540860274,0.26648538475484695,991476.6744156746,9150000.0,8158523.325584325,0.0,588.6609115127437,0,21
B1,Alta demanda con furgonetas,,210,6,1.1614478189440536,0.22961861804651118,1002795.8005954898,9750000.0,8747204.19940451,0.0,602.8098192375127,0,21
B1,Alta demanda con furgonetas,,170,6,1.1794904351854498,0.28259479095820467,890259.944966851,7450000.0,6559740.055033149,0.0,462.1399997017141,0,17
B1,Alta demanda con furgonetas,,180,2,1.067572014398067,0.30568022731596256,918119.3902643516,8050000.0,7131880.609735648,0.0,496.9643063235903,0,18
B1,Alta demanda con furgonetas,,190,9,1.3426701411772175,0.27000364465033766,980073.6757413935,9400000.0,8419926.324258607,0.0,574.4071631698927,0,19
B1,Alta demanda con furgonetas,,180,3,1.0992485684900595,0.2617376794484646,900505.0068327091,8050000.0,7149494.99316729,0.0,474.9463270340367,0,18
B1,Alta demanda con furgonetas,,180,6,1.2461456197560703,0.2935498585276739,937577.213023103,8100000.0,7162422.786976897,0.0,521.2865847720293,0,18
B1,Alta demanda con furgonetas,,190,9,1.191933801626278,0.2904767295576683,939630.1663844356,8450000.0,7510369.833615565,0.0,523.852776473695,0,19
B1,Alta demanda con furgonetas,,170,3,1.214533426649128,0.2932520650413156,899142.1717146549,7100000.0,6200857.828285345,0.0,473.24278313646886,0,17
B1,Alta demanda con furgonetas,,200,10,1.1948268137166795,0.27867678686106495,975109.3106543141,9400000.0,8424890.689345686,0.0,568.201706811043,0,20
B1,Alta demanda con furgonetas,,170,2,1.4154715820711388,0.27767210992951985,937900.716295209,7450000.0,6512099.283704791,0.0,521.6909638621617,0,17
B1,Alta demanda con furgonetas,,200,4,1.2480440748729986,0.2682193166857183,984686.2840885674,8950000.0,7965313.715911433,0.0,580.17292360386,0,20
B1,Alta demanda con furgonetas,,210,3,1.2905592534569885,0.2662500667535759,1027152.2225507849,9300000.0,8272847.777449215,0.0,633.2553466816314,0,21
B1,Alta demanda con furgonetas,,190,4,1.169348108686956,0.28315032187310135,956461.4261973773,9100000.0,8143538.573802623,0.0,544.8918512398723,0,19
B1,Alta demanda con furgonetas,,200,8,1.1134459981454703,0.26775509272970993,964722.6346107555,9400000.0,8435277.365389245,0.0,555.218361756595,0,20
B1,Alta demanda con furgonetas,,190,6,1.1745301547306155,0.2507998158649247,950462.0498006134,8300000.0,7349537.950199386,0.0,537.3926307439176,0,19
B1,Alta demanda con furgonetas,,200,7,1.0718280045237236,0.2763047923546569,968823.132240902,9500000.0,8531176.867759097,0.0,560.3439837942782,0,20
B1,Alta demanda con furgonetas,,190,0,1.3615777959360702,0.2811382701329232,939280.6556384808,8250000.0,7310719.344361519,0.0,523.4158880412516,0,19
B1,Alta demanda con furgonetas,,210,7,1.2865687609707084,0.26634804699879133,1017203.2638652876,9550000.0,8532796.736134712,0.0,620.8191483247601,0,21
B1,Alta demanda con furgonetas,,200,8,1.266383691386471,0.27051227533972555,977397.506460064,8900000.0,7922602.493539936,0.0,571.0619515682308,0,20
B1,Alta demanda con furgonetas,,200,5,1.239051569084995,0.2608269790727824,959304.5686976628,9050000.0,8090695.431302337,0.0,548.4457793652293,0,20
B1,Alta demanda con furgonetas,,190,2,1.2007304221451987,0.2609206278632687,966891.9709376371,8300000.0,7333108.029062362,0.0,557.9300321651972,0,19
B1,Alta demanda con furgonetas,,190,7,1.200907502625868,0.29537634779446337,958308.9140461052,8400000.0,7441691.085953895,0.0,547.2012110507823,0,19
B1,Alta demanda con furgonetas,,200,6,1.1969393631648735,0.25724834501355515,980711.1758537702,9200000.0,8219288.82414623,0.0,575.2040383103633,0,20
B1,Alta demanda con furgonetas,,210,4,1.048579609004307,0.23862759421654883,1014842.8959664884,9450000.0,8435157.104033511,0.0,617.8686884512616,0,21
B1,Alta demanda con furgonetas,,220,8,1.1307539706535867,0.24458836485948846,1043842.2110060398,10050000.0,9006157.78899396,0.0,654.1178322507003,0,22
B1,Alta demanda con furgonetas,,180,7,1.1918066840070514,0.29590923340961656,929071.3951916308,7950000.0,7020928.60480837,0.0,510.65431248268925,0,18
B1,Alta demanda con furgonetas,,190,2,1.1885180926793644,0.27338926978452815,937902.1216159151,8350000.0,7412097.878384085,0.0,521.6927205130446,0,19
B1,Alta demanda con furgonetas,,200,6,1.3946709292632897,0.26204067599829955,992406.7163902512,9000000.0,8007593.283609749,0.0,589.8234639809649,0,20
B1,Alta demanda con furgonetas,,180,8,1.139806338357807,0.27276699384841413,914489.558087515,8400000.0,7485510.441912485,0.0,492.4270161025443,0,18
B1,Alta demanda con furgonetas,,210,10,1.224520244346451,0.23803990920752302,1001580.6163766083,9050000.0,8048419.383623391,0.0,601.2908389639114,0,21
B1,Alta demanda con furgonetas,,210,8,1.2029636538812025,0.2328289465410756,973967.4288343532,9600000.0,8626032.571165647,0.0,566.7743545360923,0,21
B1,Alta demanda con furgonetas,,240,6,1.1286167624591494,0.23631171221403163,1071060.4410676258,10850000.0,9778939.558932375,0.0,688.1406198276834,0,24
B1,Alta demanda con furgonetas,,190,10,1.1655006439650957,0.2923501230607791,955281.3090086431,7950000.0,6994718.690991357,0.0,543.4167047539544,0,19
B1,Alta demanda con furgonetas,,200,10,1.2782889153034946,0.27658809809983964,985126.9913595603,8400000.0,7414873.00864044,0.0,580.7238076926011,0,20
B1,Alta demanda con furgonetas,,180,4,1.2014388782634233,0.29510915267283006,928746.6839205179,8150000.0,7221253.316079482,0.0,510.2484233937981,0,18
B1,Alta demanda con furgonetas,,180,4,1.287983471519343,0.301853839423823,933690.0607929053,8000000.0,7066309.939207095,0.0,516.4276444842824,0,18
B1,Alta demanda con furgonetas,,190,2,1.2163763989853054,0.2635529809300077,977271.5246220493,8800000.0,7822728.475377951,0.0,570.9044742707121,0,19
B1,Alta demanda con furgonetas,,210,6,1.1449120006612359,0.2607882539119086,1000414.3073439931,9700000.0,8699585.692656007,0.0,599.8329526731421,0,21
B1,Alta demanda con furgonetas,,190,2,1.1354127644960241,0.27562025765867837,940759.8059747065,8300000.0,7359240.194025293,0.0,525.2648259615339,0,19
B1,Alta demanda con furgonetas,,190,0,1.1231907553961638,0.26265080527734963,950144.6971305702,8750000.0,7799855.30286943,0.0,536.9959399063632,0,19
B1,Alta demanda con furgonetas,,180,1,1.27965663293845,0.2848901445840653,949552.0056126278,8050000.0,7100447.994387372,0.0,536.2550755089353,0,18
B1,Alta demanda con furgonetas,,150,5,1.2722879528072044,0.33949536946377845,872773.68201023,6900000.0,6027226.31798977,0.0,440.2821710059381,0,15
B1,Alta demanda con furgonetas,,190,10,1.1823244386634562,0.26818776180229265,965694.4489160896,9150000.0,8184305.55108391,0.0,556.4331296382627,0,19
B1,Alta demanda con furgonetas,,220,7,1.2745466242002876,0.2521427505876303,1015831.6604324591,11000000.0,9984168.33956754,0.0,619.1046440337249,0,22
B1,Alta demanda con furgonetas,,190,4,1.2503187733635,0.2783574414398846,966698.4112117725,8750000.0,7783301.588788227,0.0,557.6880825078664,0,19
B1,Alta demanda con furgonetas,,190,1,1.09014945270021,0.27708760884761213,948482.1887086432,8700000.0,7751517.811291357,0.0,534.917804378955,0,19
B1,Alta demanda con furgonetas,,190,5,1.1625497481646256,0.2873606337593616,931148.8555025931,8350000.0,7418851.144497407,0.0,513.2511378713921,0,19
B1,Alta demanda con furgonetas,,210,9,1.293617046036233,0.2703529931508552,1006798.8576816722,9200000.0,8193201.142318328,0.0,607.8136405952409,0,21
B1,Alta demanda con furgonetas,,190,6,1.3360779515846855,0.3053107532682741,950099.8387785186,8450000.0,7499900.161221482,0.0,536.9398669662988,0,19
B1,Alta demanda con furgonetas,,190,8,1.076950047335013,0.28142448057168135,923200.8802693184,8850000.0,7926799.119730681,0.0,503.3161688297986,0,19
B1,Alta demanda con furgonetas,,190,7,1.2868852254069667,0.286641807294161,947101.8052828745,8400000.0,7452898.194717126,0.0,533.1923250967434,0,19
B1,Alta demanda con furgonetas,,210,5,1.1626589654675605,0.2694370215406971,997172.2730060063,9400000.0,8402827.726993993,0.0,595.7804097506585,0,21
B1,Alta demanda con furgonetas,,200,4,1.156522621454554,0.2759458708116116,964307.2930147307,9250000.0,8285692.70698527,0.0,554.6991847615641,0,20
B1,Alta demanda con furgonetas,,190,1,1.2655055644587994,0.29387888911214616,948691.3246671967,9350000.0,8401308.675332803,0.0,535.1792243271467,0,19
B1,Alta demanda con furgonetas,,190,9,1.2047102103165672,0.2856396851935446,973259.7431768902,8550000.0,7576740.256823109,0.0,565.8897474642633,0,19
B1,Alta demanda con furgonetas,,200,8,1.290713147035372,0.26429850334219274,1003866.072586301,9050000.0,8046133.927413699,0.0,604.1476592260267,0,20
B1,Alta demanda con furgonetas,,200,2,1.167156417357059,0.251676754584729,980119.8022561171,8750000.0,7769880.197743883,0.0,574.4648213132971,0,20
B1,Alta demanda con furgonetas,,210,2,1.1721945164843284,0.2304768409420596,1019897.3839438171,9100000.0,8080102.616056183,0.0,624.1867984229219,0,21
B1,Alta demanda con furgonetas,,220,6,1.3067154133885757,0.2572418653673467,1034642.7431844696,9750000.0,8715357.25681553,0.0,642.6184974737373,0,22
B1,Alta demanda con furgonetas,,210,10,1.163822719325114,0.27470899375900254,980826.4497575874,9700000.0,8719173.550242413,0.0,575.3481306901348,0,21
B1,Alta demanda con furgonetas,,160,10,1.4462471827361578,0.3124701267220121,898592.0112422139,6600000.0,5701407.988757786,0.0,472.5550825459179,0,16
B1,Alta demanda con furgonetas,,190,5,1.2627627826447645,0.28584832896602835,981466.7016483054,8800000.0,7818533.298351695,0.0,576.1484455535325,0,19
B1,Alta demanda con furgonetas,,220,3,1.2063899529865805,0.24746480812378224,1022927.1802644861,9850000.0,8827072.819735514,0.0,627.974043823758,0,22
B1,Alta demanda con furgonetas,,190,7,1.3300277015504134,0.2833362052240597,985668.9866928533,8650000.0,7664331.013307147,0.0,581.4013018592174,0,19
B1,Alta demanda con furgonetas,,180,4,1.2248183417797938,0.28092825797774845,916573.6341286422,8250000.0,7333426.365871358,0.0,495.0321111539536,0,18
B1,Alta demanda con furgonetas,,200,3,1.184233684683008,0.2782874918584278,962404.3533814487,9000000.0,8037595.646618552,0.0,552.3205102199611,0,20
B1,Alta demanda con furgonetas,,200,3,1.2086249961045734,0.24243135793358087,991931.2411505996,8700000.0,7708068.7588494,0.0,589.2291199313999,0,20
B1,Alta demanda con furgonetas,,190,8,1.2464129825719492,0.26015650933896106,984482.761895564,9200000.0,8215517.238104436,0.0,579.9185208626056,0,19
B1,Alta demanda con furgonetas,,170,3,1.2407236820514282,0.3066402900870862,907825.4300211039,8550000.0,7642174.5699788965,0.0,484.0968560195308,0,17
B1,Alta demanda con furgonetas,,200,5,1.0820546583482038,0.2608349008926693,959571.6709909502,9000000.0,8040428.32900905,0.0,548.7796572318384,0,20
B1,Alta demanda con furgonetas,,180,9,1.095944423584279,0.282605581069569,915271.4620250285,8350000.0,7434728.537974971,0.0,493.4043960244363,0,18
B1,Alta demanda con furgonetas,,210,6,1.1877902033684222,0.25242234785418377,1009530.9763353528,9600000.0,8590469.023664648,0.0,611.2287889123415,0,21
B1,Alta demanda con furgonetas,,210,3,1.2285462581653281,0.26096321722161886,990503.0419037461,9600000.0,8609496.958096255,0.0,587.443870872833,0,21
B1,Alta demanda con furgonetas,,210,7,1.1132722382010265,0.2731492888154116,991098.768908908,9150000.0,8158901.231091092,0.0,588.1885296292855,0,21
B1,Alta demanda con furgonetas,,220,4,1.1928131347537498,0.24681138365738423,1033339.5412737287,9700000.0,8666660.458726272,0.0,640.9894950853118,0,22
B1,Alta demanda con furgonetas,,180,8,1.1408792595667345,0.2886074380576603,925005.4869956847,8250000.0,7324994.513004315,0.0,505.57192723775665,0,18
B1,Alta demanda con furgonetas,,180,8,1.220871220832353,0.2811370771804734,913745.3166789252,8700000.0,7786254.683321075,0.0,491.4967143418072,0,18
B1,Alta demanda con furgonetas,,200,3,1.2726982542313052,0.26492932416696213,977942.0616364487,9500000.0,8522057.938363552,0.0,571.742645538712,0,20
B1,Alta demanda con furgonetas,,170,8,1.1453846970526211,0.29432110914876297,909171.7136404372,8150000.0,7240828.286359563,0.0,485.77971054369704,0,17
B1,Alta demanda con furgonetas,,190,7,1.1939984118760294,0.29335940394691357,942058.6144528004,8700000.0,7757941.385547199,0.0,526.8883365591512,0,19
B1,Alta demanda con furgonetas,,200,5,1.2084047592022877,0.2523596537461412,980968.5390730167,9050000.0,8069031.4609269835,0.0,575.5257423344214,0,20
B1,Alta demanda con furgonetas,,190,3,1.149909558556545,0.28808145075968516,923319.5618186081,8700000.0,7776680.438181392,0.0,503.4645207664106,0,19
B1,Alta demanda con furgonetas,,180,4,1.2455698148041658,0.29965272899520157,933923.2409071358,8550000.0,7616076.759092865,0.0,516.7191196270703,0,18
B1,Alta demanda con furgonetas,,220,9,1.0206426125658434,0.24695976029790476,985590.1473487945,10150000.0,9164409.852651205,0.0,581.3027526791436,0,22
B1,Alta demanda con furgonetas,,200,0,1.2136207536686592,0.2592226314928571,997643.2476865243,9000000.0,8002356.752313476,0.0,596.369128101306,0,20
B1,Alta demanda con furgonetas,,200,6,1.2060629874135862,0.25368772771366693,974702.0010337593,9150000.0,8175297.99896624,0.0,567.6925697853495,0,20
B1,Alta demanda con furgonetas,,200,1,1.107232060638878,0.24245315359605712,967908.4192622154,9250000.0,8282091.5807377845,0.0,559.2005925709203,0,20
B1,Alta demanda con furgonetas,,200,9,1.2289270801695062,0.27625095226591834,981326.7565923643,9400000.0,8418673.243407635,0.0,575.9735142336066,0,20
B1,Alta demanda con furgonetas,,190,3,1.113848112491421,0.275250739654514,969475.565719027,8700000.0,7730524.434280973,0.0,561.1595256419345,0,19
B1,Alta demanda con furgonetas,,200,3,1.0661390299692237,0.2674021606213259,974908.7275532668,8600000.0,7625091.272446733,0.0,567.9509779347345,0,20
B1,Alta demanda con furgonetas,,210,9,1.18648925597411,0.27247578577214293,1006206.6564837634,9050000.0,8043793.343516236,0.0,607.0733890978547,0,21
B1,Alta demanda con furgonetas,,210,6,1.1083400772896825,0.2625091142434815,985127.862314624,9600000.0,8614872.137685375,0.0,580.7248963864308,0,21
B1,Alta demanda con furgonetas,,200,5,1.2755915539930613,0.28087569228095755,964223.7875952412,9000000.0,8035776.212404759,0.0,554.5948029872023,0,20
B1,Alta demanda con furgonetas,,210,10,1.125177105936788,0.26950581951394487,1016247.6278703023,9350000.0,8333752.372129697,0.0,619.6246033310284,0,21
B1,Alta demanda con furgonetas,,220,4,1.1781621945880456,0.2701025523998326,1017428.0357009035,9800000.0,8782571.964299096,0.0,621.1001131192799,0,22
B1,Alta demanda con furgonetas,,190,3,1.331850499359634,0.2563323147112705,969294.6966191644,8500000.0,7530705.303380836,0.0,560.9334392671062,0,19
B1,Alta demanda con furgonetas,,190,4,1.086956176472321,0.28914329503350783,944394.9236352572,8900000.0,7955605.076364743,0.0,529.8087230372223,0,19
B1,Alta demanda con furgonetas,,180,3,1.1192921595159142,0.2982282109021701,926618.2966853683,7950000.0,7023381.703314632,0.0,507.58793934986113,0,18
B1,Alta demanda con furgonetas,,200,3,1.2325319166183257,0.25081175770588593,986062.1365778412,8900000.0,7913937.863422159,0.0,581.8927392154521,0,20
B1,Alta demanda con furgonetas,,210,3,1.198880394741263,0.2729393605807712,1012422.8412013595,8900000.0,7887577.158798641,0.0,614.8436199948499,0,21
B1,Alta demanda con furgonetas,,190,4,1.1639378411284658,0.2927312130939882,937812.8386353465,8650000.0,7712187.161364653,0.0,521.581116787334,0,19
B1,Alta demanda con furgonetas,,190,9,1.2165488871602712,0.284249538530175,963079.7778806175,9050000.0,8086920.222119383,0.0,553.1647908439224,0,19
B1,Alta demanda con furgonetas,,200,7,1.1221880962461324,0.24607067419516826,964780.307008146,9250000.0,8285219.692991854,0.0,555.2904522533332,0,20
B1,Alta demanda con furgonetas,,180,6,1.2918406824743571,0.2916981579907804,935510.724881491,7950000.0,7014489.275118509,0.0,518.7034745950145,0,18
B1,Alta demanda con furgonetas,,200,1,1.2267005240283155,0.280505020250094,985407.328463512,9100000.0,8114592.671536488,0.0,581.0742290725409,0,20
B1,Alta demanda con furgonetas,,210,4,1.3365767941241091,0.2520676254988811,1026255.1875107962,8700000.0,7673744.812489204,0.0,632.134052881646,0,21
B1,Alta demanda con furgonetas,,190,3,1.2227663092499024,0.3042832045541186,956210.421126835,8700000.0,7743789.578873165,0.0,544.5780949016944,0,19
B1,Alta demanda con furgonetas,,190,5,1.2569750776184292,0.2484845868103007,947682.0804548564,8700000.0,7752317.919545144,0.0,533.9176690617211,0,19
B1,Alta demanda con furgonetas,,220,7,1.250151636307538,0.2551017749308366,1033072.4682271428,10150000.0,9116927.531772858,0.0,640.6556537770792,0,22
B1,Alta demanda con furgonetas,,170,6,1.2180352051483396,0.2878914281206868,922031.3048813,7500000.0,6577968.6951187,0.0,501.85419959477565,0,17
B1,Alta demanda con furgonetas,,180,6,1.2570222569911769,0.3236119485840787,928145.2250785918,8600000.0,7671854.774921408,0.0,509.4965998413905,0,18
B1,Alta demanda con furgonetas,,210,10,1.2368001658234946,0.23606544721316822,1022505.2500673486,9400000.0,8377494.749932651,0.0,627.446631077337,0,21
B1,Alta demanda con furgonetas,,190,11,1.3032963107050057,0.2835663166970931,966143.7649193731,9200000.0,8233856.235080627,0.0,556.9947746423672,0,19
B1,Alta demanda con furgonetas,,180,6,1.1295207166770476,0.2997776134678833,935860.6855417712,7850000.0,6914139.314458229,0.0,519.1409254203651,0,18
B1,Alta demanda con furgonetas,,210,8,1.2038644293790453,0.26115769008841205,1013963.1720378825,9600000.0,8586036.827962117,0.0,616.7690335405036,0,21
B1,Alta demanda con furgonetas,,200,1,1.1423848885605374,0.26712658646293963,959812.4046881106,8950000.0,7990187.595311889,0.0,549.0805743532889,0,20
B1,Alta demanda con furgonetas,,180,4,1.195281048963545,0.2908355124463647,961389.1614303185,8050000.0,7088610.838569681,0.0,551.051520281049,0,18
B1,Alta demanda con furgonetas,,190,3,1.0905154873857965,0.29543722706272413,953294.6624706934,8550000.0,7596705.337529306,0.0,540.9333965815175,0,19
B1,Alta demanda con furgonetas,,210,6,1.130818809181452,0.2636620764536653,1014804.3170689371,9300000.0,8285195.682931063,0.0,617.8204648293218,0,21
B1,Alta demanda con furgonetas,,190,9,1.3472218111378345,0.2762479944654098,970010.8671891629,8900000.0,7929989.132810837,0.0,561.8286524796048,0,19
B1,Alta demanda con furgonetas,,210,2,1.2500235529484396,0.23880112499834796,1027218.9529966577,9450000.0,8422781.047003342,0.0,633.338759738973,0,21
B1,Alta demanda con furgonetas,,210,8,1.0696899382257454,0.23711350839388975,985717.5222644843,9500000.0,8514282.477735516,0.0,581.4619713237563,0,21
B1,Alta demanda con furgonetas,,190,0,1.13826606533963,0.24906811777975657,942960.2507741442,8550000.0,7607039.749225856,0.0,528.0153819608311,0,19
B1,Alta demanda con furgonetas,,200,6,1.2348789101426734,0.2800753022831397,957225.1185003575,9250000.0,8292774.8814996425,0.0,545.8464666185978,0,20
B1,Alta demanda con furgonetas,,190,4,1.1232663460346213,0.2550860580373387,959315.3612094824,8550000.0,7590684.638790518,0.0,548.4592700050039,0,19
B1,Alta demanda con furgonetas,,190,0,1.204331017573477,0.27538180696884645,933866.6238660592,8250000.0,7316133.376133941,0.0,516.6483483257249,0,19
B1,Alta demanda con furgonetas,,180,1,1.2870326161054697,0.2937045149491663,915864.535657773,8000000.0,7084135.464342227,0.0,494.1457380653669,0,18
B1,Alta demanda con furgonetas,,170,7,1.3860593879605378,0.3287643210269675,919605.2025850491,8000000.0,7080394.797414951,0.0,498.82157172446244,0,17
B1,Alta demanda con furgonetas,,200,6,1.2321267343152391,0.2506223624700315,987528.0681428262,8900000.0,7912471.931857174,0.0,583.7251536716835,0,20
B1,Alta demanda con furgonetas,,210,6,1.2997356362158696,0.23968472870070445,1021931.304293329,9550000.0,8528068.695706671,0.0,626.7291988598116,0,21
B1,Alta demanda con furgonetas,,230,7,1.0850119594448597,0.21383988535034024,1055196.4634037316,9850000.0,8794803.536596268,0.0,668.3106477478151,0,23
B1,Alta demanda con furgonetas,,200,8,1.2591535298052592,0.28633507570545336,962834.4161146987,9050000.0,8087165.583885301,0.0,552.858088636524,0,20
B1,Alta demanda con furgonetas,,190,4,1.2218948518174866,0.2856771494881118,967746.3120338161,8400000.0,7432253.687966184,0.0,558.9979585354206,0,19
B1,Alta demanda con furgonetas,,190,5,1.1099870310522537,0.25268756627976935,948405.4480783389,8550000.0,7601594.551921661,0.0,534.8218785910742,0,19
B1,Alta demanda con furgonetas,,180,8,1.3083376527154642,0.2911535796563441,971825.0140499128,8050000.0,7078174.985950087,0.0,564.0963360555418,0,18
B1,Alta demanda con furgonetas,,200,8,1.167714482767248,0.2625825465519806,979288.3075918916,9200000.0,8220711.692408108,0.0,573.4254529830152,0,20
B1,Alta demanda con furgonetas,,200,9,1.2699142170847308,0.2640356381481992,986023.4044205027,9000000.0,8013976.5955794975,0.0,581.8443240187788,0,20
B1,Alta demanda con furgonetas,,210,4,1.1658094463411686,0.2570868066703134,986736.6516154124,9500000.0,8513263.348384587,0.0,582.7358830124165,0,21
B1,Alta demanda con furgonetas,,210,4,1.2399210403962309,0.26643691643215567,1006201.4878385478,9450000.0,8443798.512161452,0.0,607.0669282913356,0,21
B1,Alta demanda con furgonetas,,180,11,1.2300755262099217,0.2710156780108026,933938.6091830328,8250000.0,7316061.390816967,0.0,516.738329971942,0,18
B1,Alta demanda con furgonetas,,220,1,1.0895018751278454,0.26372536729711066,987067.865156233,9600000.0,8612932.134843767,0.0,583.1498999384418,0,22
B1,Alta demanda con furgonetas,,190,7,1.1805858348820235,0.29573743730269025,931071.5233683616,8900000.0,7968928.476631639,0.0,513.1544727036024,0,19
B1,Alta demanda con furgonetas,,200,8,1.1965553035174172,0.26765578840127113,931645.2470185778,8350000.0,7418354.7529814225,0.0,513.8716272663729,0,20
B1,Alta demanda con furgonetas,,200,11,1.107266251211402,0.26647271478261353,968383.0198181985,9150000.0,8181616.980181801,0.0,559.7938432658989,0,20
B1,Alta demanda con furgonetas,,170,9,1.3188582216092855,0.29845975988578005,885874.2079310135,7600000.0,6714125.792068986,0.0,456.65782840691753,0,17
B1,Alta demanda con furgonetas,,190,1,1.2676564607505794,0.2871943075651022,953203.5779272644,8650000.0,7696796.422072736,0.0,540.8195409022306,0,19
B1,Alta demanda con furgonetas,,210,9,1.1484152023632572,0.25102714393509445,979266.1363908697,9950000.0,8970733.86360913,0.0,573.3977389817375,0,21
B1,Alta demanda con furgonetas,,200,8,1.1281827494174115,0.26520207332340573,975905.1486375659,9200000.0,8224094.851362434,0.0,569.196504290108,0,20
B1,Alta demanda con furgonetas,,200,6,1.2800075386232244,0.2782495666028135,1002699.1181581657,9200000.0,8197300.881841835,0.0,602.6889661908577,0,20
B1,Alta demanda con furgonetas,,200,5,1.1820483829877133,0.2717195878578342,984623.9394672867,9500000.0,8515376.060532713,0.0,580.0949928272589,0,20
B1,Alta demanda con furgonetas,,200,8,1.2373386648360145,0.2611692379702125,993251.7660487631,8600000.0,7606748.233951237,0.0,590.8797760541042,0,20
B1,Alta demanda con furgonetas,,180,0,1.2374465602712543,0.30109446963442205,940396.8968280223,8200000.0,7259603.103171978,0.0,524.8111895281787,0,18
B1,Alta demanda con furgonetas,,210,5,1.1335431014415518,0.2619379656626756,1002283.427200772,9650000.0,8647716.572799228,0.0,602.1693524941154,0,21
B1,Alta demanda con furgonetas,,170,9,1.245221126141244,0.3063315218991966,913703.1951419503,7650000.0,6736296.804858049,0.0,491.4440624205886,0,17
B1,Alta demanda con furgonetas,,200,8,1.1784675365123969,0.25365134212777884,987739.1118933336,9200000.0,8212260.8881066665,0.0,583.9889583598176,0,20
B1,Alta demanda con furgonetas,,190,2,1.2556158702764981,0.29276460573257795,965124.7355353289,8600000.0,7634875.264464671,0.0,555.7209879123116,0,19
B1,Alta demanda con furgonetas,,200,10,1.3172455496265516,0.26512896501748445,968653.4254231707,9350000.0,8381346.57457683,0.0,560.1318502721139,0,20
B1,Alta demanda con furgonetas,,170,11,1.1252443122896054,0.30296946349810194,897994.0993200138,7350000.0,6452005.900679986,0.0,471.8076926431678,0,17
B1,Alta demanda con furgonetas,,210,8,1.2262309275613457,0.24810084751233483,1011147.7098816804,9650000.0,8638852.29011832,0.0,613.2497058452512,0,21
B1,Alta demanda con furgonetas,,190,7,1.3294017065185588,0.26657143554699286,978664.4369193742,8250000.0,7271335.563080626,0.0,572.6456146423684,0,19
B1,Alta demanda con furgonetas,,190,4,1.2290192995305482,0.295334985416762,962886.6169339141,8450000.0,7487113.383066086,0.0,552.9233396605433,0,19
B1,Alta demanda con furgonetas,,210,5,1.2255624647278138,0.2630600194248246,993488.9817831028,9500000.0,8506511.018216897,0.0,591.1762957220293,0,21
B1,Alta demanda con furgonetas,,220,7,1.16349010915133,0.2485388263432275,980115.5590600308,10200000.0,9219884.440939968,0.0,574.459517318189,0,22
B1,Alta demanda con furgonetas,,210,7,1.0433946366445248,0.2544030672181718,966500.6123258406,9550000.0,8583499.38767416,0.0,557.4408339004514,0,21
B1,Alta demanda con furgonetas,,180,10,1.087031482324175,0.27693715130024527,937117.3411790348,7900000.0,6962882.658820965,0.0,520.7117449669441,0,18
B1,Alta demanda con furgonetas,,190,7,1.2224980103643825,0.27502484845550934,956465.4202925543,8600000.0,7643534.579707446,0.0,544.8968438588437,0,19
B1,Alta demanda con furgonetas,,210,8,1.1051153963459712,0.2528728129756844,981697.1168164869,9350000.0,8368302.883183513,0.0,576.4364645137593,0,21
B1,Alta demanda con furgonetas,,190,9,1.0821002197256422,0.28004756990241525,951521.1436359547,8300000.0,7348478.856364045,0.0,538.7164980380938,0,19
B1,Alta demanda con furgonetas,,190,8,1.1396092106413187,0.2845840842977558,958107.8380116826,8750000.0,7791892.161988317,0.0,546.9498660077538,0,19
B1,Alta demanda con furgonetas,,190,6,1.2342773300984318,0.279726406342097,935198.9161094866,8700000.0,7764801.0838905135,0.0,518.3137136300089,0,19
B1,Alta demanda con furgonetas,,200,9,1.3195398412759973,0.26482161319896663,996874.1648625537,9150000.0,8153125.835137446,0.0,595.4077745713429,0,20
B1,Alta demanda con furgonetas,,170,5,1.1040151159268936,0.29488615344661917,895340.4892250899,7950000.0,7054659.51077491,0.0,468.4906800245129,0,17
B1,Alta demanda con furgonetas,,200,9,1.3092469059580916,0.25162400999673507,983215.6773712694,9200000.0,8216784.322628731,0.0,578.3346652072377,0,20
B1,Alta demanda con furgonetas,,160,4,1.15940980782734,0.2970954334523275,887040.538287468,7150000.0,6262959.461712532,0.0,458.1157413524856,0,16
B1,Alta demanda con furgonetas,,210,6,1.1160079451517129,0.2548560641935837,981207.340321829,9450000.0,8468792.65967817,0.0,575.8242438954371,0,21
B1,Alta demanda con furgonetas,,190,3,1.1476600451298167,0.26183127166143144,932985.5611114955,8100000.0,7167014.438888504,0.0,515.5470198825195,0,19
B1,Alta demanda con furgonetas,,190,5,1.2452137141385662,0.2745219082232151,950072.0631270523,8650000.0,7699927.936872948,0.0,536.9051474019661,0,19
B1,Alta demanda con furgonetas,,190,1,1.1864391116791848,0.2989029247812879,987286.8868587861,8500000.0,7512713.113141214,0.0,583.4236770666331,0,19
B1,Alta demanda con furgonetas,,190,10,1.3261284968177676,0.28258977319892126,952058.4196096103,8200000.0,7247941.58039039,0.0,539.3880930051635,0,19
B1,Alta demanda con furgonetas,,190,6,1.1708357754991574,0.271345067235232,940178.635787714,8550000.0,7609821.364212286,0.0,524.5383632277931,0,19
B1,Alta demanda con furgonetas,,190,6,1.352364110588177,0.3013794588303139,951425.7250962358,9400000.0,8448574.274903765,0.0,538.5972248634456,0,19
B1,Alta demanda con furgonetas,,190,9,1.4004429404018321,0.2680762773954739,959979.291292082,9150000.0,8190020.7087079175,0.0,549.2891826082534,0,19
B1,Alta demanda con furgonetas,,190,4,1.1470034797599014,0.272510033033803,960114.2661439347,8650000.0,7689885.733856065,0.0,549.4579011730691,0,19
B1,Alta demanda con furgonetas,,190,8,1.055167343453017,0.2834218813665754,916052.2003508239,8400000.0,7483947.799649176,0.0,494.38031893168045,0,19
B1,Alta demanda con furgonetas,,170,3,1.2737828080531135,0.2852238142579741,923986.0884060949,7900000.0,6976013.911593905,0.0,504.29767900076916,0,17
B1,Alta demanda con furgonetas,,200,2,1.1912941685682568,0.2530041416270724,976333.6417253226,9450000.0,8473666.358274678,0.0,569.7321206498038,0,20
B1,Alta demanda con furgonetas,,190,5,1.2210665136444667,0.30602282322854435,946741.5464490508,8750000.0,7803258.45355095,0.0,532.7420015544642,0,19
B1,Alta demanda con furgonetas,,200,5,1.2474455582244577,0.2726519624474117,973223.679038098,8800000.0,7826776.320961902,0.0,565.8446672907728,0,20
B1,Alta demanda con furgonetas,,180,12,1.3004356772748713,0.30588395960676057,934001.7247782612,8850000.0,7915998.275221739,0.0,516.817224465977,0,18
B1,Alta demanda con furgonetas,,200,3,1.0364058474952305,0.2704372808913531,958451.9124616472,8600000.0,7641548.087538353,0.0,547.3799590702097,0,20
B1,Alta demanda con furgonetas,,190,1,1.3709125334277625,0.28383892468084687,991400.5176012693,8450000.0,7458599.482398731,0.0,588.5657154947371,0,19
B1,Alta demanda con furgonetas,,170,10,1.2604528706401046,0.26673362943537704,903631.5653651926,7750000.0,6846368.4346348075,0.0,478.8545251996413,0,17
B1,Alta demanda con furgonetas,,200,5,1.0725697831270498,0.25112088086076834,955835.3025037673,8850000.0,7894164.697496233,0.0,544.1091966228596,0,20
B1,Alta demanda con furgonetas,,180,7,1.363242857477089,0.3065787210925604,937967.8039829519,8300000.0,7362032.196017048,0.0,521.7748234718407,0,18
B1,Alta demanda con furgonetas,,190,2,1.1985273530817064,0.2646390701433145,952039.5552241214,8750000.0,7797960.444775878,0.0,539.3645125233027,0,19
B1,Alta demanda con furgonetas,,200,8,1.097082267240192,0.26931653749512807,957609.4907415598,9350000.0,8392390.50925844,0.0,546.3269319201003,0,20
B1,Alta demanda con furgonetas,,180,6,1.3308399512568152,0.28405779506920503,962346.1288994271,8100000.0,7137653.871100573,0.0,552.2477296174345,0,18
B1,Alta demanda con furgonetas,,160,10,1.3284635306932666,0.335298941306852,889552.5065052176,6600000.0,5710447.493494783,0.0,461.2557016246727,0,16
B1,Alta demanda con furgonetas,,190,6,1.2151414638021671,0.2770103142259662,945497.6661434682,8350000.0,7404502.333856531,0.0,531.1871511724856,0,19
B1,Alta demanda con furgonetas,,190,6,1.1572301611142373,0.2844585783027358,939428.0156935847,8350000.0,7410571.984306416,0.0,523.6000881101317,0,19
B1,Alta demanda con furgonetas,,190,2,1.1374136425168004,0.2659054808850271,943508.1317452956,8350000.0,7406491.868254704,0.0,528.7002331747701,0,19
B1,Alta demanda con furgonetas,,210,3,1.1327955641013423,0.2612189336102667,992390.2541006115,9050000.0,8057609.745899389,0.0,589.802886118915,0,21
B1,Alta demanda con furgonetas,,200,11,1.361939862578906,0.2705004581636715,987824.421399077,8300000.0,7312175.578600923,0.0,584.0955952419971,0,20
B1,Alta demanda con furgonetas,,200,7,1.2213194680694444,0.2636256723818749,1003295.2970414229,8950000.0,7946704.702958577,0.0,603.4341897949294,0,20
B1,Alta demanda con furgonetas,,210,1,1.1853113450417385,0.26648879218197574,991199.6165482745,9950000.0,8958800.383451726,0.0,588.3145891784941,0,21
B1,Alta demanda con furgonetas,,200,6,1.1040090751282634,0.24759146554766215,949159.1996076955,8500000.0,7550840.800392305,0.0,535.76406800277,0,20
B1,Alta demanda con furgonetas,,200,5,1.2091406379281904,0.2855333299805379,972137.8494104779,9350000.0,8377862.150589522,0.0,564.487380256248,0,20
B1,Alta demanda con furgonetas,,200,8,1.2626963476280395,0.29343873054070074,998049.1034177911,9050000.0,8051950.896582209,0.0,596.8764477653897,0,20
B1,Alta demanda con furgonetas,,190,7,1.2338160716058264,0.28097219981506744,945846.934737066,8750000.0,7804153.065262934,0.0,531.6237369144831,0,19
B1,Alta demanda con furgonetas,,200,2,1.1315487078989765,0.24954447802858504,976419.2693418175,9250000.0,8273580.730658183,0.0,569.839155170422,0,20
B1,Alta demanda con furgonetas,,200,6,1.211808594087853,0.2518244200819771,989753.1383035728,9100000.0,8110246.861696428,0.0,586.5064913726169,0,20
B1,Alta demanda con furgonetas,,190,10,1.1543505053276586,0.2696343224665257,948812.8090647456,8400000.0,7451187.190935254,0.0,535.3310798240826,0,19
B1,Alta demanda con furgonetas,,180,8,1.3048464605761847,0.28121012757611824,952154.851496943,8350000.0,7397845.148503057,0.0,539.5086328643299,0,18
B1,Alta demanda con furgonetas,,180,4,1.1947903446048527,0.31298636767794213,938384.0665152493,7950000.0,7011615.933484751,0.0,522.2951516372125,0,18
B1,Alta demanda con furgonetas,,200,11,1.176217248897512,0.2735174596953498,975741.584679771,8400000.0,7424258.415320229,0.0,568.9920493428642,0,20
B1,Alta demanda con furgonetas,,210,1,1.1894278474349596,0.2746890355835481,1006053.0237971391,9550000.0,8543946.97620286,0.0,606.8813482395749,0,21
B1,Alta demanda con furgonetas,,180,8,1.1399794808367374,0.2659884984862123,928914.2873264467,7550000.0,6621085.712673553,0.0,510.45792765120945,0,18
B1,Alta demanda con furgonetas,,200,2,1.1029173150001519,0.2657740303423816,976627.5912734171,9100000.0,8123372.408726583,0.0,570.0995575849221,0,20
B1,Alta demanda con furgonetas,,180,2,1.1869183156301433,0.305586842570802,927282.9199691074,7450000.0,6522717.080030893,0.0,508.4187184545348,0,18
B1,Alta demanda con furgonetas,,200,4,1.098917587040019,0.25556232886314767,962940.7093500969,9050000.0,8087059.290649903,0.0,552.9909551807712,0,20
B1,Alta demanda con furgonetas,,190,4,1.1704220633868134,0.28402291477755565,947270.6459279986,8700000.0,7752729.354072002,0.0,533.403375903149,0,19
B1,Alta demanda con furgonetas,,210,6,1.0963350416939646,0.273287342591975,975497.3217023044,9000000.0,8024502.678297696,0.0,568.6867206210312,0,21
B1,Alta demanda con furgonetas,,200,4,1.1357457406132685,0.25406497232393094,963191.0113905673,8900000.0,7936808.988609433,0.0,553.3038327313601,0,20
B1,Alta demanda con furgonetas,,200,2,1.1611045471965067,0.2890411914620936,936924.818409238,9550000.0,8613075.181590762,0.0,520.471091504698,0,20
B1,Alta demanda con furgonetas,,220,3,1.1431250424652577,0.25090374834497753,1005543.8246602871,10100000.0,9094456.175339714,0.0,606.24484931851,0,22
B1,Alta demanda con furgonetas,,190,6,1.2413854600253262,0.28841159457224314,962526.5330513716,8600000.0,7637473.466948628,0.0,552.4732348073652,0,19
B1,Alta demanda con furgonetas,,190,3,1.2306262026506425,0.3040500915493131,975219.2019355285,9100000.0,8124780.798064471,0.0,568.3390709125616,0,19
B1,Alta demanda con furgonetas,,180,10,1.2199329045280545,0.26022292836149846,946889.6891829813,7950000.0,7003110.310817019,0.0,532.9271799718771,0,18
B1,Alta demanda con furgonetas,,200,5,1.131433911288062,0.26295039248176727,965647.8034540074,9300000.0,8334352.196545993,0.0,556.3748228106604,0,20
B1,Alta demanda con furgonetas,,160,6,1.3372827481152798,0.3178037714564411,900888.2750831904,7450000.0,6549111.724916809,0.0,475.42541234713906,0,16
B1,Alta demanda con furgonetas,,180,1,1.2389045797222475,0.2904616317271471,917524.9210806881,8050000.0,7132475.078919312,0.0,496.22121984401076,0,18
B1,Alta demanda con furgonetas,,220,6,1.277654493876233,0.24912232766041384,1028130.0091347997,10450000.0,9421869.9908652,0.0,634.4775799116502,0,22
B1,Alta demanda con furgonetas,,200,4,1.2188360452496634,0.27321103460685436,977344.72146809,9050000.0,8072655.27853191,0.0,570.9959703282628,0,20
B1,Alta demanda con furgonetas,,220,3,1.1694966039828152,0.2599963232258458,1006352.0546608162,10550000.0,9543647.945339184,0.0,607.2551368191705,0,22
B1,Alta demanda con furgonetas,,200,7,1.174570355107642,0.26705179732282125,943749.2869442365,8900000.0,7956250.713055763,0.0,529.0016771734463,0,20
B1,Alta demanda con furgonetas,,190,0,1.1394723597770475,0.28657319905976664,927556.3570629172,8300000.0,7372443.642937083,0.0,508.7605148217971,0,19
B1,Alta demanda con furgonetas,,200,2,1.1273582314017336,0.2482055677590032,982943.7182637954,8700000.0,7717056.281736204,0.0,577.994716322895,0,20
B1,Alta demanda con furgonetas,,200,9,1.5146227186676624,0.2738688843998479,1005919.1934704856,8950000.0,7944080.8065295145,0.0,606.7140603312578,0,20
B1,Alta demanda con furgonetas,,170,5,1.159458588838097,0.32965303906242227,888415.3081474165,7350000.0,6461584.691852584,0.0,459.8342036774212,0,17
B1,Alta demanda con furgonetas,,170,7,1.187757720656468,0.3444627995950314,900908.481252268,6900000.0,5999091.518747732,0.0,475.4506700584857,0,17
B1,Alta demanda con furgonetas,,180,7,1.2945251244595268,0.27445840354170564,956383.3819305835,8200000.0,7243616.618069417,0.0,544.7942959063798,0,18
B1,Alta demanda con furgonetas,,200,8,1.3611015851928636,0.2725771475340603,991725.1811252184,8400000.0,7408274.818874782,0.0,588.9715448996736,0,20
B1,Alta demanda con furgonetas,,210,5,1.1152162354138826,0.25560067056961683,1001511.6270530976,9600000.0,8598488.372946903,0.0,601.2046023095224,0,21
B1,Alta demanda con furgonetas,,190,5,1.167654724588049,0.27950220000288833,973517.8112532982,8500000.0,7526482.188746702,0.0,566.212332559773,0,19
B1,Alta demanda con furgonetas,,210,2,1.1687627314490037,0.26793576319642887,977794.0574343725,8550000.0,7572205.942565627,0.0,571.5576402861162,0,21
B1,Alta demanda con furgonetas,,170,3,1.1681591756979433,0.29294461750040013,898608.1724292804,8050000.0,7151391.82757072,0.0,472.57528402975134,0,17
B1,Alta demanda con furgonetas,,210,3,1.169005844069195,0.2633355708982011,995433.7885737916,9050000.0,8054566.211426209,0.0,593.6073042103905,0,21
B1,Alta demanda con furgonetas,,220,10,1.0683662639853777,0.2364749901020455,1014788.1372886797,9850000.0,8835211.86271132,0.0,617.8002401040009,0,22
B1,Alta demanda con furgonetas,,220,0,1.171736736631592,0.2534770544267077,1031175.2783736277,9950000.0,8918824.721626373,0.0,638.2841664601852,0,22
B1,Alta demanda con furgonetas,,190,7,1.2743488304526642,0.2915260142846188,996986.1737497137,8500000.0,7503013.826250287,0.0,595.5477856802928,0,19
B1,Alta demanda con furgonetas,,200,5,1.1387633927637488,0.26341394721079114,954677.0930544472,8950000.0,7995322.906945553,0.0,542.6614348112099,0,20
B1,Alta demanda con furgonetas,,190,9,1.1991888001311786,0.26729603307684263,939052.9138771512,8450000.0,7510947.086122849,0.0,523.1312108395897,0,19
B1,Alta demanda con furgonetas,,190,8,1.1351908421012435,0.2730416030962124,942124.2731761496,8700000.0,7757875.726823851,0.0,526.9704099633377,0,19
B1,Alta demanda con furgonetas,,210,5,1.2413923097965434,0.28443584093021756,995154.3467818529,9800000.0,8804845.653218146,0.0,593.2580019704666,0,21
B1,Alta demanda con furgonetas,,200,2,1.208499636138792,0.2876191582655978,968750.5131307635,8700000.0,7731249.486869236,0.0,560.2532099066052,0,20
B1,Alta demanda con furgonetas,,170,2,1.2987072409817086,0.3130803365728387,927927.1357517609,7650000.0,6722072.864248239,0.0,509.2239881828516,0,17
B1,Alta demanda con furgonetas,,190,8,1.1564316945470443,0.25340563223899326,944993.7284049229,8050000.0,7105006.271595078,0.0,530.5572289993042,0,19
B1,Alta demanda con furgonetas,,210,3,1.2011824622158491,0.2720380769440927,1013199.1791903899,9400000.0,8386800.82080961,0.0,615.8140424811381,0,21
B1,Alta demanda con furgonetas,,200,2,1.201494950896246,0.26445534937882326,991228.5753423709,9150000.0,8158771.424657629,0.0,588.350787671114,0,20
B1,Alta demanda con furgonetas,,200,8,1.211991784717357,0.2494312831354897,970443.1806979256,9000000.0,8029556.819302075,0.0,562.3690443655577,0,20
B1,Alta demanda con furgonetas,,220,10,1.1309728381072186,0.23389477614338394,1025718.0964999457,9650000.0,8624281.903500054,0.0,631.4626891180827,0,22
B1,Alta demanda con furgonetas,,190,2,1.313868793316118,0.25855453167038717,965840.394926171,8500000.0,7534159.605073829,0.0,556.6155621508648,0,19
B1,Alta demanda con furgonetas,,170,2,1.1969349742446502,0.2931422665359051,913390.7619424899,7450000.0,6536609.23805751,0.0,491.0535209212631,0,17
B1,Alta demanda con furgonetas,,190,10,1.2019165021906184,0.2738073183675131,949608.7953404647,8300000.0,7350391.204659536,0.0,536.3260626687317,0,19
B1,Alta demanda con furgonetas,,200,3,1.0813165021377122,0.28419149199816707,969587.6986987107,9700000.0,8730412.30130129,0.0,561.299691866539,0,20
B1,Alta demanda con furgonetas,,200,3,1.2184220026922317,0.2893719338831384,965111.5807395519,8600000.0,7634888.419260448,0.0,555.7045444175906,0,20
B1,Alta demanda con furgonetas,,210,9,1.164750445185196,0.24420421339121803,1010227.9762452845,9450000.0,8439772.023754716,0.0,612.100038799756,0,21
B1,Alta demanda con furgonetas,,160,6,1.2234006621829692,0.3008963819185034,887001.2908423387,7500000.0,6612998.709157662,0.0,458.0666820460738,0,16
B1,Alta demanda con furgonetas,,190,6,1.2581739223233157,0.27185706371522556,935521.0977813764,8400000.0,7464478.902218623,0.0,518.7164407198712,0,19
B1,Alta demanda con furgonetas,,170,5,1.3444262886287117,0.29007948310327886,942341.1363517038,7550000.0,6607658.863648296,0.0,527.2414889327806,0,17
B1,Alta demanda con furgonetas,,210,9,1.1816890274695593,0.2561003015894384,982433.6487769838,9900000.0,8917566.351223016,0.0,577.3571294643803,0,21
B1,Alta demanda con furgonetas,,190,10,1.0643699512910043,0.2538169031679302,934565.1375441215,9000000.0,8065434.862455878,0.0,517.5214904233023,0,19
B1,Alta demanda con furgonetas,,210,9,1.1929807752481159,0.2538944849004965,983484.5353656487,9100000.0,8116515.464634351,0.0,578.6707377002115,0,21
B1,Alta demanda con furgonetas,,190,9,1.2196528126010318,0.26865502168220873,954591.268765267,9100000.0,8145408.731234733,0.0,542.5541544497344,0,19
B1,Alta demanda con furgonetas,,200,6,1.0969295423271423,0.2808922184680409,950016.7683107898,9200000.0,8249983.23168921,0.0,536.8360288816378,0,20
B1,Alta demanda con furgonetas,,170,1,1.1422917462337518,0.302316555432298,903155.4852548108,7350000.0,6446844.514745189,0.0,478.2594250616642,0,17
B1,Alta demanda con furgonetas,,220,6,1.260323089080475,0.2546099381792741,1024122.0812232059,10400000.0,9375877.918776793,0.0,629.467670022158,0,22
B1,Alta demanda con furgonetas,,200,6,1.2035118495537256,0.30008860893903927,974051.2117993238,8150000.0,7175948.788200676,0.0,566.8790832423055,0,20
B1,Alta demanda con furgonetas,,200,5,1.3327112254735223,0.2630417607684296,973224.2275518867,8900000.0,7926775.772448113,0.0,565.845352933009,0,20
B1,Alta demanda con furgonetas,,200,5,1.0396432566114604,0.2437226667702523,954006.3022567318,9150000.0,8195993.697743269,0.0,541.8229463140651,0,20
B1,Alta demanda con furgonetas,,200,2,1.188448528324065,0.2803646454042896,968569.177386376,9050000.0,8081430.822613624,0.0,560.0265402261202,0,20
B1,Alta demanda con furgonetas,,200,9,1.2672290728556819,0.2805586185685366,988621.2491447731,9350000.0,8361378.750855227,0.0,585.0916299241169,0,20
B1,Alta demanda con furgonetas,,190,4,1.1841112542849244,0.2816813365960777,956407.719388802,9300000.0,8343592.280611198,0.0,544.8247177291531,0,19
B1,Alta demanda con furgonetas,,170,6,1.249180533578861,0.2877619458953067,913428.1181377087,7650000.0,6736571.881862291,0.0,491.10021616528655,0,17
B1,Alta demanda con furgonetas,,190,3,1.2432695941931406,0.2849471975369542,945289.6006520665,8700000.0,7754710.399347933,0.0,530.9270693082342,0,19
B1,Alta demanda con furgonetas,,210,10,1.0808607311098066,0.2583415112710708,965590.3057149601,9100000.0,8134409.69428504,0.0,556.3029506368507,0,21
B1,Alta demanda con furgonetas,,200,3,1.163775661654573,0.27016379356706627,949998.6584175677,8800000.0,7850001.341582432,0.0,536.8133915151102,0,20
B1,Alta demanda con furgonetas,,210,1,1.2180335805161877,0.2581611325867256,987937.3104412702,10050000.0,9062062.68955873,0.0,584.2367065447385,0,21
B1,Alta demanda con furgonetas,,200,1,1.261989220711264,0.26679022040967626,985815.2593483484,8450000.0,7464184.740651651,0.0,581.5841426785861,0,20
B1,Alta demanda con furgonetas,,210,7,1.2375733900129064,0.2683918614197364,1010831.0514132364,9250000.0,8239168.948586764,0.0,612.8538827596965,0,21
B1,Alta demanda con furgonetas,,170,3,1.130552250235055,0.3093908283562074,910949.604328237,7750000.0,6839050.3956717625,0.0,488.0020739034467,0,17
B1,Alta demanda con furgonetas,,190,5,1.2271696833992085,0.27908689357925986,976640.8283253473,8800000.0,7823359.171674653,0.0,570.116103899835,0,19
B1,Alta demanda con furgonetas,,170,9,1.2559916465359051,0.31644365186582396,904302.8320576623,7150000.0,6245697.167942338,0.0,479.6936085652288,0,17
B1,Alta demanda con furgonetas,,200,1,1.2460163094198446,0.2755711805479482,998856.7979042584,9050000.0,8051143.202095741,0.0,597.8860658734737,0,20
B1,Alta demanda con furgonetas,,180,3,1.3332483409895455,0.2816090228800386,937050.4979789448,8150000.0,7212949.502021056,0.0,520.6281909668319,0,18
B1,Alta demanda con furgonetas,,210,3,1.2213425371669866,0.2612938238447748,995071.5443936023,10300000.0,9304928.455606397,0.0,593.1544989851532,0,21
B1,Alta demanda con furgonetas,,180,2,1.1568721393935975,0.2993066100431474,951360.8699625877,8150000.0,7198639.130037412,0.0,538.5161559463854,0,18
B1,Alta demanda con furgonetas,,190,9,1.1971732168768285,0.2792716153546972,965047.5265052344,8900000.0,7934952.473494765,0.0,555.6244766246937,0,19
B1,Alta demanda con furgonetas,,190,8,1.12470522423282,0.26777630352630954,956209.3332867819,8800000.0,7843790.666713218,0.0,544.576735101628,0,19
B1,Alta demanda con furgonetas,,200,4,1.1341832519954609,0.27171725142650255,981569.7731417526,8650000.0,7668430.226858247,0.0,576.2772849203413,0,20
B1,Alta demanda con furgonetas,,180,8,1.1462143650879648,0.2793291143377263,928268.8425522993,7850000.0,6921731.1574477,0.0,509.6511216835246,0,18
B1,Alta demanda con furgonetas,,190,7,1.155417304158192,0.28966250552055345,959851.6359129526,8200000.0,7240148.364087047,0.0,549.1296133843413,0,19
B1,Alta demanda con furgonetas,,200,2,1.3001192608146739,0.28174388172407194,987240.585315101,9550000.0,8562759.4146849,0.0,583.3658001370272,0,20
B1,Alta demanda con furgonetas,,190,9,1.2522421778883785,0.2732703701503305,929986.4187805109,9300000.0,8370013.581219489,0.0,511.7980919687896,0,19
B1,Alta demanda con furgonetas,,180,8,1.2175790020898605,0.31099002158794087,923832.1922226339,7650000.0,6726167.807777366,0.0,504.1053087714431,0,18
B1,Alta demanda con furgonetas,,180,9,1.176592743305862,0.3084033292066115,945552.5030162483,8500000.0,7554447.496983752,0.0,531.255697263461,0,18
B1,Alta demanda con furgonetas,,190,7,1.2955110476010172,0.28424356848845667,974175.3947217951,8900000.0,7925824.605278205,0.0,567.0343118953945,0,19
B1,Alta demanda con furgonetas,,200,1,1.1600604529234797,0.26338697003298484,969478.7545733143,9200000.0,8230521.245426686,0.0,561.1635117097935,0,20
B1,Alta demanda con furgonetas,,220,10,1.2268010438604227,0.23275015145477776,1024132.1228292794,10100000.0,9075867.877170721,0.0,629.4802220297496,0,22
B1,Alta demanda con furgonetas,,180,9,1.1800780526657444,0.3015979398085801,908374.2144743043,7900000.0,6991625.785525695,0.0,484.78283658603107,0,18
B1,Alta demanda con furgonetas,,180,6,1.1844534122808719,0.3008297473127727,915663.1972004421,8050000.0,7134336.802799558,0.0,493.8940649937031,0,18
B1,Alta demanda con furgonetas,,210,4,1.0870078428684602,0.25579060645601553,974778.5484508696,9550000.0,8575221.45154913,0.0,567.7882540567379,0,21
B1,Alta demanda con furgonetas,,200,6,1.031477291571168,0.2783963307797937,943833.1160444412,9300000.0,8356166.883955559,0.0,529.1064635487021,0,20
B1,Alta demanda con furgonetas,,190,9,1.253791663581796,0.2775896860833505,963750.6166665036,8900000.0,7936249.383333497,0.0,554.0033393262805,0,19
B1,Alta demanda con furgonetas,,180,1,1.144600186467627,0.2790407765572863,924104.3714135453,7950000.0,7025895.628586454,0.0,504.4455327600821,0,18
B1,Alta demanda con furgonetas,,190,7,1.2012271795347693,0.28008518648345787,937645.4879300144,8800000.0,7862354.512069985,0.0,521.3719284056687,0,19
B1,Alta demanda con furgonetas,,190,9,1.337725366742741,0.27630611519244147,973020.9045847644,8450000.0,7476979.0954152355,0.0,565.5911992241063,0,19
B1,Alta demanda con furgonetas,,200,5,1.2638610534399477,0.2805237940899733,985383.2825850699,8950000.0,7964616.71741493,0.0,581.044171724488,0,20
B1,Alta demanda con furgonetas,,220,10,1.1884361822703,0.24760386919249075,1036752.1688523598,10250000.0,9213247.831147641,0.0,645.2552795586003,0,22
B1,Alta demanda con furgonetas,,210,0,1.1266963075973386,0.26995988091019074,960759.5035151212,8950000.0,7989240.4964848785,0.0,550.2644478870521,0,21
B1,Alta demanda con furgonetas,,180,8,1.1432685764781787,0.3093430112439254,930723.7457534531,8450000.0,7519276.254246547,0.0,512.7197506849672,0,18
B1,Alta demanda con furgonetas,,180,10,1.229285292733751,0.28811028813691464,929698.9609699793,7700000.0,6770301.039030021,0.0,511.4387697056247,0,18
B1,Alta demanda con furgonetas,,200,6,1.2167103803916928,0.24129404220258277,987334.1086759908,8500000.0,7512665.891324009,0.0,583.4827043381391,0,20
B1,Alta demanda con furgonetas,,180,5,1.1973071284765664,0.28668077990492963,932835.968747422,8500000.0,7567164.031252578,0.0,515.360029427428,0,18
B1,Alta demanda con furgonetas,,190,2,1.2741102749872,0.2689737312827186,967000.8571103112,8950000.0,7982999.142889689,0.0,558.0661398810402,0,19
B1,Alta demanda con furgonetas,,190,1,1.1716132492055271,0.2787403208005661,935342.281917214,8550000.0,7614657.718082786,0.0,518.4929208896682,0,19
B1,Alta demanda con furgonetas,,180,6,1.1976940904078317,0.274470212313753,918841.9243606668,7900000.0,6981158.075639334,0.0,497.86747394398407,0,18
B1,Alta demanda con furgonetas,,190,9,1.34814444988956,0.2682448480181923,960558.089883388,8150000.0,7189441.910116612,0.0,550.0126808473856,0,19
B1,Alta demanda con furgonetas,,220,3,1.2159842970922354,0.23714481047253536,1017713.5337474226,9700000.0,8682286.466252577,0.0,621.456985677429,0,22
B1,Alta demanda con furgonetas,,180,0,1.0881478670535203,0.28036144292249277,901695.6506945592,8250000.0,7348304.349305441,0.0,476.43463186134954,0,18
B1,Alta demanda con furgonetas,,180,9,1.3172900849580467,0.2986322454075182,936192.0400303089,7850000.0,6913807.959969691,0.0,519.5551185310369,0,18
B1,Alta demanda con furgonetas,,180,7,1.1316732225183528,0.2670186756524987,913509.8694098934,8000000.0,7086490.130590106,0.0,491.20240525551725,0,18
B1,Alta demanda con furgonetas,,200,4,1.249201921532903,0.2617326198024039,982470.829885784,9600000.0,8617529.170114215,0.0,577.4036058503806,0,20
B1,Alta demanda con furgonetas,,220,2,1.1523396017142369,0.26178308142943013,1010529.8024437663,10050000.0,9039470.197556233,0.0,612.4773215478587,0,22
B1,Alta demanda con furgonetas,,180,4,1.1926252731402496,0.2824245131517673,936865.1138396736,8100000.0,7163134.886160326,0.0,520.3964607927429,0,18
B1,Alta demanda con furgonetas,,190,4,1.14715231194977,0.2878713836006596,950556.9056164009,8950000.0,7999443.094383599,0.0,537.511200513652,0,19
B1,Alta demanda con furgonetas,,200,6,1.2827975745651161,0.26858591712897817,993178.8790441493,8900000.0,7906821.120955851,0.0,590.788667298337,0,20
B1,Alta demanda con furgonetas,,200,1,1.1851666537154835,0.24329158667924514,985528.872472758,9200000.0,8214471.127527242,0.0,581.2261590840986,0,20
B1,Alta demanda con furgonetas,,230,11,1.0392975727969482,0.2301083920974483,1011242.5845054846,10050000.0,9038757.415494515,0.0,613.3682991250064,0,23
B1,Alta demanda con furgonetas,,160,1,1.3143460265016742,0.31686188433076723,894868.1045999703,7250000.0,6355131.89540003,0.0,467.90019924311343,0,16
B1,Alta demanda con furgonetas,,190,10,1.1789776532247258,0.26392051551455903,965914.3625614571,8750000.0,7784085.637438543,0.0,556.7080216949721,0,19
B1,Alta demanda con furgonetas,,190,10,1.246470892278939,0.2793097066250039,957106.017902758,8400000.0,7442893.982097242,0.0,545.697590871598,0,19
B1,Alta demanda con furgonetas,,190,12,1.1859664085432309,0.2816726004826828,936252.8372605421,8350000.0,7413747.162739458,0.0,519.6311150688284,0,19
B1,Alta demanda con furgonetas,,170,3,1.4080612650470443,0.28211128879552894,925569.8582993328,7850000.0,6924430.141700667,0.0,506.27739136731685,0,17
B1,Alta demanda con furgonetas,,200,2,1.1771860783829415,0.2838468974658933,966374.6728738212,8500000.0,7533625.327126179,0.0,557.283409585427,0,20
B1,Alta demanda con furgonetas,,190,6,1.3624192876870849,0.2647065781318729,965039.8466782592,8450000.0,7484960.153321741,0.0,555.6148768409744,0,19
B1,Alta demanda con furgonetas,,180,2,1.1497460904753634,0.2990061622402148,926055.8899675631,8100000.0,7173944.110032437,0.0,506.8849309526045,0,18
B1,Alta demanda con furgonetas,,220,7,1.2025106419427969,0.24990177248420223,1048000.6444822066,9950000.0,8901999.355517793,0.0,659.315874095909,0,22
B1,Alta demanda con furgonetas,,180,5,1.2402700045655284,0.29607867755815426,923353.7539480613,7400000.0,6476646.246051939,0.0,503.5072609282272,0,18
B1,Alta demanda con furgonetas,,180,3,1.1328514180245504,0.2661198456604046,942875.8051091509,8250000.0,7307124.194890849,0.0,527.9098248795895,0,18
B1,Alta demanda con furgonetas,,220,7,1.1895556906447624,0.2588174328289279,1044612.2539094652,9600000.0,8555387.746090535,0.0,655.0803858799823,0,22
B1,Alta demanda con furgonetas,,200,2,1.2346217355677076,0.27718176240562153,960412.2196351031,8900000.0,7939587.780364897,0.0,549.8303430370295,0,20
B1,Alta demanda con furgonetas,,210,4,1.0873250737740003,0.254378569860905,964564.8193467208,9600000.0,8635435.18065328,0.0,555.0210926765519,0,21
B1,Alta demanda con furgonetas,,190,3,1.1966611403642458,0.2804464092935334,942752.6506998094,8300000.0,7357247.349300191,0.0,527.7558818679121,0,19
B1,Alta demanda con furgonetas,,190,8,1.2716858771249915,0.2692352908744901,991868.162442275,8650000.0,7658131.837557725,0.0,589.1502715459947,0,19
B1,Alta demanda con furgonetas,,210,10,1.1480264930141062,0.2451531946721379,996836.1504762198,9450000.0,8453163.84952378,0.0,595.3602565884255,0,21
B1,Alta demanda con furgonetas,,200,7,1.1862340460248584,0.26502811104711915,976190.12199264,8500000.0,7523809.87800736,0.0,569.5527209839506,0,20
B1,Alta demanda con furgonetas,,210,2,1.2459452170963976,0.24761553803537809,1007507.1863724838,8950000.0,7942492.813627516,0.0,608.6990514587555,0,21
B1,Alta demanda con furgonetas,,210,8,1.2232011622557475,0.2643550644149584,1039489.2693046487,9400000.0,8360510.730695351,0.0,648.6766551239615,0,21
B1,Alta demanda con furgonetas,,210,3,1.1635903460885977,0.2542810168242595,990682.5183685283,9600000.0,8609317.48163147,0.0,587.668216453811,0,21
B1,Alta demanda con furgonetas,,190,6,1.2032994552709642,0.30013713077369364,955451.8665728411,8800000.0,7844548.133427159,0.0,543.6299017092026,0,19
B1,Alta demanda con furgonetas,,210,6,1.1090766880447465,0.26215091692896997,1006836.7480305722,9350000.0,8343163.251969428,0.0,607.861003531366,0,21
B1,Alta demanda con furgonetas,,180,8,1.2838403909523908,0.2913715258263046,935524.1615668718,8100000.0,7164475.838433128,0.0,518.7202704517401,0,18
B1,Alta demanda con furgonetas,,180,10,1.2872297401535784,0.3220509930738273,943152.1517741999,8650000.0,7706847.8482258,0.0,528.2552582109006,0,18
B1,Alta demanda con furgonetas,,200,7,1.1116318614363478,0.2648107600315234,958990.5107796306,8750000.0,7791009.48922037,0.0,548.053206967689,0,20
B1,Alta demanda con furgonetas,,200,1,1.220233829728307,0.25310500002135555,977969.5005250917,9200000.0,8222030.499474908,0.0,571.7769441495152,0,20
B1,Alta demanda con furgonetas,,200,10,1.2783310320609174,0.2720838243735141,974474.0902034916,9800000.0,8825525.909796508,0.0,567.4076812475151,0,20
B1,Alta demanda con furgonetas,,190,3,1.2564121170083633,0.2797090166651949,970488.4098315238,8650000.0,7679511.590168476,0.0,562.4255807825556,0,19
B1,Alta demanda con furgonetas,,180,2,1.300049294951118,0.30726616348238805,946023.5693801708,8550000.0,7603976.430619829,0.0,531.8445302183644,0,18
B1,Alta demanda con furgonetas,,180,5,1.255749514444011,0.2818521591831996,922364.6533959806,7700000.0,6777635.346604019,0.0,502.2708852381264,0,18
B1,Alta demanda con furgonetas,,180,2,1.251212921265006,0.2862532074774452,940246.5607499327,7650000.0,6709753.439250067,0.0,524.6232694305664,0,18
B1,Alta demanda con furgonetas,,210,4,1.2990858069731408,0.2658298390597592,1014246.9895432983,10350000.0,9335753.010456702,0.0,617.1238054222736,0,21
B1,Alta demanda con furgonetas,,170,3,1.1693105984823309,0.3112402707440679,907295.3509709266,8100000.0,7192704.649029073,0.0,483.4342572068087,0,17
B1,Alta demanda con furgonetas,,180,4,1.194437718018188,0.28789963606469143,921184.1227284295,8400000.0,7478815.87727157,0.0,500.7952219036876,0,18
B1,Alta demanda con furgonetas,,170,6,1.274217959678051,0.31619504767344,916019.5947356481,8150000.0,7233980.4052643515,0.0,494.3395619127111,0,17
B1,Alta demanda con furgonetas,,220,7,1.1721340183655327,0.2313627665207096,1014192.9552989651,9600000.0,8585807.044701034,0.0,617.0562626168568,0,22
B1,Alta demanda con furgonetas,,200,5,1.1923051426782216,0.26359508787186536,947249.2491417674,9250000.0,8302750.750858232,0.0,533.3766299203596,0,20
B1,Alta demanda con furgonetas,,180,11,1.3496644095629151,0.2950239807084013,938709.7807349925,8100000.0,7161290.219265007,0.0,522.7022944118914,0,18
B1,Alta demanda con furgonetas,,210,5,1.2230287151875625,0.2645298381059618,1009857.9371890894,9400000.0,8390142.06281091,0.0,611.6374899795121,0,21
B1,Alta demanda con furgonetas,,190,3,1.2446956684118566,0.2769114010763555,954130.8466638362,8950000.0,7995869.153336164,0.0,541.9786268229457,0,19
B1,Alta demanda con furgonetas,,190,6,1.2641085140232957,0.2855780844632725,954830.4361187385,8150000.0,7195169.563881261,0.0,542.8531136415737,0,19
B1,Alta demanda con furgonetas,,210,8,1.1207255887343361,0.24006935609453098,1000623.448904962,9450000.0,8449376.551095039,0.0,600.0943796243533,0,21
B1,Alta demanda con furgonetas,,220,2,1.264556621863497,0.25988729553857526,1010009.526756996,9700000.0,8689990.473243004,0.0,611.8269769393959,0,22
B1,Alta demanda con furgonetas,,180,0,1.0891274953274885,0.3015102366960014,899985.9548065236,8100000.0,7200014.045193477,0.0,474.2975120013051,0,18
B1,Alta demanda con furgonetas,,210,2,1.1476889505289083,0.2748192158264174,982576.5155084328,9350000.0,8367423.484491567,0.0,577.5357128786919,0,21
B1,Alta demanda con furgonetas,,190,8,1.150301065006961,0.2990178636251872,928378.5943180713,8550000.0,7621621.405681929,0.0,509.7883113907401,0,19
B1,Alta demanda con furgonetas,,190,9,1.203778315912022,0.2830254157909799,943354.0337091612,8100000.0,7156645.966290839,0.0,528.5076106296023,0,19
B1,Alta demanda con furgonetas,,210,9,1.153621988543973,0.24661315712574217,992031.5746492713,9550000.0,8557968.42535073,0.0,589.3545368047401,0,21
B1,Alta demanda con furgonetas,,200,3,1.2237215767832652,0.27631759311543,949542.3094589335,8700000.0,7750457.690541066,0.0,536.2429553168179,0,20
B1,Alta demanda con furgonetas,,190,3,1.2034934759666536,0.278086433751502,953249.35049324,8650000.0,7696750.64950676,0.0,540.8767566097008,0,19
B1,Alta demanda con furgonetas,,200,7,1.2003982236013575,0.2900165724131753,980633.7953672695,9950000.0,8969366.204632731,0.0,575.1073127022376,0,20
B1,Alta demanda con furgonetas,,210,6,1.0508389452012143,0.2526487543562122,999120.5607253156,9550000.0,8550879.439274684,0.0,598.2157693997954,0,21
B1,Alta demanda con furgonetas,,180,5,1.2564940032843321,0.3011637970133005,963610.3739675308,8200000.0,7236389.626032469,0.0,553.8280359525639,0,18
B1,Alta demanda con furgonetas,,210,5,1.2259937168917159,0.24896617664833232,1040520.3475676562,9350000.0,8309479.652432344,0.0,649.965502952721,0,21
B1,Alta demanda con furgonetas,,200,9,1.2797873572206582,0.2524710830418395,1004000.0803554332,8750000.0,7745999.919644567,0.0,604.315168937442,0,20
B1,Alta demanda con furgonetas,,180,1,1.2750071450645775,0.2964191375925447,924774.5044255881,8550000.0,7625225.495574412,0.0,505.2831990251359,0,18
B1,Alta demanda con furgonetas,,190,6,1.2319187729765235,0.25775917159105693,970811.0739498882,8000000.0,7029188.926050112,0.0,562.8289109305109,0,19
B1,Alta demanda con furgonetas,,190,2,1.2791782054703391,0.2816958604948456,962280.4209377693,8700000.0,7737719.579062231,0.0,552.1655946653625,0,19
B1,Alta demanda con furgonetas,,180,10,1.2223943495546785,0.28664526993466705,920284.6736140082,8250000.0,7329715.326385992,0.0,499.6709105106611,0,18
B1,Alta demanda con furgonetas,,190,3,1.0983896372032889,0.26076294773188013,938219.6769776117,9200000.0,8261780.323022388,0.0,522.0896647151654,0,19
B1,Alta demanda con furgonetas,,200,7,1.119892724217666,0.2722702345488281,971308.4947044106,9250000.0,8278691.50529559,0.0,563.4506868736642,0,20
B1,Alta demanda con furgonetas,,200,10,1.300647881597675,0.2845511898033363,995795.7115765644,9300000.0,8304204.288423436,0.0,594.0597079638561,0,20
B1,Alta demanda con furgonetas,,190,4,1.3343874552027755,0.27428228326314724,988443.0304253807,8600000.0,7611556.969574619,0.0,584.8688565248762,0,19
B1,Alta demanda con furgonetas,,180,9,1.1421639026559807,0.2920972789892306,916142.80199342,8900000.0,7983857.19800658,0.0,494.4935709849259,0,18
B1,Alta demanda con furgonetas,,200,2,1.1882826822600945,0.2659821147111413,967476.7181740018,8900000.0,7932523.281825998,0.0,558.6609662106531,0,20
B1,Alta demanda con furgonetas,,190,6,1.1560614731502838,0.28385998995814293,937681.6847904981,8850000.0,7912318.315209502,0.0,521.4171744812732,0,19
B1,Alta demanda con furgonetas,,180,7,1.2782801484688924,0.28353201305657455,934548.6108784496,7950000.0,7015451.38912155,0.0,517.5008320912128,0,18
B1,Alta demanda con furgonetas,,210,3,1.2032946848794805,0.24418682464934702,1000931.0744358312,9600000.0,8599068.925564168,0.0,600.4789115379396,0,21
B1,Alta demanda con furgonetas,,210,6,1.1383993855353818,0.25629235179993476,1015509.4411283741,9400000.0,8384490.558871626,0.0,618.7018699036182,0,21
B1,Alta demanda con furgonetas,,220,6,1.2780316249344934,0.26499404365796175,1035181.3963066599,10700000.0,9664818.60369334,0.0,643.2918138764754,0,22
B1,Alta demanda con furgonetas,,170,3,1.13403447410457,0.3022521398033117,901324.5920592109,7850000.0,6948675.407940789,0.0,475.970808567164,0,17
B1,Alta demanda con furgonetas,,180,4,1.2099974936081717,0.27622620501276063,928711.7823166074,8300000.0,7371288.217683393,0.0,510.2047963889102,0,18
B1,Alta demanda con furgonetas,,180,4,1.1763795535445758,0.3015145166546569,932457.536413349,8150000.0,7217542.463586651,0.0,514.8869890098366,0,18
B1,Alta demanda con furgonetas,,220,2,1.2192441607013478,0.2472220682784573,996395.2654468956,9250000.0,8253604.734553104,0.0,594.8091503017703,0,22
B1,Alta demanda con furgonetas,,160,10,1.2947991748184224,0.334678990207856,880745.4861289937,7200000.0,6319254.513871007,0.0,450.2469261543927,0,16
B1,Alta demanda con furgonetas,,180,10,1.2348130527017787,0.2793529748075461,929738.9046429677,7700000.0,6770261.0953570325,0.0,511.48869929686066,0,18
B1,Alta demanda con furgonetas,,200,10,1.2155260284612817,0.29343362455870137,952163.8611920273,9200000.0,8247836.138807973,0.0,539.5198949831848,0,20
B1,Alta demanda con furgonetas,,170,5,1.165942737901773,0.2942207012313739,923483.308408159,7400000.0,6476516.691591841,0.0,503.66920400334925,0,17
B1,Alta demanda con furgonetas,,210,10,1.1555309400824965,0.2827714468937256,1005955.3713175498,8950000.0,7944044.62868245,0.0,606.7592826400877,0,21
B1,Alta demanda con furgonetas,,180,7,1.257057149873774,0.28542529737632183,918292.4138483275,8750000.0,7831707.5861516725,0.0,497.18058580355995,0,18
B1,Alta demanda con furgonetas,,210,3,1.154281552412235,0.2634712210919656,974594.3633832609,9000000.0,8025405.636616739,0.0,567.5580227222266,0,21
B1,Alta demanda con furgonetas,,170,4,1.254675857807293,0.30336309660444516,920139.7037589765,7500000.0,6579860.296241024,0.0,499.4896981918713,0,17
B1,Alta demanda con furgonetas,,180,7,1.1908760633634452,0.27885743669891055,945352.3205020867,7750000.0,6804647.679497913,0.0,531.0054691207591,0,18
B1,Alta demanda con furgonetas,,170,1,1.2116739434893868,0.31112974479678346,919110.039826226,7750000.0,6830889.9601737745,0.0,498.202618275933,0,17
B1,Alta demanda con furgonetas,,190,3,1.196111948142792,0.2812170985854092,964573.0162501055,8550000.0,7585426.983749894,0.0,555.0313388057829,0,19
B1,Alta demanda con furgonetas,,210,9,1.1914496810365967,0.25953429030795144,997884.2063198682,9500000.0,8502115.793680131,0.0,596.6703263929861,0,21
B1,Alta demanda con furgonetas,,200,2,1.1859880901683422,0.2618794827638295,956642.9530331766,8850000.0,7893357.046966824,0.0,545.1187597846217,0,20
B1,Alta demanda con furgonetas,,200,3,1.1095675960994316,0.281566574432225,967628.6808662874,9000000.0,8032371.319133713,0.0,558.8509195760098,0,20
B1,Alta demanda con furgonetas,,180,7,1.297358577107615,0.2793337159112191,942634.4421019776,8250000.0,7307365.557898022,0.0,527.6081211206226,0,18
B1,Alta demanda con furgonetas,,180,9,1.0726483904999264,0.2848335601939839,940529.7850796317,8050000.0,7109470.214920368,0.0,524.9772998426904,0,18
B1,Alta demanda con furgonetas,,180,1,1.1401096560965491,0.26735821845888513,949860.461998986,8000000.0,7050139.538001014,0.0,536.640645991883,0,18
B1,Alta demanda con furgonetas,,220,7,1.2066549117796053,0.26834171004265667,1022073.4171701734,9550000.0,8527926.582829827,0.0,626.906839955867,0,22
B1,Alta demanda con furgonetas,,190,9,1.2066219827894646,0.23738642989989728,973335.0902325357,8350000.0,7376664.909767464,0.0,565.9839312838204,0,19
B1,Alta demanda con furgonetas,,190,2,1.2639766986092136,0.281134388794706,953011.5016986256,8500000.0,7546988.498301375,0.0,540.5794456164327,0,19
B1,Alta demanda con furgonetas,,210,1,1.2474536092529225,0.2622736805103563,1000282.5412306617,9700000.0,8699717.458769338,0.0,599.6682450314779,0,21
B1,Alta demanda con furgonetas,,200,3,1.092653066347834,0.2598725534625508,959618.0117239204,9200000.0,8240381.988276079,0.0,548.8375831480512,0,20
B1,Alta demanda con furgonetas,,210,11,1.3080380902786781,0.2589525476806368,972683.6282647195,9350000.0,8377316.37173528,0.0,565.1696038240499,0,21
B1,Alta demanda con furgonetas,,210,3,1.21532940607913,0.25298331792092993,1018826.1623582352,9500000.0,8481173.837641764,0.0,622.8477714409445,0,21
B2,Baja demanda con furgonetas,,80,1,1.5449483766274867,0.5643369960968041,700363.8281448481,3350000.0,2649636.1718551517,0.0,224.76985367421102,0,8
B2,Baja demanda con furgonetas,,70,6,1.396729702587454,0.6314093501198497,684244.7420432103,3050000.0,2365755.25795679,0.0,204.6209960471634,0,7
B2,Baja demanda con furgonetas,,90,1,1.6193270413936705,0.5627943376185136,731716.9789286767,3950000.0,3218283.021071323,0.0,263.96129215399645,0,9
B2,Baja demanda con furgonetas,,70,7,1.5832699904367118,0.6043896037144298,674583.2102371538,2950000.0,2275416.789762846,0.0,192.54408128959278,0,7
B2,Baja demanda con furgonetas,,90,9,1.350517663404598,0.4756037684517963,730632.7214649908,3700000.0,2969367.2785350094,0.0,262.6059703243892,0,9
B2,Baja demanda con furgonetas,,100,9,1.4762158731080046,0.4814574177380294,749522.2889469524,5000000.0,4250477.711053047,0.0,286.21792967684127,0,10
B2,Baja demanda con furgonetas,,90,7,1.4137021918012145,0.5733893390196146,726412.2229863126,4100000.0,3373587.7770136874,0.0,257.3303472260412,0,9
B2,Baja demanda con furgonetas,,90,3,1.4934180635944254,0.60570486212882,722641.1696032272,4100000.0,3377358.830396773,0.0,252.61653049718493,0,9
B2,Baja demanda con furgonetas,,80,9,1.5874943095186689,0.555235688641522,710046.6375953993,3350000.0,2639953.3624046007,0.0,236.87336548739972,0,8
B2,Baja demanda con furgonetas,,60,3,1.7022813786103368,0.8491443085065298,655718.3908533545,2750000.0,2094281.6091466455,0.0,168.9630570598437,0,6
B2,Baja demanda con furgonetas,,70,3,1.468659110110565,0.6151786335654312,667389.2748880902,3250000.0,2582610.7251119097,0.0,183.55166210326337,0,7
B2,Baja demanda con furgonetas,,90,6,1.5357816751355438,0.6158091826690113,721479.0612546316,4200000.0,3478520.9387453683,0.0,251.16389506144037,0,9
B2,Baja demanda con furgonetas,,100,0,1.2657306218562536,0.4962183945535883,743046.0095888949,4450000.0,3706953.990411105,0.0,278.12258047926935,0,10
B2,Baja demanda con furgonetas,,80,5,1.5340375581185204,0.5361529106428855,708505.6351753236,3300000.0,2591494.3648246764,0.0,234.9471124623053,0,8
B2,Baja demanda con furgonetas,,90,5,1.3068108340541253,0.5679693325236622,716288.9801975775,3900000.0,3183711.0198024223,0.0,244.67629374012265,0,9
B2,Baja demanda con furgonetas,,80,4,1.501449175597198,0.6634494442890958,701404.2244242845,3350000.0,2648595.7755757156,0.0,226.0703490235064,0,8
B2,Baja demanda con furgonetas,,80,2,1.4886496842475598,0.6005587026372059,702865.9692630364,3600000.0,2897134.0307369637,0.0,227.89753007194636,0,8
B2,Baja demanda con furgonetas,,80,5,1.573048535634877,0.5701188544234649,706261.4069894145,3650000.0,2943738.5930105858,0.0,232.14182722991873,0,8
B2,Baja demanda con furgonetas,,90,7,1.4148788655727509,0.540173745974586,721682.57723084,4200000.0,3478317.42276916,0.0,251.4182900317004,0,9
B2,Baja demanda con furgonetas,,90,5,1.3575543124843734,0.5261241870532294,721255.318232887,4600000.0,3878744.681767113,0.0,250.88421628425948,0,9
B2,Baja demanda con furgonetas,,70,0,1.7662911843208173,0.7150513491156204,667841.1174960608,3350000.0,2682158.8825039393,0.0,184.11646536322667,0,7
B2,Baja demanda con furgonetas,,90,9,1.4086839043221824,0.5239404120996779,732574.9738657987,4000000.0,3267425.0261342013,0.0,265.033785825399,0,9
B2,Baja demanda con furgonetas,,80,9,1.467572127494456,0.636983137897307,699251.9175068701,3600000.0,2900748.08249313,0.0,223.37996537673843,0,8
B2,Baja demanda con furgonetas,,80,0,1.4316526362052078,0.5865027210538536,689238.2299663747,3550000.0,2860761.7700336254,0.0,210.86285595111914,0,8
B2,Baja demanda con furgonetas,,80,9,1.4083479095748168,0.6307282813899426,708484.4671702487,3650000.0,2941515.5328297513,0.0,234.9206524559615,0,8
B2,Baja demanda con furgonetas,,80,6,1.6887211143261225,0.5557338097662677,714850.547493657,3500000.0,2785149.452506343,0.0,242.87825286022203,0,8
B2,Baja demanda con furgonetas,,80,1,1.5767904554013588,0.5321251637229617,704806.9607966505,3550000.0,2845193.0392033495,0.0,230.32376948896368,0,8
B2,Baja demanda con furgonetas,,80,6,1.4941201573079037,0.5467239782212301,711883.7629176308,3500000.0,2788116.237082369,0.0,239.1697721401893,0,8
B2,Baja demanda con furgonetas,,70,4,1.6952457473226799,0.6989680687487666,671959.2390347014,2800000.0,2128040.760965299,0.0,189.26411728652724,0,7
B2,Baja demanda con furgonetas,,90,7,1.3595100795320216,0.6143482527955826,709591.2447028079,4100000.0,3390408.7552971924,0.0,236.30412437166046,0,9
B2,Baja demanda con furgonetas,,80,6,1.526403236081776,0.5922624521645781,706515.9865155314,3700000.0,2993484.0134844687,0.0,232.4600516375651,0,8
B2,Baja demanda con furgonetas,,80,2,1.521597676708281,0.5927786060586512,701357.846768825,3550000.0,2848642.153231175,0.0,226.01237695418192,0,8
B2,Baja demanda con furgonetas,,90,2,1.709711472501661,0.524156438527869,734504.1178346404,3850000.0,3115495.8821653593,0.0,267.4452157864513,0,9
B2,Baja demanda con furgonetas,,80,2,1.4273891455534367,0.5558863693714745,713303.2903059642,3300000.0,2586696.709694036,0.0,240.94418137560604,0,8
B2,Baja demanda con furgonetas,,70,1,1.6000969966445688,0.7815351739062726,675235.6700569083,3050000.0,2374764.3299430916,0.0,193.35965606428596,0,7
B2,Baja demanda con furgonetas,,80,2,1.6567196843838403,0.6128925011564601,723070.9590204428,3650000.0,2926929.040979557,0.0,253.1537672687041,0,8
B2,Baja demanda con furgonetas,,80,4,1.6500560628436751,0.5950519208871891,694259.4392699944,3600000.0,2905740.5607300056,0.0,217.1393675806438,0,8
B2,Baja demanda con furgonetas,,80,1,1.4959658501559752,0.5972479990393426,688260.8671189672,3400000.0,2711739.132881033,0.0,209.64115239185972,0,8
B2,Baja demanda con furgonetas,,80,5,1.5748131584776925,0.6630814082549671,716893.663320264,3500000.0,2783106.336679736,0.0,245.43214764348062,0,8
B2,Baja demanda con furgonetas,,90,3,1.3969411227214874,0.5660742243904341,737096.7392725857,4450000.0,3712903.2607274144,0.0,270.6859925838828,0,9
B2,Baja demanda con furgonetas,,70,6,1.529061794920059,0.6880064499992037,677583.9121898385,3050000.0,2372416.0878101615,0.0,196.29495873044885,0,7
B2,Baja demanda con furgonetas,,70,2,1.4959794609798218,0.7049269563337534,699478.0198677013,3050000.0,2350521.9801322985,0.0,223.66259332777736,0,7
B2,Baja demanda con furgonetas,,80,5,1.545049431220629,0.6204882757498165,691694.8565193668,3350000.0,2658305.1434806334,0.0,213.9336391423592,0,8
B2,Baja demanda con furgonetas,,90,8,1.5787414283310193,0.5536496889484954,733725.9667397909,3950000.0,3216274.033260209,0.0,266.4725269178893,0,9
B2,Baja demanda con furgonetas,,90,10,1.429460351422421,0.559119122902726,742487.8061386343,3750000.0,3007512.193861366,0.0,277.42482616644355,0,9
B2,Baja demanda con furgonetas,,100,9,1.4342445594422977,0.5183933577935033,749944.0436554083,4400000.0,3650055.9563445915,0.0,286.7451230624111,0,10
B2,Baja demanda con furgonetas,,80,9,1.5213799744571803,0.5465948401266374,697413.1004335795,3450000.0,2752586.8995664204,0.0,221.08144403512514,0,8
B2,Baja demanda con furgonetas,,80,6,1.659979383984033,0.623238171593022,700141.4345744698,3200000.0,2499858.56542553,0.0,224.49186171123796,0,8
B2,Baja demanda con furgonetas,,70,1,1.6401790037775892,0.7513793195524415,663468.3509216683,2900000.0,2236531.649078332,0.0,178.65050714523625,0,7
B2,Baja demanda con furgonetas,,90,6,1.3666262322385592,0.5358533804241571,709480.6854133797,4200000.0,3490519.3145866203,0.0,236.16592525987534,0,9
B2,Baja demanda con furgonetas,,70,5,1.8174924237567929,0.7552004257306137,683256.5276045761,3250000.0,2566743.472395424,0.0,203.38572799887072,0,7
B2,Baja demanda con furgonetas,,110,5,1.4148081070958436,0.4806207624165237,775328.0936630135,5050000.0,4274671.906336986,0.0,318.47518557191734,0,11
B2,Baja demanda con furgonetas,,90,3,1.4242099267734731,0.5096141892259469,735100.3937526841,4050000.0,3314899.606247316,0.0,268.19056068400573,0,9
B2,Baja demanda con furgonetas,,90,8,1.4047017456937723,0.5820781887997439,723504.2400819033,4150000.0,3426495.7599180965,0.0,253.69536859552994,0,9
B2,Baja demanda con furgonetas,,80,1,1.639983067993328,0.6939009222931749,700864.901119832,3450000.0,2749135.098880168,0.0,225.39619489294066,0,8
B2,Baja demanda con furgonetas,,70,1,1.6903551104300638,0.6846103115274531,679042.9279480897,2750000.0,2070957.0720519102,0.0,198.11872842826276,0,7
B2,Baja demanda con furgonetas,,90,6,1.4933427792563954,0.6176984758935696,735828.8075889833,4250000.0,3514171.1924110167,0.0,269.1010779793799,0,9
B2,Baja demanda con furgonetas,,80,5,1.6287267589046852,0.5939773745598426,707300.0067265881,3500000.0,2792699.993273412,0.0,233.4400769013859,0,8
B2,Baja demanda con furgonetas,,80,6,1.4113132156717447,0.6304971984669021,705476.882500071,3350000.0,2644523.117499929,0.0,231.1611716182391,0,8
B2,Baja demanda con furgonetas,,80,1,1.5416823448224375,0.5956812650947649,692042.5617389753,3300000.0,2607957.4382610247,0.0,214.3682706668697,0,8
B2,Baja demanda con furgonetas,,90,6,1.4532151391457762,0.5423012643959184,717571.7909747256,4200000.0,3482428.2090252745,0.0,246.27980721155757,0,9
B2,Baja demanda con furgonetas,,90,9,1.4913553047242225,0.5303909478176084,727156.7926953103,3900000.0,3172843.2073046896,0.0,258.26105936228845,0,9
B2,Baja demanda con furgonetas,,90,4,1.3138606410997595,0.4745730618421405,731558.5569252553,3850000.0,3118441.4430747447,0.0,263.76326464971993,0,9
B2,Baja demanda con furgonetas,,70,2,1.4318728452045855,0.6396537983288457,671289.8408661959,3100000.0,2428710.159133804,0.0,188.42736957589557,0,7
B2,Baja demanda con furgonetas,,90,0,1.3663325489168159,0.5525789079268544,728368.0161335004,4150000.0,3421631.9838664997,0.0,259.7750886600263,0,9
B2,Baja demanda con furgonetas,,80,5,1.6854008115716141,0.6630070215201022,699060.2000846097,3700000.0,3000939.79991539,0.0,223.14031859891264,0,8
B2,Baja demanda con furgonetas,,80,6,1.5969950904791417,0.5502418600601522,698019.1436969739,3700000.0,3001980.856303026,0.0,221.83899811436802,0,8
B2,Baja demanda con furgonetas,,80,7,1.6797109270902435,0.5826798804608256,714368.752995887,3200000.0,2485631.247004113,0.0,242.2760097380094,0,8
B2,Baja demanda con furgonetas,,100,8,1.5389544353000069,0.5127348190294498,773427.6460862628,4550000.0,3776572.3539137375,0.0,316.0996261009793,0,10
B2,Baja demanda con furgonetas,,80,2,1.6105674587620444,0.7206030064516512,709532.5777743364,3450000.0,2740467.4222256634,0.0,236.23079071107128,0,8
B2,Baja demanda con furgonetas,,80,7,1.5898497353987024,0.5925722618759777,701156.2236553715,3650000.0,2948843.7763446285,0.0,225.76034806236504,0,8
B2,Baja demanda con furgonetas,,80,11,1.6896641057089057,0.6392566912517686,707086.983383867,3200000.0,2492913.016616133,0.0,233.17379772298443,0,8
B2,Baja demanda con furgonetas,,80,8,1.6604131490633605,0.6577254992754905,704706.4342180057,4000000.0,3295293.5657819943,0.0,230.1981112656578,0,8
B2,Baja demanda con furgonetas,,70,2,1.7688820592507395,0.7352614601897879,677490.2171486057,3250000.0,2572509.7828513943,0.0,196.17783992890787,0,7
B2,Baja demanda con furgonetas,,80,4,1.5640678590867227,0.7229877223182771,701832.588667906,3450000.0,2748167.411332094,0.0,226.60580432803317,0,8
B2,Baja demanda con furgonetas,,80,1,1.6035683512928514,0.6619224049084191,684770.8235097902,3650000.0,2965229.17649021,0.0,205.2785978803883,0,8
B2,Baja demanda con furgonetas,,90,2,1.4671892033223648,0.5726894468486676,729426.6474929169,3900000.0,3170573.352507083,0.0,261.0983778592967,0,9
B2,Baja demanda con furgonetas,,70,4,1.3296057106088786,0.5696092552769593,669694.2791378137,3150000.0,2480305.7208621865,0.0,186.43291741541782,0,7
B2,Baja demanda con furgonetas,,100,1,1.4813586400544434,0.536892939584218,758047.624989068,4900000.0,4141952.375010932,0.0,296.8745997294858,0,10
B2,Baja demanda con furgonetas,,90,3,1.4687863397507095,0.5757441352968411,720306.9613156762,4300000.0,3579693.038684324,0.0,249.69877013774607,0,9
B2,Baja demanda con furgonetas,,90,8,1.4850122661052014,0.5701041509350786,722083.2674442347,4100000.0,3377916.732555765,0.0,251.91915279844432,0,9
B2,Baja demanda con furgonetas,,90,8,1.3856357941238184,0.5336255756568533,739178.8732974541,3800000.0,3060821.126702546,0.0,273.2886601149683,0,9
B2,Baja demanda con furgonetas,,90,7,1.3899663752521283,0.5531859684096729,718604.7263910891,4450000.0,3731395.273608911,0.0,247.5709764820124,0,9
B2,Baja demanda con furgonetas,,80,4,1.4313907033194735,0.5031269563198227,704789.6790295974,3050000.0,2345210.3209704026,0.0,230.30216728014744,0,8
B2,Baja demanda con furgonetas,,100,9,1.412850255228824,0.4431385110460782,747935.1305110885,4600000.0,3852064.8694889117,0.0,284.2339816320113,0,10
B2,Baja demanda con furgonetas,,80,5,1.6531280529469048,0.6182492315803765,721002.1718022701,3400000.0,2678997.82819773,0.0,250.56778324598852,0,8
B2,Baja demanda con furgonetas,,90,3,1.426781091477815,0.6257279288581061,716866.5696360603,4250000.0,3533133.4303639396,0.0,245.398280538226,0,9
B2,Baja demanda con furgonetas,,100,7,1.4036334341449939,0.5545790094072376,745100.414920099,4500000.0,3754899.585079901,0.0,280.6905871432745,0,10
B2,Baja demanda con furgonetas,,80,3,1.4059663327812744,0.6534413840054768,684048.8719626325,3650000.0,2965951.1280373675,0.0,204.37615844644134,0,8
B2,Baja demanda con furgonetas,,90,8,1.41717179509952,0.5013504881418922,739222.3387609693,3800000.0,3060777.661239031,0.0,273.34299194436227,0,9
B2,Baja demanda con furgonetas,,90,4,1.3759200359326047,0.5602770966604691,722052.6022959434,4450000.0,3727947.3977040565,0.0,251.8808213630798,0,9
B2,Baja demanda con furgonetas,,80,4,1.6254340555329505,0.5781236062244766,714477.0596448504,3550000.0,2835522.9403551496,0.0,242.41139304921373,0,8
B2,Baja demanda con furgonetas,,90,5,1.4341107358052378,0.5392277971128194,732586.2741125977,3900000.0,3167413.7258874024,0.0,265.04791113389786,0,9
B2,Baja demanda con furgonetas,,90,7,1.4583778520794781,0.581016213636377,719656.1942504471,4200000.0,3480343.805749553,0.0,248.8853113062095,0,9
B2,Baja demanda con furgonetas,,80,2,1.5178957147281902,0.5981794033629809,688998.8791570405,3600000.0,2911001.1208429597,0.0,210.56366743945134,0,8
B2,Baja demanda con furgonetas,,90,4,1.706582301459409,0.5100260473356248,732324.0525082366,3850000.0,3117675.947491763,0.0,264.72013412844655,0,9
B2,Baja demanda con furgonetas,,100,2,1.4428594122712404,0.5192056277540363,750105.3112787704,4500000.0,3749894.6887212293,0.0,286.94670759161386,0,10
B2,Baja demanda con furgonetas,,80,3,1.4166853996925433,0.5538835786973851,703692.7281747487,3500000.0,2796307.271825251,0.0,228.9309787115867,0,8
B2,Baja demanda con furgonetas,,80,3,1.4252506829966758,0.5624580055679309,702361.0315769315,3400000.0,2697638.9684230685,0.0,227.2663579643151,0,8
B2,Baja demanda con furgonetas,,90,0,1.5942830222219642,0.546084515811461,723643.2477818961,4400000.0,3676356.752218104,0.0,253.86912822052082,0,9
B2,Baja demanda con furgonetas,,80,5,1.6682112992342397,0.6478643821811177,701663.9732877284,3150000.0,2448336.0267122714,0.0,226.39503510281128,0,8
B2,Baja demanda con furgonetas,,80,9,1.360678417241948,0.6295070120292958,692128.7316805545,3650000.0,2957871.2683194457,0.0,214.47598309384364,0,8
B2,Baja demanda con furgonetas,,90,0,1.562526592104407,0.5605777703934259,723412.271391358,4100000.0,3376587.728608642,0.0,253.58040773234808,0,9
B2,Baja demanda con furgonetas,,90,9,1.519634253394379,0.5578900793739322,739918.446258141,4300000.0,3560081.5537418593,0.0,274.2131263158269,0,9
B2,Baja demanda con furgonetas,,100,6,1.470508460704072,0.5061855165005835,751806.8285242469,4400000.0,3648193.171475753,0.0,289.07360414845925,0,10
B2,Baja demanda con furgonetas,,80,3,1.547319946510414,0.5956072354823735,716246.2277703439,3600000.0,2883753.772229656,0.0,244.6228532060805,0,8
B2,Baja demanda con furgonetas,,70,9,1.4601828229687221,0.7157772494023653,668065.0865710754,3300000.0,2631934.9134289245,0.0,184.39642670699493,0,7
B2,Baja demanda con furgonetas,,60,8,1.9660969971779247,0.7513173710688236,665998.2224219281,2700000.0,2034001.777578072,0.0,181.8128465205607,0,6
B2,Baja demanda con furgonetas,,80,3,1.5800692516210746,0.5618802267094615,713709.0433076011,3400000.0,2686290.956692399,0.0,241.45137262765212,0,8
B2,Baja demanda con furgonetas,,100,5,1.416279413433895,0.4599284573793648,762429.4187613305,4100000.0,3337570.5812386693,0.0,302.351841944814,0,10
B2,Baja demanda con furgonetas,,90,0,1.4909287244135845,0.4792083672077547,730010.9342156776,3950000.0,3219989.0657843226,0.0,261.82873626274767,0,9
B2,Baja demanda con furgonetas,,80,2,1.5809769296704583,0.6087797047491946,712722.2052079601,3600000.0,2887277.79479204,0.0,240.2178250031007,0,8
B2,Baja demanda con furgonetas,,90,6,1.7383390852957796,0.6016213422402905,739017.2852462103,3750000.0,3010982.71475379,0.0,273.08667505091336,0,9
B2,Baja demanda con furgonetas,,90,1,1.4605408906281823,0.5031131550301358,725518.5125730976,4000000.0,3274481.487426902,0.0,256.2132092095227,0,9
B2,Baja demanda con furgonetas,,90,9,1.2773675938569182,0.5189169762089089,736621.0658252115,4100000.0,3363378.9341747887,0.0,270.091400774665,0,9
B2,Baja demanda con furgonetas,,80,4,1.7382146626318715,0.6337711285128617,725525.5796319902,3250000.0,2524474.4203680097,0.0,256.2220430331382,0,8
B2,Baja demanda con furgonetas,,70,2,1.5169269428884475,0.6509575967287603,682849.9455492815,3050000.0,2367150.0544507187,0.0,202.87750042975273,0,7
B2,Baja demanda con furgonetas,,100,10,1.410791812832719,0.5622624500502108,744087.0372481406,4400000.0,3655912.9627518593,0.0,279.4238650533265,0,10
B2,Baja demanda con furgonetas,,90,3,1.341672091935789,0.6187273592432996,713842.6976899735,3950000.0,3236157.3023100263,0.0,241.61844060561774,0,9
B2,Baja demanda con furgonetas,,80,6,1.7850134879277892,0.6553017868075552,714229.3682744874,3500000.0,2785770.6317255124,0.0,242.10177883626014,0,8
B2,Baja demanda con furgonetas,,80,4,1.5805329263914132,0.5911789771129088,706167.4125341269,3750000.0,3043832.587465873,0.0,232.02433416080947,0,8
B2,Baja demanda con furgonetas,,70,4,1.479903777830694,0.6797314079885527,670536.1744074669,3350000.0,2679463.825592533,0.0,187.48528650248423,0,7
B2,Baja demanda con furgonetas,,80,0,1.5611643569062565,0.6130739744394088,698309.0325918047,3800000.0,3101690.967408195,0.0,222.2013592329065,0,8
B2,Baja demanda con furgonetas,,80,3,1.2220476339074073,0.5765318354349462,695570.1103276649,3650000.0,2954429.8896723352,0.0,218.77770640273175,0,8
B2,Baja demanda con furgonetas,,90,7,1.470541148660174,0.5786334844852875,729315.790391398,3800000.0,3070684.209608602,0.0,260.95980648239816,0,9
B2,Baja demanda con furgonetas,,90,3,1.5179969862008063,0.6246401310591024,720261.2988254555,4100000.0,3379738.7011745446,0.0,249.64169202497013,0,9
B2,Baja demanda con furgonetas,,80,1,1.7458841390668716,0.6820522391062456,709114.7400023878,3550000.0,2840885.2599976123,0.0,235.70849349613547,0,8
B2,Baja demanda con furgonetas,,90,7,1.31818032929581,0.5961085200900623,703499.9611928315,4000000.0,3296500.0388071686,0.0,228.69001998419026,0,9
B2,Baja demanda con furgonetas,,80,5,1.6128884808725783,0.660162496449316,713494.1312177288,3800000.0,3086505.868782271,0.0,241.18273251531159,0,8
B2,Baja demanda con furgonetas,,90,9,1.550574800570877,0.5446866674952449,734358.2533153526,4050000.0,3315641.746684647,0.0,267.2628851373414,0,9
B2,Baja demanda con furgonetas,,80,1,1.4620536907994377,0.5425914969391037,699601.6343280412,3550000.0,2850398.365671959,0.0,223.81711140320226,0,8
B2,Baja demanda con furgonetas,,70,7,1.7427275736171437,0.6939851714345237,672255.6577576264,3050000.0,2377744.3422423736,0.0,189.6346406901837,0,7
B2,Baja demanda con furgonetas,,90,1,1.406852777473424,0.5291587174268965,732543.7173469086,3900000.0,3167456.2826530915,0.0,264.9947151767864,0,9
B2,Baja demanda con furgonetas,,90,9,1.5395177302523775,0.5422531686347739,735900.2734207517,4050000.0,3314099.7265792484,0.0,269.19041026909014,0,9
B2,Baja demanda con furgonetas,,90,6,1.6496211157330694,0.617716156664247,724546.5319555622,4350000.0,3625453.468044438,0.0,254.9982334376035,0,9
B2,Baja demanda con furgonetas,,70,9,1.4959710383782052,0.7141825555031794,682365.6863179542,3300000.0,2617634.313682046,0.0,202.27217639059364,0,7
B2,Baja demanda con furgonetas,,80,3,1.5131568641085873,0.5651310536023074,710516.6839420293,3800000.0,3089483.3160579707,0.0,237.4609234206873,0,8
B2,Baja demanda con furgonetas,,90,0,1.4431216158299953,0.5496041278695437,713801.1506847272,4050000.0,3336198.8493152726,0.0,241.56650684905952,0,9
B2,Baja demanda con furgonetas,,100,7,1.4195587421171525,0.5323385754368144,735331.6518678608,4250000.0,3514668.348132139,0.0,268.47963332797667,0,10
B2,Baja demanda con furgonetas,,80,2,1.3523002402970974,0.6323026722263635,696434.9745793241,3450000.0,2753565.025420676,0.0,219.8587867173057,0,8
B2,Baja demanda con furgonetas,,90,6,1.4125610359442113,0.5524978090109054,732517.5722516703,3750000.0,3017482.42774833,0.0,264.9620338077384,0,9
B2,Baja demanda con furgonetas,,100,8,1.4277023591612976,0.49273432592381866,746447.7268516786,4550000.0,3803552.2731483215,0.0,282.37472705774894,0,10
B2,Baja demanda con furgonetas,,90,10,1.4912701643801685,0.5679461758041863,723475.4490015248,3950000.0,3226524.5509984754,0.0,253.6593797450568,0,9
B2,Baja demanda con furgonetas,,90,2,1.2792732649067209,0.5591527571653724,705816.7971743984,3950000.0,3244183.2028256017,0.0,231.58606496114908,0,9
B2,Baja demanda con furgonetas,,90,7,1.4304437794616427,0.5043062552845472,725230.9711808716,4400000.0,3674769.0288191284,0.0,255.8537824692402,0,9
B2,Baja demanda con furgonetas,,90,9,1.5029907364758057,0.5367240649496476,718429.073319645,4300000.0,3581570.926680355,0.0,247.35141014270667,0,9
B2,Baja demanda con furgonetas,,80,5,1.3312244646917382,0.5548265868624329,691716.4031789656,3500000.0,2808283.5968210343,0.0,213.96057246685746,0,8
B2,Baja demanda con furgonetas,,80,7,1.3263446949076045,0.5546118788255504,696244.1270960453,3800000.0,3103755.8729039547,0.0,219.62022736320714,0,8
B2,Baja demanda con furgonetas,,100,7,1.3869626140980875,0.4464845792118601,750123.3988519424,4750000.0,3999876.6011480577,0.0,286.96931705807845,0,10
B2,Baja demanda con furgonetas,,80,2,1.4564836764034224,0.6041716170335332,706260.620699385,3500000.0,2793739.379300615,0.0,232.1408443673817,0,8
B2,Baja demanda con furgonetas,,80,7,1.331160990519193,0.6109867241865151,690766.0629704288,3950000.0,3259233.9370295713,0.0,212.77264720618672,0,8
B2,Baja demanda con furgonetas,,100,1,1.5421490118588803,0.587563409429586,763788.6333506164,4400000.0,3636211.3666493837,0.0,304.05086018142134,0,10
B2,Baja demanda con furgonetas,,90,2,1.4042247850963778,0.5273969077681768,727708.8641093621,3850000.0,3122291.135890638,0.0,258.95114862985326,0,9
B2,Baja demanda con furgonetas,,70,6,1.9563415317794142,0.7018048616559348,697108.1939987332,3100000.0,2402891.806001267,0.0,220.70031099156725,0,7
B2,Baja demanda con furgonetas,,90,4,1.4867076799509638,0.5534114244127238,723016.6820395039,4100000.0,3376983.317960496,0.0,253.08592104253086,0,9
B2,Baja demanda con furgonetas,,80,4,1.612536655549431,0.6397765965981748,704453.4528220372,3850000.0,3145546.547177963,0.0,229.881884520697,0,8
B2,Baja demanda con furgonetas,,90,3,1.496795272128503,0.5152335612232982,745040.0551996934,4500000.0,3754959.9448003066,0.0,280.61513749276753,0,9
B2,Baja demanda con furgonetas,,70,0,1.5101327787776693,0.6342132581431927,676740.3368095187,3300000.0,2623259.6631904813,0.0,195.2404895050492,0,7
B2,Baja demanda con furgonetas,,80,10,1.6241693814644282,0.6048091345915115,702169.5951090932,3600000.0,2897830.404890907,0.0,227.02706237951745,0,8
B2,Baja demanda con furgonetas,,80,3,1.578774288664392,0.6772836023019001,707405.9535395923,3800000.0,3092594.046460408,0.0,233.5725104176412,0,8
B2,Baja demanda con furgonetas,,80,8,1.6153426394713435,0.6737109213833045,705979.6756996833,3700000.0,2994020.3243003166,0.0,231.78966311775474,0,8
B2,Baja demanda con furgonetas,,70,0,1.7806970071705654,0.7408825480106022,700539.0980373833,3150000.0,2449460.9019626165,0.0,224.98894103987985,0,7
B2,Baja demanda con furgonetas,,80,9,1.5135687087901488,0.4700706733993159,694145.8288895213,3450000.0,2755854.1711104787,0.0,216.99735460505238,0,8
B2,Baja demanda con furgonetas,,80,8,1.5404271094756072,0.6073050195703766,713740.2860143848,3400000.0,2686259.7139856154,0.0,241.4904260111318,0,8
B2,Baja demanda con furgonetas,,100,2,1.5027830494672003,0.4709407622621129,754413.8499877695,4700000.0,3945586.1500122305,0.0,292.33238097786233,0,10
B2,Baja demanda con furgonetas,,90,2,1.2541713019926055,0.5217709439345504,709313.5566676363,3900000.0,3190686.443332364,0.0,235.957014327696,0,9
B2,Baja demanda con furgonetas,,80,4,1.3858203524376038,0.5501146701353503,698824.3062580794,3750000.0,3051175.6937419204,0.0,222.84545131575013,0,8
B2,Baja demanda con furgonetas,,80,4,1.5373651941831645,0.6512807624394215,705354.821970589,3550000.0,2844645.178029411,0.0,231.0085959563868,0,8
B2,Baja demanda con furgonetas,,90,6,1.718668985804501,0.599227109703366,744298.7347881633,4250000.0,3505701.2652118364,0.0,279.6884869783547,0,9
B2,Baja demanda con furgonetas,,90,5,1.454652250606769,0.547395102652314,718486.1306284941,4350000.0,3631513.869371506,0.0,247.4227317787685,0,9
B2,Baja demanda con furgonetas,,70,7,1.4693658777536782,0.6717598343831251,677268.7950688301,3200000.0,2522731.2049311697,0.0,195.90106232918856,0,7
B2,Baja demanda con furgonetas,,80,7,1.4729913100378595,0.5867379842333135,689663.769900848,3900000.0,3210336.230099152,0.0,211.39478086921105,0,8
B2,Baja demanda con furgonetas,,80,9,1.4159412908311175,0.5681157895923901,709021.8839841106,3600000.0,2890978.1160158897,0.0,235.59242347328873,0,8
B2,Baja demanda con furgonetas,,90,8,1.5422004557116815,0.5734980215753649,730556.4189650281,3950000.0,3219443.581034972,0.0,262.51059219943613,0,9
B2,Baja demanda con furgonetas,,80,7,1.8335753669067287,0.680953689007548,705159.6520082138,3500000.0,2794840.347991786,0.0,230.76463350341808,0,8
B2,Baja demanda con furgonetas,,80,8,1.619209364737344,0.5603871201854248,709192.7600099874,3850000.0,3140807.2399900127,0.0,235.8060185056348,0,8
B2,Baja demanda con furgonetas,,80,1,1.646298413500677,0.519472173598163,715980.9701975001,3750000.0,3034019.0298025,0.0,244.29128124002597,0,8
B2,Baja demanda con furgonetas,,80,7,1.5235321353277425,0.6796225157988507,704443.8250712254,3950000.0,3245556.1749287746,0.0,229.86984983218238,0,8
B2,Baja demanda con furgonetas,,90,0,1.5009144074235816,0.5224797474993831,722448.2170949617,3700000.0,2977551.7829050384,0.0,252.37533986185292,0,9
B2,Baja demanda con furgonetas,,90,9,1.588078609575876,0.544531245646989,741881.0905165988,3850000.0,3108118.909483401,0.0,276.6664316388992,0,9
B2,Baja demanda con furgonetas,,90,8,1.4338173405221772,0.566560317071297,722698.8991658655,4200000.0,3477301.1008341345,0.0,252.68869245048282,0,9
B2,Baja demanda con furgonetas,,80,6,1.5930892421483205,0.6198953126439932,718537.5276598214,3300000.0,2581462.4723401787,0.0,247.4869780679274,0,8
B2,Baja demanda con furgonetas,,80,3,1.4535032748523553,0.6471196629794294,701826.2572296502,3450000.0,2748173.7427703496,0.0,226.5978900302133,0,8
B2,Baja demanda con furgonetas,,100,5,1.2365176492918926,0.4324418026643198,733359.9564565481,4600000.0,3866640.043543452,0.0,266.0150140638359,0,10
B2,Baja demanda con furgonetas,,100,2,1.6660227649384223,0.4635501808477906,740127.443433384,4450000.0,3709872.556566616,0.0,274.47437278488064,0,10
B2,Baja demanda con furgonetas,,90,3,1.3363224000167406,0.5794760902734282,722965.8855634725,4250000.0,3527034.1144365277,0.0,253.0224254474913,0,9
B2,Baja demanda con furgonetas,,70,5,1.377854282987821,0.5680540826304231,676831.5134994423,2800000.0,2123168.4865005575,0.0,195.35446036745364,0,7
B2,Baja demanda con furgonetas,,80,1,1.5125624621847422,0.5988698093583962,702164.1494504041,3450000.0,2747835.850549596,0.0,227.02025530615586,0,8
B2,Baja demanda con furgonetas,,80,3,1.7083307099942435,0.621674922416315,713949.478421862,4000000.0,3286050.5215781378,0.0,241.7519165204783,0,8
B2,Baja demanda con furgonetas,,110,4,1.408274449126588,0.461599679962589,766953.6129382082,4900000.0,4133046.387061792,0.0,308.00708466591067,0,11
B2,Baja demanda con furgonetas,,90,5,1.3967523211592485,0.5445551686936588,729395.5278007848,3650000.0,2920604.472199215,0.0,261.0594782441318,0,9
B2,Baja demanda con furgonetas,,70,5,1.4672083227059567,0.7115431804874432,672899.6348363927,3100000.0,2427100.3651636075,0.0,190.4396120386417,0,7
B2,Baja demanda con furgonetas,,80,0,1.791737747904402,0.7624537184389151,718608.3852900648,4050000.0,3331391.614709935,0.0,247.57555010573157,0,8
B2,Baja demanda con furgonetas,,90,8,1.6043701231818355,0.5198294945610726,737022.7208394824,3750000.0,3012977.2791605177,0.0,270.5934695425039,0,9
B2,Baja demanda con furgonetas,,100,10,1.4690466516192138,0.45366499535929244,751537.0408858114,4950000.0,4198462.959114188,0.0,288.73636960041495,0,10
B2,Baja demanda con furgonetas,,80,3,1.5196759624284415,0.5736041806028062,701315.1324256961,3950000.0,3248684.867574304,0.0,225.95898402527098,0,8
B2,Baja demanda con furgonetas,,90,3,1.5142058516132402,0.5322627303455637,727132.4551587593,4300000.0,3572867.5448412406,0.0,258.2306374415996,0,9
B2,Baja demanda con furgonetas,,60,4,1.6143474796957484,0.7295540601253113,660442.8755815818,2750000.0,2089557.1244184182,0.0,174.8686629701278,0,6
B2,Baja demanda con furgonetas,,70,0,1.7475336121179974,0.7770755570872235,676559.7289663072,3150000.0,2473440.2710336926,0.0,195.01472970103492,0,7
B2,Baja demanda con furgonetas,,80,6,1.3727349711061518,0.5526853055215765,689643.8891369414,3850000.0,3160356.110863059,0.0,211.3699299143274,0,8
B2,Baja demanda con furgonetas,,100,0,1.3419462617755986,0.5189487197689399,742502.3244533507,4100000.0,3357497.6755466494,0.0,277.442974059839,0,10
B2,Baja demanda con furgonetas,,80,7,1.4798719040348245,0.6157607024837811,697448.9950521013,3700000.0,3002551.004947899,0.0,221.12631230827745,0,8
B2,Baja demanda con furgonetas,,90,3,1.5554520665981886,0.6234584580291715,715843.1639489771,3650000.0,2934156.8360510226,0.0,244.11902342937205,0,9
B2,Baja demanda con furgonetas,,110,4,1.3934934048958512,0.5353368161436539,769012.6474672364,5300000.0,4530987.352532764,0.0,310.580877827196,0,11
B2,Baja demanda con furgonetas,,90,4,1.5775710597190662,0.4664801919519286,739144.2441098653,3950000.0,3210855.7558901347,0.0,273.24537363048256,0,9
B2,Baja demanda con furgonetas,,70,8,1.5595749660847453,0.7529210434113417,672526.2306413371,3200000.0,2527473.769358663,0.0,189.97285679482198,0,7
B2,Baja demanda con furgonetas,,90,2,1.6769483278517971,0.5533755852448269,735290.6885537851,4150000.0,3414709.311446215,0.0,268.428429185382,0,9
B2,Baja demanda con furgonetas,,70,6,1.5133932911615815,0.6858736650732429,675550.3078682838,2850000.0,2174449.6921317163,0.0,193.75295332850547,0,7
B2,Baja demanda con furgonetas,,80,0,1.540370736605865,0.5774720540954246,718277.5801382054,3250000.0,2531722.4198617944,0.0,247.16204366590728,0,8
B2,Baja demanda con furgonetas,,110,10,1.3461864042266445,0.46907530515308693,771894.2915739333,5200000.0,4428105.708426067,0.0,314.18293296056754,0,11
B2,Baja demanda con furgonetas,,80,2,1.5599993195613129,0.5347083255449563,710074.6184633449,3750000.0,3039925.381536655,0.0,236.90834157233195,0,8
B2,Baja demanda con furgonetas,,80,6,1.413737005482901,0.5525813572209292,698709.8748979976,3950000.0,3251290.125102002,0.0,222.7024121156477,0,8
B2,Baja demanda con furgonetas,,90,5,1.4166685823759457,0.5646980742125305,718918.0391968257,3800000.0,3081081.9608031744,0.0,247.96261748918297,0,9
B2,Baja demanda con furgonetas,,80,2,1.5648611562321846,0.555913061952831,698332.2529000252,3850000.0,3151667.7470999747,0.0,222.23038461818243,0,8
B2,Baja demanda con furgonetas,,90,5,1.7386575438469356,0.5464975361036501,739697.4892178853,4100000.0,3360302.5107821147,0.0,273.9369300155074,0,9
B2,Baja demanda con furgonetas,,80,7,1.4486927536092407,0.6706740585015,685424.108287873,3400000.0,2714575.8917121273,0.0,206.0952038529918,0,8
B2,Baja demanda con furgonetas,,90,0,1.484693769303025,0.49409582939025637,745222.0075227551,3650000.0,2904777.9924772447,0.0,280.8425778965943,0,9
B2,Baja demanda con furgonetas,,80,7,1.6726522439009053,0.6220631200334765,710652.9709981114,3400000.0,2689347.029001889,0.0,237.63128224078983,0,8
B2,Baja demanda con furgonetas,,110,6,1.383027264186582,0.4905242696474354,771337.0122060761,4850000.0,4078662.987793924,0.0,313.4863337507458,0,11
B2,Baja demanda con furgonetas,,80,0,1.6831776788199015,0.6635732872304797,699821.3281089008,3450000.0,2750178.6718910993,0.0,224.09172862927645,0,8
B2,Baja demanda con furgonetas,,80,1,1.517158871038787,0.5696225103554371,691425.7146788216,4000000.0,3308574.2853211784,0.0,213.5972118416776,0,8
B2,Baja demanda con furgonetas,,80,4,1.4280438811043128,0.5301683553078821,710520.6272752753,3500000.0,2789479.372724725,0.0,237.46585258724477,0,8
B2,Baja demanda con furgonetas,,70,4,1.6908150462687872,0.6868386783626972,683201.0496372513,3450000.0,2766798.9503627485,0.0,203.31638053971494,0,7
B2,Baja demanda con furgonetas,,90,1,1.4185032063215801,0.5362606049038933,723530.9236763684,4100000.0,3376469.0763236317,0.0,253.72872308861116,0,9
B2,Baja demanda con furgonetas,,80,1,1.4693794511189129,0.6278035383454741,706486.0115589192,3600000.0,2893513.988441081,0.0,232.42258294179965,0,8
B2,Baja demanda con furgonetas,,90,8,1.4657784643059226,0.504876390130713,733423.7069638129,4150000.0,3416576.293036187,0.0,266.0947021979167,0,9
B2,Baja demanda con furgonetas,,90,7,1.4899668034275904,0.5014575790921703,741251.7470749693,3900000.0,3158748.252925031,0.0,275.87975233686234,0,9
B2,Baja demanda con furgonetas,,70,2,1.6609742675782744,0.6413508311422185,688046.698610076,3200000.0,2511953.3013899243,0.0,209.3734417557457,0,7
B2,Baja demanda con furgonetas,,70,5,1.4306678581648762,0.5894213528773314,679294.7936229444,3250000.0,2570705.2063770555,0.0,198.43356052183105,0,7
B2,Baja demanda con furgonetas,,80,2,1.4524882777139467,0.705136918563151,680140.802738163,3600000.0,2919859.197261837,0.0,199.4910719158545,0,8
B2,Baja demanda con furgonetas,,80,3,1.64451884501733,0.5290728173513117,718454.5696552795,3750000.0,3031545.4303447204,0.0,247.3832805622501,0,8
B2,Baja demanda con furgonetas,,90,9,1.4138554037362103,0.5475311760358229,712538.5729465332,4100000.0,3387461.427053467,0.0,239.9882846763172,0,9
B2,Baja demanda con furgonetas,,80,7,1.5198660085198328,0.6068312083039732,690086.0051511728,3650000.0,2959913.9948488274,0.0,211.92257493211676,0,8
B2,Baja demanda con furgonetas,,90,7,1.4919037068153782,0.5408021776221397,716278.7949891076,4100000.0,3383721.2050108924,0.0,244.66356222953516,0,9
B2,Baja demanda con furgonetas,,80,7,1.4667736135329783,0.6517797402895099,703448.3082875791,3650000.0,2946551.691712421,0.0,228.6254538526247,0,8
B2,Baja demanda con furgonetas,,80,7,1.5997265416203992,0.6793773823786184,701499.5388421207,4050000.0,3348500.4611578793,0.0,226.1894920458016,0,8
B2,Baja demanda con furgonetas,,70,7,1.606574124190635,0.6783897340446431,686979.4281231374,3450000.0,2763020.5718768626,0.0,208.03935364707235,0,7
B2,Baja demanda con furgonetas,,100,1,1.3431742492032024,0.4994920207745664,745324.2609653012,4600000.0,3854675.739034699,0.0,280.9703946997772,0,10
B2,Baja demanda con furgonetas,,80,5,1.7181235722391386,0.7041628268347588,704343.5162415872,3700000.0,2995656.483758413,0.0,229.74446379513464,0,8
B2,Baja demanda con furgonetas,,80,8,1.4921827610429816,0.5589910460731711,707431.9754254678,3800000.0,3092568.024574532,0.0,233.6050377749854,0,8
B2,Baja demanda con furgonetas,,90,0,1.3491639518486296,0.5068501706669147,739272.0328887568,3600000.0,2860727.967111243,0.0,273.4051096040967,0,9
B2,Baja demanda con furgonetas,,90,8,1.4330019555073612,0.5059965495454326,733429.4176290102,4350000.0,3616570.58237099,0.0,266.1018405294134,0,9
B2,Baja demanda con furgonetas,,70,1,1.710971283433871,0.7415189986973686,691743.8733208333,3650000.0,2958256.1266791667,0.0,213.99491014419232,0,7
B2,Baja demanda con furgonetas,,90,0,1.4516882352251776,0.4989250825429598,720064.8744791828,4400000.0,3679935.125520817,0.0,249.39616159212923,0,9
B2,Baja demanda con furgonetas,,100,11,1.511828949292915,0.4305798253228214,757626.414648163,4200000.0,3442373.585351837,0.0,296.34808680335436,0,10
B2,Baja demanda con furgonetas,,90,2,1.235984464748611,0.4689629681219336,700957.1156092582,3950000.0,3249042.8843907416,0.0,225.51146300472345,0,9
B2,Baja demanda con furgonetas,,60,7,1.7738060335990389,0.8238091891100227,651609.9696087859,2850000.0,2198390.030391214,0.0,163.82753050413302,0,6
B2,Baja demanda con furgonetas,,90,3,1.4232184719320973,0.5386655556168307,713407.4130345423,4350000.0,3636592.5869654575,0.0,241.07433478632862,0,9
B2,Baja demanda con furgonetas,,100,5,1.6484974044570533,0.6122161293075599,757305.4420992833,4550000.0,3792694.5579007166,0.0,295.9468711172549,0,10
B2,Baja demanda con furgonetas,,90,9,1.3707452503985753,0.5754810734143672,719887.3515787572,4000000.0,3280112.648421243,0.0,249.17425796659717,0,9
B2,Baja demanda con furgonetas,,100,4,1.4713630172979588,0.43483067369051687,759452.2823573551,4300000.0,3540547.717642645,0.0,298.63042143984455,0,10
B2,Baja demanda con furgonetas,,90,2,1.5778383971597072,0.4995968479839132,740928.7335036737,3900000.0,3159071.2664963263,0.0,275.47598537274274,0,9
B2,Baja demanda con furgonetas,,80,5,1.5825550296785575,0.6821098110561575,695811.7912780772,3350000.0,2654188.2087219227,0.0,219.07980759074712,0,8
B2,Baja demanda con furgonetas,,90,4,1.4965720228326778,0.5761992609758037,735079.8221698657,3900000.0,3164920.1778301345,0.0,268.16484620548295,0,9
B2,Baja demanda con furgonetas,,80,5,1.6055035275625287,0.576588506307446,712977.7377000479,3650000.0,2937022.262299952,0.0,240.5372406182106,0,8
B2,Baja demanda con furgonetas,,70,11,1.3771684855777018,0.590418229653523,683411.8276659844,3100000.0,2416588.1723340154,0.0,203.57985307563115,0,7
B2,Baja demanda con furgonetas,,70,7,1.7392005553404712,0.6754554058173867,692986.5046246694,3250000.0,2557013.4953753306,0.0,215.54819927398762,0,7
B2,Baja demanda con furgonetas,,80,2,1.4550164137395616,0.5566244639448986,705803.8185749295,3650000.0,2944196.1814250704,0.0,231.56984171181253,0,8
B2,Baja demanda con furgonetas,,70,8,1.3240262963116551,0.6604548491459271,669545.5320429209,3250000.0,2580454.467957079,0.0,186.24698354680174,0,7
B2,Baja demanda con furgonetas,,80,7,1.4074749200396628,0.6767461092461936,684047.6099201456,3850000.0,3165952.3900798545,0.0,204.3745808933326,0,8
B2,Baja demanda con furgonetas,,80,5,1.4655035483375813,0.5824069654720875,700944.617624934,3450000.0,2749055.382375066,0.0,225.495840524318,0,8
B2,Baja demanda con furgonetas,,80,6,1.3802194355564974,0.6109320886121018,697015.4897426156,3700000.0,3002984.5102573843,0.0,220.5844306714202,0,8
B2,Baja demanda con furgonetas,,90,3,1.447784854752901,0.5949583188195133,737459.7820080628,4000000.0,3262540.217991937,0.0,271.13979600322915,0,9
B2,Baja demanda con furgonetas,,70,2,1.575369818661982,0.7235488747283138,680380.4062911546,3150000.0,2469619.5937088453,0.0,199.7905763570937,0,7
B2,Baja demanda con furgonetas,,90,2,1.5273355409823384,0.5599729559100227,725399.1782290484,4200000.0,3474600.8217709516,0.0,256.06404127946126,0,9
B2,Baja demanda con furgonetas,,80,1,1.3853706563993013,0.5959112898728565,690429.3263165683,3450000.0,2759570.673683432,0.0,212.35172638886104,0,8
B2,Baja demanda con furgonetas,,80,8,1.4368704097521425,0.59783448633752,698416.2777281576,3650000.0,2951583.7222718424,0.0,222.33541565334767,0,8
B2,Baja demanda con furgonetas,,70,5,1.6447617893937638,0.7040479207772362,681800.7417176833,3350000.0,2668199.258282317,0.0,201.56599564025476,0,7
B2,Baja demanda con furgonetas,,80,5,1.5740361022981018,0.5665018170253547,682591.4892232328,3550000.0,2867408.510776767,0.0,202.55443002219153,0,8
B2,Baja demanda con furgonetas,,110,6,1.1558302175845903,0.44449972978651187,757514.7684987301,5100000.0,4342485.23150127,0.0,296.20852911656345,0,11
B2,Baja demanda con furgonetas,,80,2,1.367592314737073,0.4880104942845776,721555.2408685371,3450000.0,2728444.759131463,0.0,251.2591195788222,0,8
B2,Baja demanda con furgonetas,,90,4,1.2617774338191423,0.5247517134459133,722053.4482326421,3950000.0,3227946.5517673576,0.0,251.88187878395328,0,9
B2,Baja demanda con furgonetas,,100,7,1.3604619574327257,0.500682224438654,733714.1211131314,4650000.0,3916285.8788868687,0.0,266.45771988456494,0,10
B2,Baja demanda con furgonetas,,80,8,1.6117647757543554,0.7593012444793463,690321.1065108232,3500000.0,2809678.893489177,0.0,212.21645163167992,0,8
B2,Baja demanda con furgonetas,,80,4,1.4633652183983945,0.562653035612361,697045.1608091478,3900000.0,3202954.8391908524,0.0,220.62151950458522,0,8
B2,Baja demanda con furgonetas,,90,9,1.7219161090886037,0.5285064650790032,737038.8288050079,4350000.0,3612961.171194992,0.0,270.6136044994106,0,9
B2,Baja demanda con furgonetas,,80,2,1.490098266026317,0.5672542304481796,704812.9773058743,3700000.0,2995187.022694126,0.0,230.3312901254937,0,8
B2,Baja demanda con furgonetas,,80,5,1.41918003332004,0.5333315824423132,715615.5625782398,3600000.0,2884384.43742176,0.0,243.8345217159504,0,8
B2,Baja demanda con furgonetas,,90,8,1.4745890808552202,0.5288280708099771,731709.1185531021,3950000.0,3218290.881446898,0.0,263.95146668452844,0,9
B2,Baja demanda con furgonetas,,90,5,1.3433066871549977,0.5329659139403973,719370.3999620881,3950000.0,3230629.600037912,0.0,248.52806844576054,0,9
B2,Baja demanda con furgonetas,,80,1,1.6254738860206612,0.6660015524832519,711553.1625120766,3450000.0,2738446.8374879234,0.0,238.75652163324628,0,8
B2,Baja demanda con furgonetas,,80,4,1.6465071771255733,0.563789600177998,732573.2651697822,3850000.0,3117426.734830218,0.0,265.03164995537867,0,8
B2,Baja demanda con furgonetas,,90,7,1.6809836125837938,0.6055954418021462,729131.3024733827,4000000.0,3270868.6975266174,0.0,260.72919658487916,0,9
B2,Baja demanda con furgonetas,,80,9,1.431261418770613,0.49097688873541445,710760.8328815579,3500000.0,2789239.1671184422,0.0,237.76610959509807,0,8
B2,Baja demanda con furgonetas,,100,3,1.637849762712143,0.5611078988010643,768871.1262372754,4200000.0,3431128.8737627245,0.0,310.403976289745,0,10
B2,Baja demanda con furgonetas,,100,4,1.3929243498967918,0.5143540684856248,736683.7560531985,4800000.0,4063316.2439468014,0.0,270.1697635596489,0,10
B2,Baja demanda con furgonetas,,90,5,1.5468707078110788,0.48302720264555815,716933.9809292493,4300000.0,3583066.0190707506,0.0,245.48254465471211,0,9
B2,Baja demanda con furgonetas,,90,3,1.1663355532453556,0.4999383616321074,709369.1150511869,4200000.0,3490630.8849488134,0.0,236.02646230713412,0,9
B2,Baja demanda con furgonetas,,70,4,1.536916375502788,0.662389736446472,676736.9004135438,3100000.0,2423263.099586456,0.0,195.2361940100805,0,7
B2,Baja demanda con furgonetas,,80,4,1.4673226795288663,0.6102846156112443,689851.2208800471,3750000.0,3060148.779119953,0.0,211.6290945932093,0,8
B2,Baja demanda con furgonetas,,110,1,1.4614261219753717,0.4943055815174939,757001.2509394259,4900000.0,4142998.749060574,0.0,295.5666321674331,0,11
B2,Baja demanda con furgonetas,,90,1,1.5723806242437843,0.569000981593265,723287.1070373837,4150000.0,3426712.8929626164,0.0,253.42395228988048,0,9
B2,Baja demanda con furgonetas,,90,7,1.5177490380038146,0.550681117266255,742321.9603527517,4300000.0,3557678.0396472486,0.0,277.2175189340902,0,9
B2,Baja demanda con furgonetas,,60,4,1.7170294578765366,0.7825202446210751,647339.6855189387,2800000.0,2152660.3144810614,0.0,158.48967539182388,0,6
B2,Baja demanda con furgonetas,,90,5,1.4742362295273634,0.5002332907709933,741106.6250359177,4350000.0,3608893.374964082,0.0,275.6983497880479,0,9
B2,Baja demanda con furgonetas,,80,10,1.5435900121679254,0.6114188317817149,704282.4121518863,3300000.0,2595717.587848114,0.0,229.6680836830085,0,8
B2,Baja demanda con furgonetas,,80,0,1.308675468134618,0.5480533839313835,690661.2461599201,3600000.0,2909338.75384008,0.0,212.6416261930506,0,8
B2,Baja demanda con furgonetas,,70,6,1.6988399810983181,0.6785550630244466,670238.9983052156,3200000.0,2529761.0016947845,0.0,187.1138163746703,0,7
B2,Baja demanda con furgonetas,,80,4,1.5175094740025235,0.5629185520999351,713245.9780438184,3550000.0,2836754.0219561816,0.0,240.87254104792353,0,8
B2,Baja demanda con furgonetas,,100,5,1.367567606546259,0.5163381843341549,756174.6837836002,4900000.0,4143825.3162164,0.0,294.5334232226508,0,10
B2,Baja demanda con furgonetas,,80,2,1.3670377604959723,0.563896999482498,701011.246871444,3900000.0,3198988.753128556,0.0,225.57912708245578,0,8
B2,Baja demanda con furgonetas,,80,2,1.5474567400004295,0.6162876870806626,700831.8176879714,3650000.0,2949168.1823120285,0.0,225.35484060311506,0,8
B2,Baja demanda con furgonetas,,100,5,1.7444383442980387,0.6003478784272456,751599.0652294363,4450000.0,3698400.9347705636,0.0,288.8139000299461,0,10
B2,Baja demanda con furgonetas,,100,6,1.4326344635877755,0.5225337187531306,749041.262222487,4800000.0,4050958.737777513,0.0,285.6166462712595,0,10
B2,Baja demanda con furgonetas,,70,5,1.5621761181764977,0.6770254135571603,667774.8072025572,3150000.0,2482225.192797443,0.0,184.0335774963472,0,7
B2,Baja demanda con furgonetas,,80,4,1.6032133431067295,0.6186595349537505,688324.5214235075,3850000.0,3161675.4785764925,0.0,209.72072027253498,0,8
B2,Baja demanda con furgonetas,,70,7,1.5485392425014979,0.6474015875922426,684051.1215425517,3100000.0,2415948.8784574484,0.0,204.3789704213404,0,7
B2,Baja demanda con furgonetas,,80,5,1.580208436692807,0.5702202566015477,712159.3563189718,3550000.0,2837840.643681028,0.0,239.5142638918656,0,8
B2,Baja demanda con furgonetas,,80,8,1.4530323874890083,0.4992025857737552,707374.6016225836,3700000.0,2992625.3983774167,0.0,233.5333205213801,0,8
B2,Baja demanda con furgonetas,,70,10,1.5595140317044536,0.6202022665499647,681575.2471105693,3100000.0,2418424.7528894306,0.0,201.28412738136234,0,7
B2,Baja demanda con furgonetas,,80,4,1.517721314150639,0.6015346675901764,708133.9024170229,3700000.0,2991866.0975829773,0.0,234.48244651442934,0,8
B2,Baja demanda con furgonetas,,90,9,1.7258082331107754,0.5273006249593177,737949.7011492111,4100000.0,3362050.2988507887,0.0,271.7521949296648,0,9
B2,Baja demanda con furgonetas,,90,8,1.3327791547364651,0.4644529845431309,746089.8079685816,4100000.0,3353910.1920314184,0.0,281.9273284538775,0,9
B2,Baja demanda con furgonetas,,90,1,1.4396424331344873,0.5014392084774563,729825.2845024773,4350000.0,3620174.7154975226,0.0,261.5966741212472,0,9
B2,Baja demanda con furgonetas,,100,10,1.498103677634454,0.5356483440297467,756238.3028934734,4500000.0,3743761.6971065267,0.0,294.6129471099923,0,10
B2,Baja demanda con furgonetas,,100,2,1.4900060168626752,0.5167767330741224,756152.8854381376,4750000.0,3993847.1145618623,0.0,294.50617529082245,0,10
B2,Baja demanda con furgonetas,,100,5,1.4182958093624825,0.5313542575881124,744062.3765579087,4200000.0,3455937.623442091,0.0,279.39303919053646,0,10
B2,Baja demanda con furgonetas,,100,7,1.4717546093755154,0.48732811378937635,763832.5735756122,4450000.0,3686167.426424388,0.0,304.1057854626659,0,10
B2,Baja demanda con furgonetas,,90,5,1.3786616154303222,0.5742274245233588,721296.1358687317,4150000.0,3428703.864131268,0.0,250.93523832906538,0,9
B2,Baja demanda con furgonetas,,70,7,1.5174337352912282,0.6619955063701193,688273.4458613964,3450000.0,2761726.5541386036,0.0,209.65687581989621,0,7
B2,Baja demanda con furgonetas,,90,5,1.4637903642054355,0.4973700426212991,730958.48108029,3800000.0,3069041.51891971,0.0,263.0131698435135,0,9
B2,Baja demanda con furgonetas,,100,4,1.2969460403628263,0.5337556531700244,731572.1455111703,4900000.0,4168427.8544888296,0.0,263.7802503821136,0,10
B2,Baja demanda con furgonetas,,80,1,1.3140688842730763,0.5485612304832765,695147.4952462919,3700000.0,3004852.504753708,0.0,218.24943755101535,0,8
B2,Baja demanda con furgonetas,,90,1,1.3956394864414108,0.5271494772485151,728889.0572718668,3950000.0,3221110.942728133,0.0,260.4263900829843,0,9
B2,Baja demanda con furgonetas,,70,5,1.693851527540607,0.6620385273778497,687603.2416627319,3050000.0,2362396.758337268,0.0,208.81912057156552,0,7
B2,Baja demanda con furgonetas,,90,6,1.533447195643613,0.5898486488839381,731098.5933954768,4100000.0,3368901.4066045233,0.0,263.18831023749664,0,9
B2,Baja demanda con furgonetas,,100,8,1.4198622596704877,0.6173956356824448,731897.4835322519,4300000.0,3568102.516467748,0.0,264.18692290846565,0,10
B2,Baja demanda con furgonetas,,80,1,1.4278962230496277,0.597197795201522,691479.6480590557,4000000.0,3308520.3519409443,0.0,213.6646285669703,0,8
B2,Baja demanda con furgonetas,,70,5,1.7454680517023076,0.6878680386086492,663651.2635324397,3100000.0,2436348.7364675603,0.0,178.87914790870013,0,7
B2,Baja demanda con furgonetas,,100,9,1.350307451542316,0.49524507139725976,739592.827819639,4550000.0,3810407.172180361,0.0,273.8061032676994,0,10
B2,Baja demanda con furgonetas,,90,0,1.502861476413497,0.5616220762787709,739562.0490673902,4400000.0,3660437.95093261,0.0,273.7676298273883,0,9
B2,Baja demanda con furgonetas,,90,1,1.52269088039719,0.5150395561008185,724087.6591523193,4200000.0,3475912.340847681,0.0,254.42464243354996,0,9
B2,Baja demanda con furgonetas,,100,4,1.3975438970268623,0.539939787205438,753071.2950029054,4650000.0,3896928.7049970943,0.0,290.6541872467823,0,10
B2,Baja demanda con furgonetas,,100,7,1.4557608492978582,0.46898878458832954,748419.8239207404,4500000.0,3751580.1760792597,0.0,284.83984839407634,0,10
B2,Baja demanda con furgonetas,,90,6,1.4500009995827066,0.5764856034169318,714839.0173272659,4500000.0,3785160.982672734,0.0,242.86384015223297,0,9
B2,Baja demanda con furgonetas,,80,6,1.609612283341369,0.5627812755760051,719702.2229223407,3550000.0,2830297.777077659,0.0,248.9428471460767,0,8
B2,Baja demanda con furgonetas,,90,3,1.5285211328164894,0.603562508495835,735248.8331015562,4250000.0,3514751.166898444,0.0,268.3761098700961,0,9
B2,Baja demanda con furgonetas,,100,7,1.483020383475545,0.5666624219973042,745106.3803826276,4100000.0,3354893.6196173723,0.0,280.69804397143514,0,10
B2,Baja demanda con furgonetas,,80,7,1.712011091455021,0.5944903546469614,698727.4183141595,3600000.0,2901272.5816858406,0.0,222.72434138585007,0,8
B2,Baja demanda con furgonetas,,80,3,1.5873169135907925,0.589976911229473,709906.5074418093,3600000.0,2890093.4925581906,0.0,236.69820279541253,0,8
B2,Baja demanda con furgonetas,,80,3,1.722922203378483,0.6340087695927574,686176.6813363152,3600000.0,2913823.3186636847,0.0,207.03592016354466,0,8
B2,Baja demanda con furgonetas,,90,2,1.3332148447934844,0.5546193232596851,715269.2080561619,4300000.0,3584730.791943838,0.0,243.4015785633529,0,9
B2,Baja demanda con furgonetas,,70,2,1.493031726783343,0.6455288413589207,676188.5580622194,3050000.0,2373811.4419377805,0.0,194.55076607092494,0,7
B2,Baja demanda con furgonetas,,80,3,1.8013394161648346,0.6966330057997416,717910.2090919183,3500000.0,2782089.7909080815,0.0,246.7028298580485,0,8
B2,Baja demanda con furgonetas,,80,4,1.4579568275168084,0.5523846961000589,710036.0190526413,3300000.0,2589963.9809473585,0.0,236.86009230895237,0,8
B2,Baja demanda con furgonetas,,80,5,1.3448263940094154,0.5959765424121439,693802.2236783147,3200000.0,2506197.7763216854,0.0,216.56784809104408,0,8
B2,Baja demanda con furgonetas,,70,9,1.7725571270125362,0.6929758867765646,683287.9762108864,3250000.0,2566712.0237891134,0.0,203.42503875675877,0,7
B2,Baja demanda con furgonetas,,100,7,1.4380721914570618,0.5045090579560576,755675.6444114952,4700000.0,3944324.355588505,0.0,293.9096240075195,0,10
B2,Baja demanda con furgonetas,,90,11,1.3633141415469032,0.5430523426941634,715943.1170381615,4000000.0,3284056.8829618385,0.0,244.24396479085257,0,9
B2,Baja demanda con furgonetas,,80,5,1.4572948897810942,0.6161625552534911,711952.7568030911,3950000.0,3238047.243196909,0.0,239.25601449701452,0,8
B2,Baja demanda con furgonetas,,100,7,1.4929454458630218,0.5286829851667685,755671.7393414084,4500000.0,3744328.2606585915,0.0,293.9047426699111,0,10
B2,Baja demanda con furgonetas,,90,0,1.4071809161305722,0.4903653283524627,726398.9625573143,4350000.0,3623601.0374426856,0.0,257.31377168979344,0,9
B2,Baja demanda con furgonetas,,70,7,1.4013709711739502,0.5973693312794195,662634.4232845227,3050000.0,2387365.5767154773,0.0,177.60809759880397,0,7
B2,Baja demanda con furgonetas,,80,6,1.4056758971831493,0.5888947577299373,691374.5571638608,3350000.0,2658625.4428361394,0.0,213.5332649479768,0,8
B2,Baja demanda con furgonetas,,90,1,1.3941857038695207,0.532236918874366,722992.0982213507,4100000.0,3377007.9017786495,0.0,253.05519126983924,0,9
B2,Baja demanda con furgonetas,,80,4,1.518561030800104,0.560801402969577,699181.6583076036,3950000.0,3250818.3416923964,0.0,223.2921413776552,0,8
B2,Baja demanda con furgonetas,,70,5,1.541159230749114,0.6140580722101519,685361.232564142,2750000.0,2064638.767435858,0.0,206.01660919832815,0,7
B2,Baja demanda con furgonetas,,80,6,1.5487167992234272,0.5993373203986601,705003.8577063254,3600000.0,2894996.142293675,0.0,230.56989062605737,0,8
B2,Baja demanda con furgonetas,,80,3,1.2981827504596763,0.5425104161664127,696705.0012862802,3800000.0,3103294.9987137197,0.0,220.196320101001,0,8
B2,Baja demanda con furgonetas,,70,1,1.4601821348176838,0.5894869089465037,685995.101964005,3450000.0,2764004.8980359947,0.0,206.8089459481571,0,7
B2,Baja demanda con furgonetas,,80,8,1.4704368570571826,0.5166687804798307,707717.6881918691,3750000.0,3042282.3118081307,0.0,233.96217873298716,0,8
B2,Baja demanda con furgonetas,,70,3,1.6492327382989727,0.7472248569535728,686616.5377945434,3250000.0,2563383.4622054566,0.0,207.5857407363298,0,7
B2,Baja demanda con furgonetas,,70,4,1.6443787949507311,0.670455878185244,675548.2958984688,3300000.0,2624451.7041015313,0.0,193.7504383662365,0,7
B2,Baja demanda con furgonetas,,60,2,1.5176207218721518,0.7680822773652843,675907.4718614963,2500000.0,1824092.5281385037,0.0,194.19940832002106,0,6
B2,Baja demanda con furgonetas,,100,10,1.3231948361944326,0.5303787096538831,749567.7534705005,4150000.0,3400432.2465294995,0.0,286.2747603312762,0,10
B2,Baja demanda con furgonetas,,80,0,1.5458501226503443,0.6317591745325857,710607.2647159137,3900000.0,3189392.7352840863,0.0,237.57414938804283,0,8
B2,Baja demanda con furgonetas,,90,5,1.5004483271546354,0.5343896739064717,721522.5810851918,4250000.0,3528477.418914808,0.0,251.21829484964042,0,9
B2,Baja demanda con furgonetas,,90,0,1.5030991441282482,0.5581401416270418,729658.120924813,4400000.0,3670341.8790751873,0.0,261.3877196491669,0,9
B2,Baja demanda con furgonetas,,80,1,1.4737760793766352,0.574862754991311,695727.2548901583,3400000.0,2704272.7451098417,0.0,218.9741371058486,0,8
B2,Baja demanda con furgonetas,,70,3,1.8756427655043735,0.7333282668843986,694083.805899928,3350000.0,2655916.194100072,0.0,216.91982586806088,0,7
B2,Baja demanda con furgonetas,,80,4,1.4403439510679537,0.5962070056025459,695639.0078537833,3600000.0,2904360.992146217,0.0,218.86382831037992,0,8
B2,Baja demanda con furgonetas,,90,8,1.4235219505348295,0.5331399816132176,718556.1148465526,4350000.0,3631443.8851534473,0.0,247.5102120513416,0,9
B2,Baja demanda con furgonetas,,100,8,1.531820394142717,0.5293934776760781,739094.2907308565,4700000.0,3960905.7092691436,0.0,273.1829319067213,0,10
B2,Baja demanda con furgonetas,,70,2,1.22250592022826,0.4809082815021805,672176.2365498585,2750000.0,2077823.7634501415,0.0,189.53536418047375,0,7
B2,Baja demanda con furgonetas,,110,4,1.2479216175298802,0.3880743295963985,765605.7074041469,4950000.0,4184394.292595853,0.0,306.32220274833435,0,11
B2,Baja demanda con furgonetas,,90,8,1.846799024007155,0.5446223488843844,730913.0157065529,4100000.0,3369086.984293447,0.0,262.95633812634173,0,9
B2,Baja demanda con furgonetas,,90,0,1.4898411207799316,0.511068073919881,721842.3662992952,4050000.0,3328157.6337007047,0.0,251.61802636726955,0,9
B2,Baja demanda con furgonetas,,80,7,1.42219911302902,0.5564293661374625,716881.8650380775,3650000.0,2933118.1349619227,0.0,245.4173997907474,0,8
B2,Baja demanda con furgonetas,,90,5,1.359075451786685,0.5687942826899716,722707.2353550699,4150000.0,3427292.76464493,0.0,252.699112686988,0,9
B2,Baja demanda con furgonetas,,100,12,1.498205033349394,0.5118656099042416,736241.4193353691,4700000.0,3963758.580664631,0.0,269.6168426623621,0,10
B2,Baja demanda con furgonetas,,90,8,1.4270144992466678,0.5670112216177283,731390.7043350341,4200000.0,3468609.295664966,0.0,263.5534489119434,0,9
B2,Baja demanda con furgonetas,,80,8,1.4095879471473263,0.5402609211216937,701281.6632719667,3450000.0,2748718.336728033,0.0,225.91714758310934,0,8
B2,Baja demanda con furgonetas,,80,4,1.7503542040965054,0.679763335241749,701740.164190104,3500000.0,2798259.835809896,0.0,226.4902737307806,0,8
B2,Baja demanda con furgonetas,,80,1,1.4495886014333919,0.6110592931510826,704878.5006300078,3700000.0,2995121.499369992,0.0,230.41319428066032,0,8
B2,Baja demanda con furgonetas,,80,7,1.554129095093091,0.7881154558110857,681160.8352998568,3750000.0,3068839.164700143,0.0,200.76611261797188,0,8
B2,Baja demanda con furgonetas,,110,1,1.6259986107382325,0.4253454902035615,790349.9767442559,5100000.0,4309650.023255744,0.0,337.2525394234704,0,11
B2,Baja demanda con furgonetas,,80,6,1.680989948815385,0.5790124014366641,710298.010853997,3750000.0,3039701.989146003,0.0,237.18758206064683,0,8
B2,Baja demanda con furgonetas,,90,7,1.5455529690099152,0.5546086462219063,745143.2052495317,4150000.0,3404856.7947504683,0.0,280.7440750550652,0,9
B2,Baja demanda con furgonetas,,100,2,1.4094142553967728,0.5154708171936637,763428.2451671704,4450000.0,3686571.7548328293,0.0,303.6003749521136,0,10
B2,Baja demanda con furgonetas,,90,6,1.429374475862038,0.5752968455070382,722210.5890083453,4250000.0,3527789.4109916547,0.0,252.07830475358236,0,9
B2,Baja demanda con furgonetas,,70,0,1.7172532153126172,0.6496658033371446,674611.3219608641,2950000.0,2275388.678039136,0.0,192.57922094423077,0,7
B2,Baja demanda con furgonetas,,70,7,1.5765629582857237,0.6380340097952989,675287.2918646471,3150000.0,2474712.708135353,0.0,193.42418332395943,0,7
B2,Baja demanda con furgonetas,,90,1,1.5495696635752851,0.5399586412571158,721170.8624573624,3950000.0,3228829.1375426375,0.0,250.7786465648536,0,9
B2,Baja demanda con furgonetas,,80,9,1.482577925601484,0.5671798307162268,696601.9058704553,3600000.0,2903398.0941295447,0.0,220.06745083121996,0,8
B2,Baja demanda con furgonetas,,90,9,1.6990951920972956,0.4798352019414783,754758.227800331,4700000.0,3945241.772199669,0.0,292.76285324356445,0,9
B2,Baja demanda con furgonetas,,70,2,1.8997742046951138,0.7432697327716108,689583.3117009806,3000000.0,2310416.6882990194,0.0,211.2942081193766,0,7
B2,Baja demanda con furgonetas,,80,0,1.523199446301234,0.5403528213540574,703926.9828396972,3500000.0,2796073.017160303,0.0,229.2237970427722,0,8
B2,Baja demanda con furgonetas,,80,7,1.4871717579920518,0.5859304770038831,690729.9989650804,3450000.0,2759270.0010349196,0.0,212.72756719950132,0,8
B2,Baja demanda con furgonetas,,80,5,1.6240536124877956,0.5482220319682178,696178.73984896,3950000.0,3253821.26015104,0.0,219.53849330435037,0,8
B2,Baja demanda con furgonetas,,100,8,1.5795553154715762,0.4513231927470212,750161.2263380329,4550000.0,3799838.7736619674,0.0,287.0166014156916,0,10
B2,Baja demanda con furgonetas,,90,5,1.3045973731489506,0.4947868476964193,727271.4414389487,3900000.0,3172728.5585610513,0.0,258.4043702918365,0,9
B2,Baja demanda con furgonetas,,80,5,1.4778270426039575,0.6575095120903696,703551.3029504372,3650000.0,2946448.697049563,0.0,228.75419718119716,0,8
B2,Baja demanda con furgonetas,,90,8,1.40411362154222,0.5876628881690701,719544.5284972014,4150000.0,3430455.4715027986,0.0,248.7457291146526,0,9
B2,Baja demanda con furgonetas,,80,3,1.6845826063293317,0.6269873820867835,704662.9536610206,3300000.0,2595337.046338979,0.0,230.14376056942638,0,8
B2,Baja demanda con furgonetas,,90,6,1.5051575969587228,0.5851383493703304,712053.5657412932,4050000.0,3337946.434258707,0.0,239.38202566976724,0,9
B2,Baja demanda con furgonetas,,80,7,1.7336452473471051,0.6297114446798512,705839.9687894604,3450000.0,2744160.03121054,0.0,231.6150294799761,0,8
B2,Baja demanda con furgonetas,,70,2,1.6705197576998607,0.678268444674998,694583.1578513911,3050000.0,2355416.842148609,0.0,217.54401580738974,0,7
B2,Baja demanda con furgonetas,,110,5,1.276513584055453,0.48900394326291396,753658.5557072284,5200000.0,4446341.444292772,0.0,291.38826312718595,0,11
B2,Baja demanda con furgonetas,,90,0,1.4863758687350392,0.5340938987458056,729302.5380238607,4050000.0,3320697.4619761393,0.0,260.94324102297634,0,9
B2,Baja demanda con furgonetas,,90,2,1.4489682573610334,0.5680161490705811,721192.8655338393,3900000.0,3178807.1344661606,0.0,250.80615041044973,0,9
B2,Baja demanda con furgonetas,,80,9,1.5680683579881862,0.6296992343876955,719297.2151062968,3350000.0,2630702.784893703,0.0,248.43658737602195,0,8
B2,Baja demanda con furgonetas,,80,5,1.8251779732923228,0.605000328732028,727837.6850903019,3700000.0,2972162.314909698,0.0,259.11217485602816,0,8
B2,Baja demanda con furgonetas,,80,3,1.76544295295207,0.6262937019473307,716468.3894232528,3550000.0,2833531.610576747,0.0,244.900555272217,0,8
B2,Baja demanda con furgonetas,,80,2,1.3685296774258782,0.6014022897921018,691311.9191503264,3600000.0,2908688.0808496736,0.0,213.45496743105878,0,8
B2,Baja demanda con furgonetas,,80,7,1.5736416540578702,0.5519436983425716,699602.4898497326,3700000.0,3000397.5101502673,0.0,223.8181808053164,0,8
B2,Baja demanda con furgonetas,,90,9,1.5885866622301643,0.6018669605272562,711547.2709768579,4050000.0,3338452.7290231423,0.0,238.74915721422315,0,9
B2,Baja demanda con furgonetas,,90,6,1.5379139750851225,0.5852859898738199,726203.7873259697,3700000.0,2973796.21267403,0.0,257.0698026506129,0,9
B2,Baja demanda con furgonetas,,80,9,1.7388842757793057,0.5559229132478929,709227.6866900995,3700000.0,2990772.3133099005,0.0,235.84967685577513,0,8
B2,Baja demanda con furgonetas,,90,7,1.6146750247433392,0.5551574622890006,737732.8143877137,4050000.0,3312267.1856122864,0.0,271.48108647779253,0,9
B2,Baja demanda con furgonetas,,100,9,1.5962268309610175,0.49588374637261473,751449.1301532956,4700000.0,3948550.8698467044,0.0,288.62648118476994,0,10
B2,Baja demanda con furgonetas,,90,9,1.5910049704107214,0.5765754899824058,738655.4626034618,3900000.0,3161344.537396538,0.0,272.6343967474779,0,9
B2,Baja demanda con furgonetas,,90,0,1.2543439126697518,0.5546999560723287,701594.4237337416,4150000.0,3448405.5762662585,0.0,226.3080981603278,0,9
B2,Baja demanda con furgonetas,,70,3,1.735182423523725,0.7052836284525309,688530.2916074925,2950000.0,2261469.7083925074,0.0,209.9779330025164,0,7
B2,Baja demanda con furgonetas,,80,5,1.3452125289171404,0.5528115145144856,697506.7848216993,3700000.0,3002493.2151783006,0.0,221.19854952027487,0,8
B2,Baja demanda con furgonetas,,80,5,1.4918883616941654,0.5588165514356426,695173.5511792771,3250000.0,2554826.4488207228,0.0,218.28200746724718,0,8
B2,Baja demanda con furgonetas,,100,2,1.595833716269505,0.4955446778680346,727287.867577929,4450000.0,3722712.132422071,0.0,258.4249029655623,0,10
B2,Baja demanda con furgonetas,,70,8,1.7107774358559509,0.7092834714008952,676726.9527811818,3100000.0,2423273.047218818,0.0,195.22375946962796,0,7
B2,Baja demanda con furgonetas,,90,5,1.3911532247048393,0.5228627883229134,726036.3978354832,4300000.0,3573963.6021645167,0.0,256.86056578750464,0,9
B2,Baja demanda con furgonetas,,90,1,1.4235112104905758,0.4836596115810361,720203.5757240241,3800000.0,3079796.4242759757,0.0,249.56953814818087,0,9
B2,Baja demanda con furgonetas,,100,9,1.3074654878230627,0.5025280267080338,740796.3408918799,4450000.0,3709203.65910812,0.0,275.31049460800034,0,10
B2,Baja demanda con furgonetas,,90,8,1.4130521771756,0.5844031549275525,722492.2909886718,4100000.0,3377507.7090113284,0.0,252.4304322289903,0,9
B2,Baja demanda con furgonetas,,80,4,1.6240429410632906,0.6124841547718587,716564.4255691136,3700000.0,2983435.5744308867,0.0,245.02060045454255,0,8
B2,Baja demanda con furgonetas,,100,6,1.4711505679301853,0.41828598138568135,750704.1709979037,4700000.0,3949295.8290020963,0.0,287.6952822405302,0,10
B2,Baja demanda con furgonetas,,80,8,1.4758375990244947,0.6021691226118956,696759.7864379695,3550000.0,2853240.2135620303,0.0,220.2648015406126,0,8
B2,Baja demanda con furgonetas,,80,3,1.435614782899576,0.5572076912251129,705767.4605166583,3850000.0,3144232.539483342,0.0,231.52439413897346,0,8
B2,Baja demanda con furgonetas,,100,8,1.448892777238159,0.5597254339255566,743941.3903649595,4300000.0,3556058.6096350406,0.0,279.2418064493503,0,10
B2,Baja demanda con furgonetas,,80,3,1.430064017575919,0.6583340084054351,678643.5239013338,3850000.0,3171356.476098666,0.0,197.61947336981794,0,8
B2,Baja demanda con furgonetas,,80,2,1.5083364878619006,0.5595940344012655,719879.9952927544,3500000.0,2780120.0047072456,0.0,249.16506260909367,0,8
B2,Baja demanda con furgonetas,,80,1,1.466388820711071,0.5176084074578327,696525.9929203232,3900000.0,3203474.0070796767,0.0,219.9725596435548,0,8
B2,Baja demanda con furgonetas,,100,4,1.3214587663024586,0.5115764838443931,747309.3104483823,4850000.0,4102690.689551618,0.0,283.4517065536285,0,10
B2,Baja demanda con furgonetas,,100,5,1.6389760464715835,0.48593312494710433,766500.6905844663,4300000.0,3533499.3094155337,0.0,307.4409317237335,0,10
B2,Baja demanda con furgonetas,,80,7,1.6747590017026048,0.6452160354756735,704257.8737115802,3300000.0,2595742.1262884196,0.0,229.63741063262586,0,8
B2,Baja demanda con furgonetas,,90,7,1.5643315338842898,0.4971184767554103,733507.5365105576,4250000.0,3516492.463489442,0.0,266.19948913134743,0,9
B2,Baja demanda con furgonetas,,90,8,1.5069650749576813,0.5392794277640816,734193.831929133,4250000.0,3515806.1680708667,0.0,267.05735840456697,0,9
B2,Baja demanda con furgonetas,,90,6,1.6099206673665738,0.5423751647244391,727344.1335559166,3950000.0,3222655.8664440834,0.0,258.4952354380465,0,9
B2,Baja demanda con furgonetas,,110,9,1.2309167578709785,0.45502077636271565,776010.2248293894,4500000.0,3723989.7751706108,0.0,319.32784952988743,0,11
B2,Baja demanda con furgonetas,,80,10,1.4789151366515367,0.6081380845080402,701673.4436927964,3500000.0,2798326.5563072036,0.0,226.40687310914626,0,8
B2,Baja demanda con furgonetas,,70,9,1.705561668810381,0.7178837218734139,693949.6426293738,3400000.0,2706050.357370626,0.0,216.75212177986802,0,7
B2,Baja demanda con furgonetas,,100,4,1.4473634797705202,0.5012721711400333,753842.687714827,4850000.0,4096157.3122851728,0.0,291.61842813668443,0,10
B2,Baja demanda con furgonetas,,80,5,1.5863696760507375,0.590974343272309,696423.7338978117,3600000.0,2903576.2661021883,0.0,219.8447358654155,0,8
B2,Baja demanda con furgonetas,,80,8,1.5289743115214776,0.6015486588668384,698463.8140604491,3650000.0,2951536.185939551,0.0,222.39483606871207,0,8
B2,Baja demanda con furgonetas,,80,5,1.6201110914844825,0.5889617764879548,696753.7802766323,3450000.0,2753246.2197233676,0.0,220.25729383894122,0,8
B2,Baja demanda con furgonetas,,70,7,1.6340736506889553,0.7024733118856588,679631.3232763748,3200000.0,2520368.676723625,0.0,198.85422258861948,0,7
B2,Baja demanda con furgonetas,,90,3,1.5326528638030548,0.5662681915928764,740094.7659958244,3900000.0,3159905.2340041758,0.0,274.433525987931,0,9
B2,Baja demanda con furgonetas,,80,1,1.5186340577063808,0.49879198537595054,700818.9363982006,3500000.0,2799181.0636017993,0.0,225.33873899090125,0,8
B2,Baja demanda con furgonetas,,70,6,1.6386731779214336,0.6872158005210932,687161.0757830137,3350000.0,2662838.924216986,0.0,208.2664132219178,0,7
B2,Baja demanda con furgonetas,,80,5,1.5586494981469947,0.5947816921363398,705744.4520723318,3550000.0,2844255.5479276683,0.0,231.4956335835656,0,8
B2,Baja demanda con furgonetas,,90,9,1.5516335519009758,0.5753709289105297,723370.9193965786,3900000.0,3176629.0806034217,0.0,253.52871773887392,0,9
B2,Baja demanda con furgonetas,,90,1,1.523715950492747,0.5722548219760368,726714.5676401064,3750000.0,3023285.432359894,0.0,257.7082780432839,0,9
B2,Baja demanda con furgonetas,,80,0,1.5511151811864392,0.6241168431697275,694883.0805521274,3100000.0,2405116.919447873,0.0,217.9189191833101,0,8
B2,Baja demanda con furgonetas,,90,2,1.4847722667538727,0.5487119752288698,723005.6751912287,3950000.0,3226994.3248087713,0.0,253.0721624821867,0,9
B2,Baja demanda con furgonetas,,80,0,1.609672784278305,0.6378177311085367,699842.2128254006,3650000.0,2950157.7871745992,0.0,224.11783452490155,0,8
B2,Baja demanda con furgonetas,,90,5,1.5057002772238117,0.5088968059626305,749680.9248903914,4200000.0,3450319.0751096085,0.0,286.41622460613985,0,9
B2,Baja demanda con furgonetas,,100,8,1.4843206682556696,0.5040094565621389,770019.0097470239,4450000.0,3679980.9902529763,0.0,311.8388306769305,0,10
B2,Baja demanda con furgonetas,,60,9,1.8310946002631454,0.7265595527527435,664003.9924110407,2700000.0,2035996.0075889593,0.0,179.3200590069516,0,6
B2,Baja demanda con furgonetas,,80,8,1.3843702651570786,0.6234979447768872,699750.7255158395,3400000.0,2700249.2744841604,0.0,224.00347538795012,0,8
B2,Baja demanda con furgonetas,,90,7,1.500494957195595,0.6012705277947717,735078.3671039673,4000000.0,3264921.6328960327,0.0,268.16302737311,0,9
B2,Baja demanda con furgonetas,,90,7,1.4688717382167522,0.48651335694207176,735513.4242048621,3900000.0,3164486.575795138,0.0,268.70684874922836,0,9
B2,Baja demanda con furgonetas,,80,9,1.6500085944325609,0.5827498827175337,689584.5288823076,3750000.0,3060415.4711176925,0.0,211.29572959603524,0,8
B2,Baja demanda con furgonetas,,80,5,1.7365236072955181,0.6880071277755391,698077.8061808512,3600000.0,2901922.193819149,0.0,221.9123262192146,0,8
B2,Baja demanda con furgonetas,,90,7,1.5105973280677298,0.529400883264573,723048.5203938385,4200000.0,3476951.4796061614,0.0,253.1257189854489,0,9
B2,Baja demanda con furgonetas,,110,7,1.3485858595959328,0.3834969659159728,778786.3178931911,4700000.0,3921213.6821068088,0.0,322.7979658596396,0,11
B2,Baja demanda con furgonetas,,90,7,1.5751131722005642,0.577424751338492,730223.618362541,4150000.0,3419776.381637459,0.0,262.0945914463269,0,9
B2,Baja demanda con furgonetas,,90,8,1.3155947477950816,0.5646319813073003,712138.7082286923,3550000.0,2837861.2917713076,0.0,239.488453779016,0,9
B2,Baja demanda con furgonetas,,90,6,1.591116539243957,0.5643968312521431,718632.2455372075,3800000.0,3081367.7544627925,0.0,247.60537541466002,0,9
B2,Baja demanda con furgonetas,,80,10,1.5149571796867578,0.6481455122500013,709499.6947988719,4000000.0,3290500.305201128,0.0,236.18968699174047,0,8
B2,Baja demanda con furgonetas,,80,5,1.3845212082917637,0.5402977428127598,696627.8353335859,3950000.0,3253372.1646664143,0.0,220.09986266013306,0,8
B2,Baja demanda con furgonetas,,90,8,1.463703954821567,0.5817048650720535,720331.7081968205,3750000.0,3029668.2918031793,0.0,249.72970373917616,0,9
B2,Baja demanda con furgonetas,,80,9,1.503010726985293,0.5160567761115764,722365.5367173834,3550000.0,2827634.463282617,0.0,252.27198938988,0,8
B2,Baja demanda con furgonetas,,80,7,1.4700448904452066,0.5979555420102438,694187.2739856719,3300000.0,2605812.726014328,0.0,217.0491609752407,0,8
B2,Baja demanda con furgonetas,,80,7,1.5713917885166175,0.5757568226909926,695872.307608509,3500000.0,2804127.692391491,0.0,219.1554530037868,0,8
B2,Baja demanda con furgonetas,,110,8,1.404832308304702,0.4081135858864598,762499.6754356184,4650000.0,3887500.3245643815,0.0,302.43966278767346,0,11
B2,Baja demanda con furgonetas,,90,4,1.553347938746907,0.5520419070389936,713079.3512480694,3950000.0,3236920.6487519303,0.0,240.6642575532374,0,9
B2,Baja demanda con furgonetas,,90,1,1.3607162856041242,0.47583239632934526,729799.8949260955,4250000.0,3520200.1050739046,0.0,261.5649371507701,0,9
B2,Baja demanda con furgonetas,,90,7,1.5277320347109165,0.5493314047191529,733118.9413967014,4100000.0,3366881.058603299,0.0,265.7137452390274,0,9
B2,Baja demanda con furgonetas,,90,2,1.7454938589722704,0.584582337079312,739074.6589484216,3950000.0,3210925.3410515785,0.0,273.15839217867756,0,9
B2,Baja demanda con furgonetas,,80,9,1.5998651563198378,0.667783891804666,702814.9630141893,3650000.0,2947185.036985811,0.0,227.8337722608872,0,8
B2,Baja demanda con furgonetas,,80,1,1.4705529639994255,0.5865239258076825,706052.25841228,3300000.0,2593947.74158772,0.0,231.8803915085008,0,8
B2,Baja demanda con furgonetas,,70,5,1.7150932154027887,0.6081183456989611,681019.2477571929,3200000.0,2518980.7522428073,0.0,200.58912818964194,0,7
B2,Baja demanda con furgonetas,,100,6,1.4940437288201087,0.5122494183680556,745173.7751725244,4450000.0,3704826.224827476,0.0,280.7822874588064,0,10
B2,Baja demanda con furgonetas,,70,0,1.687936112940027,0.689412107449904,680397.4172247143,3000000.0,2319602.5827752855,0.0,199.8118400240437,0,7
B2,Baja demanda con furgonetas,,70,1,1.6579253558260836,0.6622021324094616,686457.3420467064,2900000.0,2213542.6579532935,0.0,207.38674605153363,0,7
B2,Baja demanda con furgonetas,,80,2,1.612273318993481,0.6829450488211848,723966.3282912291,3950000.0,3226033.671708771,0.0,254.27297885718716,0,8
B2,Baja demanda con furgonetas,,80,6,1.635339330747366,0.5780089168756763,703453.1985360039,3800000.0,3096546.801463996,0.0,228.6315666631559,0,8
B2,Baja demanda con furgonetas,,80,0,1.792251641287208,0.598789895641544,702279.7456947542,3950000.0,3247720.254305246,0.0,227.1647506115934,0,8
B2,Baja demanda con furgonetas,,100,6,1.4779357117837326,0.48578563436222894,741863.2137983999,4350000.0,3608136.7862016,0.0,276.6440857411505,0,10
B2,Baja demanda con furgonetas,,70,4,1.5705667295187684,0.6708928907189416,685321.6519433523,3100000.0,2414678.348056648,0.0,205.9671334223411,0,7
B2,Baja demanda con furgonetas,,80,4,1.5846953138058824,0.5267834206313654,715424.8988465177,3750000.0,3034575.101153482,0.0,243.596192051298,0,8
B2,Baja demanda con furgonetas,,80,9,1.5299157398860115,0.6449815937132064,708610.0059536112,3350000.0,2641389.9940463887,0.0,235.07757593516456,0,8
B2,Baja demanda con furgonetas,,80,4,1.4164441235129084,0.633191927223063,715450.6747466496,3250000.0,2534549.3252533507,0.0,243.62841192646258,0,8
B2,Baja demanda con furgonetas,,80,9,1.5472959436167273,0.5140809594083953,693767.4109216208,3550000.0,2856232.5890783793,0.0,216.52433214517674,0,8
B2,Baja demanda con furgonetas,,80,0,1.5950077014968227,0.6454632893514455,685865.7899844601,3900000.0,3214134.21001554,0.0,206.64730597372582,0,8
B2,Baja demanda con furgonetas,,80,4,1.5305214602953319,0.5820077150132275,711761.0476308685,3450000.0,2738238.9523691316,0.0,239.01637803173637,0,8
B2,Baja demanda con furgonetas,,90,6,1.358467860754836,0.5175637407601822,731523.3324414139,3700000.0,2968476.667558586,0.0,263.71923404491827,0,9
B2,Baja demanda con furgonetas,,90,2,1.4623556318255035,0.6055537826579452,740420.7291563468,4500000.0,3759579.270843653,0.0,274.84097993858416,0,9
B2,Baja demanda con furgonetas,,90,3,1.397624431511589,0.534444924357069,713665.2287208406,4250000.0,3536334.7712791595,0.0,241.3966043942014,0,9
B2,Baja demanda con furgonetas,,90,9,1.5896026187897427,0.5843647951282308,741064.8926666441,4150000.0,3408935.107333356,0.0,275.6461843264558,0,9
B2,Baja demanda con furgonetas,,80,0,1.57703464714568,0.6511850915817898,702735.6091666946,3200000.0,2497264.390833305,0.0,227.7345799515189,0,8
B2,Baja demanda con furgonetas,,70,7,1.5566337103956513,0.6214388970610597,685197.7379101661,3300000.0,2614802.2620898336,0.0,205.81224088085838,0,7
B2,Baja demanda con furgonetas,,90,4,1.3841142856772406,0.6029640018656942,705903.122962497,4050000.0,3344096.877037503,0.0,231.6939721962721,0,9
B2,Baja demanda con furgonetas,,90,4,1.687324574211341,0.6079749504376922,725504.9976917872,4100000.0,3374495.0023082127,0.0,256.19631560788446,0,9
B2,Baja demanda con furgonetas,,80,8,1.7493968370079584,0.6219441006962565,718921.5013735394,3550000.0,2831078.4986264603,0.0,247.96694521007498,0,8
B2,Baja demanda con furgonetas,,80,4,1.699494134601649,0.7452072181905864,713057.3050185958,3700000.0,2986942.694981404,0.0,240.63669976639534,0,8
B2,Baja demanda con furgonetas,,80,5,1.5397599350606699,0.6232398682355184,703369.2610686057,3600000.0,2896630.738931394,0.0,228.52664482890793,0,8
B2,Baja demanda con furgonetas,,90,1,1.4649984677790653,0.5755203641695951,730612.6077912042,4150000.0,3419387.392208796,0.0,262.58082823215614,0,9
B2,Baja demanda con furgonetas,,80,9,1.470349007934188,0.5919783316146122,691462.5886140423,3450000.0,2758537.4113859576,0.0,213.64330426070376,0,8
B2,Baja demanda con furgonetas,,60,4,1.7200017681774675,0.8417296146913629,658906.2855545558,2500000.0,1841093.7144454443,0.0,172.94792543634537,0,6
B2,Baja demanda con furgonetas,,80,0,1.7955711316555576,0.6411484367222066,708475.8487672202,3800000.0,3091524.15123278,0.0,234.90987945217591,0,8
B2,Baja demanda con furgonetas,,90,6,1.4348495991816426,0.5260467842800307,725540.7631516657,4500000.0,3774459.2368483343,0.0,256.241022432733,0,9
B2,Baja demanda con furgonetas,,90,3,1.7473514286330663,0.5752360619035533,720791.9309583362,4250000.0,3529208.069041664,0.0,250.30498219107116,0,9
B2,Baja demanda con furgonetas,,70,5,1.810911313854007,0.6972854072265051,684438.414289113,3400000.0,2715561.585710887,0.0,204.86308635454185,0,7
B2,Baja demanda con furgonetas,,80,10,1.5646626951295939,0.5300437333465163,715848.8242267424,3650000.0,2934151.1757732574,0.0,244.1260987765786,0,8
B2,Baja demanda con furgonetas,,80,7,1.5758796077097115,0.5556894736413156,713046.7477078517,3300000.0,2586953.2522921483,0.0,240.62350312796522,0,8
B2,Baja demanda con furgonetas,,90,1,1.6648224391015956,0.5739569948855398,731502.9102687718,4000000.0,3268497.089731228,0.0,263.6937063291153,0,9
B2,Baja demanda con furgonetas,,100,5,1.4323667279012715,0.5730000595209342,727605.3717414836,4500000.0,3772394.6282585165,0.0,258.82178317000506,0,10
B2,Baja demanda con furgonetas,,100,1,1.3029892173323716,0.4708600049240308,744079.5436757298,4700000.0,3955920.45632427,0.0,279.4144980878127,0,10
B2,Baja demanda con furgonetas,,90,3,1.522495772202836,0.522150332762259,728697.5862422477,3900000.0,3171302.413757752,0.0,260.1870512959604,0,9
B2,Baja demanda con furgonetas,,90,5,1.3924750308493454,0.5471288276150574,729301.4157708017,4000000.0,3270698.5842291983,0.0,260.94183820665296,0,9
B2,Baja demanda con furgonetas,,90,5,1.4036506427283961,0.4994800227772807,727057.8352926887,4100000.0,3372942.1647073114,0.0,258.1373626090118,0,9
B2,Baja demanda con furgonetas,,70,5,1.5780991518411003,0.7339889174074161,674719.8908881153,2850000.0,2175280.1091118846,0.0,192.71493210329476,0,7
B2,Baja demanda con furgonetas,,60,2,1.772398551922911,0.8557084753075201,661817.0738102585,2900000.0,2238182.9261897416,0.0,176.5864107559739,0,6
B2,Baja demanda con furgonetas,,80,2,1.408822219272818,0.5949290492319032,708949.8869858391,3300000.0,2591050.1130141607,0.0,235.5024272254498,0,8
B2,Baja demanda con furgonetas,,100,8,1.434880934381641,0.5196736848777462,750437.1619684458,4550000.0,3799562.838031554,0.0,287.36152095370784,0,10
B2,Baja demanda con furgonetas,,80,3,1.6423818492344608,0.6274419980164259,711007.6254389852,3750000.0,3038992.3745610146,0.0,238.07460029188232,0,8
B2,Baja demanda con furgonetas,,90,9,1.3874022490781628,0.5329769205956219,716920.9319292849,4100000.0,3383079.0680707153,0.0,245.46623340475693,0,9
B2,Baja demanda con furgonetas,,90,10,1.4466314844567272,0.5378870613820563,731190.8490342537,4250000.0,3518809.1509657465,0.0,263.3036297859679,0,9
B2,Baja demanda con furgonetas,,90,8,1.5842587155184484,0.5593222883052567,744945.0465304023,3600000.0,2855054.9534695977,0.0,280.4963766561536,0,9
B2,Baja demanda con furgonetas,,80,7,1.4244888930807593,0.5272633623827783,700440.8382385222,3300000.0,2599559.1617614776,0.0,224.86611629130334,0,8
B2,Baja demanda con furgonetas,,80,4,1.493893648427631,0.5735204785824948,703118.0087251153,3700000.0,2996881.991274885,0.0,228.21257939954475,0,8
B2,Baja demanda con furgonetas,,90,3,1.3615542595791945,0.5221195970886777,720263.9114276504,3950000.0,3229736.0885723494,0.0,249.64495777771373,0,9
B2,Baja demanda con furgonetas,,70,2,1.630647905906267,0.7168284037212539,689384.3961025312,3050000.0,2360615.6038974687,0.0,211.04556362131476,0,7
B2,Baja demanda con furgonetas,,90,10,1.5199241255784737,0.49509855638840694,718707.2468823963,4250000.0,3531292.7531176037,0.0,247.69912709614619,0,9
B2,Baja demanda con furgonetas,,80,8,1.788669777719192,0.6380152119946649,714314.3345391133,3800000.0,3085685.6654608864,0.0,242.2079866670423,0,8
B2,Baja demanda con furgonetas,,100,2,1.790746847887665,0.5318680065835913,765636.9082049758,4450000.0,3684363.0917950245,0.0,306.3612037493705,0,10
B2,Baja demanda con furgonetas,,70,0,1.5231378460830125,0.6513227927246753,672513.2198285931,3050000.0,2377486.780171407,0.0,189.95659327889177,0,7
B2,Baja demanda con furgonetas,,80,8,1.3347559289901183,0.5800261755761895,697713.965498212,3600000.0,2902286.034501788,0.0,221.45752536591553,0,8
B2,Baja demanda con furgonetas,,70,4,1.6483582113732678,0.6388802019341083,686766.592670723,3200000.0,2513233.407329277,0.0,207.77330933155443,0,7
B2,Baja demanda con furgonetas,,80,1,1.5262464396029471,0.6261915699003973,703675.1159216547,3600000.0,2896324.8840783453,0.0,228.908963395219,0,8
B2,Baja demanda con furgonetas,,80,8,1.465074497623367,0.558730284549303,696423.1711802781,3550000.0,2853576.828819722,0.0,219.84403246849794,0,8
B2,Baja demanda con furgonetas,,80,4,1.560219293620973,0.6334113182160472,709271.8966430544,3850000.0,3140728.1033569453,0.0,235.9049392969687,0,8
B2,Baja demanda con furgonetas,,90,4,1.3318762740468453,0.5128775955791749,723182.0635044394,4200000.0,3476817.9364955607,0.0,253.2926478736999,0,9
B2,Baja demanda con furgonetas,,90,6,1.594518329249879,0.6138569016573789,733667.5888843036,4200000.0,3466332.4111156967,0.0,266.3995545985304,0,9
B2,Baja demanda con furgonetas,,80,5,1.6580020361492456,0.5955203894395904,712824.4958455294,3150000.0,2437175.5041544707,0.0,240.3456883000622,0,8
B2,Baja demanda con furgonetas,,80,7,1.435956030496469,0.46783015145150453,700093.1406446829,3750000.0,3049906.859355317,0.0,224.4314942990041,0,8
B2,Baja demanda con furgonetas,,70,6,1.5339052005085765,0.700590755051204,678418.8266754707,3300000.0,2621581.173324529,0.0,197.3386018374889,0,7
B2,Baja demanda con furgonetas,,90,10,1.4091590889322594,0.49950615284781086,713743.4900296171,4300000.0,3586256.509970383,0.0,241.49443103017202,0,9
B2,Baja demanda con furgonetas,,80,4,1.480752941981057,0.6105014687343205,709585.1350786216,3250000.0,2540414.8649213784,0.0,236.2964873414278,0,8
B2,Baja demanda con furgonetas,,90,2,1.7633867091395505,0.5401610973454294,730016.6196140435,3900000.0,3169983.3803859567,0.0,261.835843010705,0,9
B2,Baja demanda con furgonetas,,70,3,1.606836863853361,0.729065775813032,678305.1174616165,2800000.0,2121694.8825383834,0.0,197.1964653201711,0,7
B2,Baja demanda con furgonetas,,80,5,1.6118078396735758,0.6058149961793571,715053.4352769232,4050000.0,3334946.5647230768,0.0,243.13186258930477,0,8
B2,Baja demanda con furgonetas,,70,1,1.4603215874544648,0.6149611783846527,682198.4153434356,3050000.0,2367801.5846565645,0.0,202.06308767244508,0,7
B2,Baja demanda con furgonetas,,80,1,1.6826422726615349,0.6923478494657545,706883.0485184785,3700000.0,2993116.9514815216,0.0,232.91887914124894,0,8
B2,Baja demanda con furgonetas,,70,9,1.638913251924248,0.5778703512651587,667187.8568758656,3400000.0,2732812.1431241343,0.0,183.29988958798288,0,7
B2,Baja demanda con furgonetas,,80,8,1.4496723227635786,0.6055549911967057,696526.5250697021,3550000.0,2853473.474930298,0.0,219.97322483027844,0,8
B2,Baja demanda con furgonetas,,80,2,1.7012220892688557,0.6606067284489525,699146.4907239745,3750000.0,3050853.5092760255,0.0,223.24818189811907,0,8
B2,Baja demanda con furgonetas,,80,4,1.792155152527275,0.5970275721210182,701018.4124138796,3350000.0,2648981.5875861202,0.0,225.58808401050032,0,8
B2,Baja demanda con furgonetas,,100,8,1.2713636168774993,0.481943843135561,737023.9439296905,4400000.0,3662976.0560703096,0.0,270.594998405264,0,10
B2,Baja demanda con furgonetas,,90,7,1.5238916308320696,0.5267322592177769,738220.4490811587,3850000.0,3111779.5509188413,0.0,272.0906298445992,0,9
B2,Baja demanda con furgonetas,,90,10,1.7435925911811205,0.5398347534991035,746736.2144249291,3900000.0,3153263.785575071,0.0,282.735336524312,0,9
B2,Baja demanda con furgonetas,,100,1,1.4810654856053274,0.5063062393985115,751708.0331983115,4100000.0,3348291.9668016885,0.0,288.9501099910398,0,10
B2,Baja demanda con furgonetas,,80,4,1.4850343779876787,0.6014406666746028,702043.374577025,3450000.0,2747956.625422975,0.0,226.8692867144317,0,8
B2,Baja demanda con furgonetas,,80,7,1.6282719813228426,0.6068902147799127,707651.3420391679,3800000.0,3092348.657960832,0.0,233.87924604211037,0,8
B2,Baja demanda con furgonetas,,80,9,1.4597328693715175,0.5934555732602326,715197.8801707932,3700000.0,2984802.1198292067,0.0,243.31241870664218,0,8
B2,Baja demanda con furgonetas,,60,1,1.8863571274547677,0.684332624280347,664850.905538786,2650000.0,1985149.094461214,0.0,180.37870041663305,0,6
B2,Baja demanda con furgonetas,,80,3,1.5806074660714855,0.7162852648646176,700467.9144060705,3550000.0,2849532.0855939295,0.0,224.8999615007388,0,8
B2,Baja demanda con furgonetas,,80,3,1.4939907127640053,0.5714679016577049,688132.9474901564,3650000.0,2961867.0525098434,0.0,209.48125285584624,0,8
B2,Baja demanda con furgonetas,,80,3,1.7291828441184447,0.6396912340798047,712422.585710777,3750000.0,3037577.414289223,0.0,239.84330063162207,0,8
B2,Baja demanda con furgonetas,,70,1,1.5608363801152914,0.7206310345112671,674660.6596926833,2950000.0,2275339.3403073167,0.0,192.64089310900465,0,7
B2,Baja demanda con furgonetas,,80,5,1.4686660510076839,0.5577462774232752,715585.297937253,3600000.0,2884414.702062747,0.0,243.79669091471698,0,8
B2,Baja demanda con furgonetas,,80,7,1.6437797189510541,0.6046237946377631,713225.7222585839,3550000.0,2836774.2777414164,0.0,240.8472213163804,0,8
B2,Baja demanda con furgonetas,,80,4,1.4280327291349413,0.571079543809305,689335.659793508,3450000.0,2760664.3402064918,0.0,210.98464323503563,0,8
B2,Baja demanda con furgonetas,,70,10,1.6328426620581666,0.6211419649584228,687714.059577293,2950000.0,2262285.9404227072,0.0,208.9576429647669,0,7
B2,Baja demanda con furgonetas,,70,3,1.5125474431084247,0.677214726449671,664448.6069497437,3100000.0,2435551.393050256,0.0,179.8758271803304,0,7
B2,Baja demanda con furgonetas,,80,6,1.6085488850718082,0.6296052722349488,713079.858764075,3550000.0,2836920.1412359253,0.0,240.66489194824453,0,8
B2,Baja demanda con furgonetas,,90,3,1.3489205768422563,0.4642896625151438,730856.6602203904,3800000.0,3069143.33977961,0.0,262.8858937686387,0,9
B2,Baja demanda con furgonetas,,80,5,1.556469900986307,0.5626386019414261,695085.8086726918,3550000.0,2854914.1913273083,0.0,218.17232933401561,0,8
B2,Baja demanda con furgonetas,,90,3,1.4834803603269935,0.556453537010526,722593.7061360906,3850000.0,3127406.2938639093,0.0,252.55720116326393,0,9
B2,Baja demanda con furgonetas,,90,1,1.559057775793225,0.45957424368689864,738378.9593094625,3700000.0,2961621.0406905375,0.0,272.28876762997885,0,9
B2,Baja demanda con furgonetas,,80,6,1.6155127524589161,0.6735165587727001,700698.9317367257,3750000.0,3049301.068263274,0.0,225.1887331640579,0,8
B2,Baja demanda con furgonetas,,90,4,1.5142892543895774,0.5527670322008211,723880.8234419915,4000000.0,3276119.1765580084,0.0,254.16609779564018,0,9
B2,Baja demanda con furgonetas,,70,5,1.570567738770299,0.7203808632453461,672942.883127431,3200000.0,2527057.116872569,0.0,190.49367240243964,0,7
B2,Baja demanda con furgonetas,,90,1,1.653034497048506,0.5872404315497609,732765.7216199756,4150000.0,3417234.2783800242,0.0,265.27222051812015,0,9
B2,Baja demanda con furgonetas,,90,5,1.657640929108601,0.6471923060443033,727570.7090118607,3600000.0,2872429.2909881393,0.0,258.77845475797653,0,9
B2,Baja demanda con furgonetas,,80,7,1.7556409556115802,0.6882530843912262,718618.8236419266,3600000.0,2881381.1763580735,0.0,247.58859804555897,0,8
B2,Baja demanda con furgonetas,,90,5,1.6185595172373708,0.6088072098168871,717998.2159706338,3900000.0,3182001.7840293664,0.0,246.81283845644296,0,9
B2,Baja demanda con furgonetas,,70,3,1.9170182434920637,0.6808529676197809,675392.1660593738,3150000.0,2474607.833940626,0.0,193.55527606736797,0,7
B2,Baja demanda con furgonetas,,90,7,1.5720911148702643,0.5354980204449636,730639.3358208647,4000000.0,3269360.664179135,0.0,262.6142382692316,0,9
B2,Baja demanda con furgonetas,,90,1,1.640917914803792,0.586128274504166,724044.1094395544,4000000.0,3275955.8905604454,0.0,254.37020529259357,0,9
B2,Baja demanda con furgonetas,,80,1,1.6195642559670311,0.6084922693218893,719124.9722999352,3650000.0,2930875.0277000647,0.0,248.22128386806983,0,8
B2,Baja demanda con furgonetas,,80,3,1.552724081437742,0.67682935389036,705498.9862098162,3450000.0,2744501.0137901837,0.0,231.1888012554208,0,8
B2,Baja demanda con furgonetas,,60,1,1.8995496596343524,0.83979094194825,658829.0997788773,2800000.0,2141170.9002211224,0.0,172.8514432167474,0,6
B2,Baja demanda con furgonetas,,80,7,1.568685885081116,0.5918434458979731,719594.0241692653,3900000.0,3180405.9758307347,0.0,248.80759870473233,0,8
B2,Baja demanda con furgonetas,,70,1,1.531280428874353,0.6070935582892835,690446.1499256109,3300000.0,2609553.850074389,0.0,212.37275590016446,0,7
B2,Baja demanda con furgonetas,,80,7,1.5203808718508527,0.6305513360589218,690754.1753724152,3700000.0,3009245.824627585,0.0,212.75778770866972,0,8
B2,Baja demanda con furgonetas,,80,1,1.4070718834127647,0.5778825105227529,702157.8465917915,3250000.0,2547842.1534082084,0.0,227.0123767328902,0,8
B2,Baja demanda con furgonetas,,100,4,1.4126671302871205,0.5514297310702446,749777.6827768707,4000000.0,3250222.3172231293,0.0,286.537171964239,0,10
B2,Baja demanda con furgonetas,,70,1,1.6675154846165305,0.7048323436682452,682672.218198302,3100000.0,2417327.781801698,0.0,202.65534124102814,0,7
B2,Baja demanda con furgonetas,,90,7,1.4673662251963757,0.5886188185420052,740115.2492849132,4400000.0,3659884.7507150867,0.0,274.45913009929194,0,9
B2,Baja demanda con furgonetas,,90,7,1.3394725296684933,0.45756749439766636,721940.3414476311,4000000.0,3278059.658552369,0.0,251.74049530268957,0,9
B2,Baja demanda con furgonetas,,70,4,1.7955934514810934,0.6458457326177071,674632.6760064244,2950000.0,2275367.3239935758,0.0,192.60591350118128,0,7
B2,Baja demanda con furgonetas,,80,7,1.566020561199356,0.5668405183706758,713414.4914640576,3650000.0,2936585.5085359425,0.0,241.08318282322253,0,8
B2,Baja demanda con furgonetas,,80,9,1.6952112602381857,0.664437158712966,708004.4554363712,3700000.0,2991995.5445636287,0.0,234.32063778861465,0,8
B2,Baja demanda con furgonetas,,80,7,1.4859204269851862,0.6332203562153803,693902.6817390985,3650000.0,2956097.3182609016,0.0,216.69342066702384,0,8
B2,Baja demanda con furgonetas,,90,5,1.2907207793080733,0.5530915370909404,718403.5566979102,3950000.0,3231596.44330209,0.0,247.31951436553848,0,9
B2,Baja demanda con furgonetas,,70,6,1.5782581428453855,0.6916482568896681,685688.693002745,3200000.0,2514311.306997255,0.0,206.42593474658204,0,7
B2,Baja demanda con furgonetas,,100,3,1.42082966310344,0.5226216150948825,762006.1446939702,4400000.0,3637993.85530603,0.0,301.8227493606136,0,10
B2,Baja demanda con furgonetas,,70,5,1.324457579793032,0.6065099054619862,669446.2205053597,3300000.0,2630553.7794946404,0.0,186.12284412485042,0,7
B2,Baja demanda con furgonetas,,80,4,1.5072041756424617,0.6008414640110923,710314.455011531,3550000.0,2839685.544988469,0.0,237.20813725756457,0,8
B2,Baja demanda con furgonetas,,90,1,1.577012134521234,0.6281117513932098,729079.4107005867,4600000.0,3870920.5892994134,0.0,260.6643318688839,0,9
B2,Baja demanda con furgonetas,,60,6,1.657918546843266,0.7220561648545339,648628.6222051019,2750000.0,2101371.377794898,0.0,160.10084624952802,0,6
B2,Baja demanda con furgonetas,,80,8,1.4285364060808474,0.5658106012796835,718853.9250567063,3400000.0,2681146.074943294,0.0,247.88247481403363,0,8
B2,Baja demanda con furgonetas,,80,7,1.4922030890305864,0.6105380545827079,692670.7733250873,3500000.0,2807329.2266749125,0.0,215.1535351495096,0,8
B2,Baja demanda con furgonetas,,80,2,1.6183678966843282,0.4947821350737633,718869.2796565773,3850000.0,3131130.7203434226,0.0,247.9016680638721,0,8
B2,Baja demanda con furgonetas,,100,5,1.3568372912117792,0.4589928811897519,741817.5224024374,4500000.0,3758182.4775975626,0.0,276.5869714961975,0,10
B2,Baja demanda con furgonetas,,90,9,1.586090760766644,0.6108149853192362,733599.1540792881,4300000.0,3566400.8459207118,0.0,266.31401109226084,0,9
B2,Baja demanda con furgonetas,,80,4,1.4361500185271414,0.5478552235464573,694251.1894520049,3500000.0,2805748.8105479954,0.0,217.12905530815695,0,8
B2,Baja demanda con furgonetas,,90,4,1.388158894828994,0.5003984856365287,724142.2403541468,4250000.0,3525857.759645853,0.0,254.49286893583434,0,9
B2,Baja demanda con furgonetas,,80,7,1.684376536288233,0.6457832093267405,710513.4268230322,3800000.0,3089486.573176968,0.0,237.45685202194085,0,8
B2,Baja demanda con furgonetas,,70,1,1.5774194704222622,0.6650679137557336,676978.9185114924,2750000.0,2073021.0814885076,0.0,195.5387166325161,0,7
B2,Baja demanda con furgonetas,,70,2,1.9144935623278705,0.6767482439787027,698727.6767740647,3300000.0,2601272.3232259355,0.0,222.72466446073156,0,7
B2,Baja demanda con furgonetas,,100,4,1.4350496424266674,0.4998622643706472,732569.9671819976,4450000.0,3717430.0328180026,0.0,265.0275274706478,0,10
B2,Baja demanda con furgonetas,,90,9,1.6440687044399303,0.6327273168367299,727913.2089594911,4000000.0,3272086.791040509,0.0,259.2065796925145,0,9
B2,Baja demanda con furgonetas,,80,2,1.4193920375359677,0.6556944347277158,698689.8428723192,3750000.0,3051310.1571276807,0.0,222.6773720835496,0,8
B2,Baja demanda con furgonetas,,90,5,1.389132363731294,0.5235376451730062,721045.0071650735,4200000.0,3478954.9928349266,0.0,250.6213274494924,0,9
B2,Baja demanda con furgonetas,,90,5,1.5853685106704727,0.49471363690883613,741459.4891980335,3900000.0,3158540.5108019663,0.0,276.13942999069246,0,9
B2,Baja demanda con furgonetas,,80,2,1.3536304815574542,0.4808516567427725,698679.3632683088,3250000.0,2551320.636731691,0.0,222.66427257853684,0,8
B2,Baja demanda con furgonetas,,80,1,1.801345159615412,0.6888347351403797,701970.5893827331,3550000.0,2848029.410617267,0.0,226.77830522156677,0,8
B2,Baja demanda con furgonetas,,80,2,1.8451233389697659,0.618938936853422,703604.1493442887,3850000.0,3146395.8506557113,0.0,228.82025517351155,0,8
B2,Baja demanda con furgonetas,,80,7,1.5631506035674212,0.5462770659471502,710320.2062941542,3700000.0,2989679.7937058457,0.0,237.2153263608434,0,8
B2,Baja demanda con furgonetas,,80,4,1.443995502987993,0.5448661486768369,697592.4988024435,3300000.0,2602407.5011975565,0.0,221.30569199620493,0,8
B2,Baja demanda con furgonetas,,90,4,1.5277828712756512,0.6059259761804507,723227.4737079851,4550000.0,3826772.526292015,0.0,253.34941062813206,0,9
B2,Baja demanda con furgonetas,,90,1,1.3528227948833842,0.5893592127010611,723799.2641474684,4450000.0,3726200.7358525316,0.0,254.0641486774861,0,9
B2,Baja demanda con furgonetas,,80,0,1.4203861876884403,0.5542624429369226,715016.7267602641,3550000.0,2834983.273239736,0.0,243.08597694348086,0,8
B2,Baja demanda con furgonetas,,110,1,1.3285236988440923,0.5530230642709785,753883.7256979779,5350000.0,4596116.2743020225,0.0,291.66972561562307,0,11
B2,Baja demanda con furgonetas,,70,2,1.7561895073033995,0.7327432368045942,682622.3391761936,3300000.0,2617377.660823806,0.0,202.5929924633926,0,7
B2,Baja demanda con furgonetas,,90,2,1.691096424354679,0.5121201943398078,739133.1478749071,4250000.0,3510866.852125093,0.0,273.2315033367846,0,9
B2,Baja demanda con furgonetas,,70,1,1.5231604600448396,0.6110911576749375,674703.0903758084,2950000.0,2275296.9096241915,0.0,192.69393146291108,0,7
B2,Baja demanda con furgonetas,,80,6,1.250677470692444,0.6194876282484902,682241.6757033896,3450000.0,2767758.3242966104,0.0,202.11716312238758,0,8
B2,Baja demanda con furgonetas,,80,9,1.7134741911105966,0.6672986255813723,690260.5996182128,3650000.0,2959739.400381787,0.0,212.14081801591644,0,8
B2,Baja demanda con furgonetas,,80,7,1.4766719685462963,0.6874768459656326,689226.4090549502,3650000.0,2960773.5909450497,0.0,210.8480798118387,0,8
B2,Baja demanda con furgonetas,,90,5,1.29786277452432,0.48855248763916087,696425.5052677257,3650000.0,2953574.494732274,0.0,219.84695007780783,0,9
B2,Baja demanda con furgonetas,,90,2,1.634733463990351,0.5017124189352586,746198.5433201927,4050000.0,3303801.456679807,0.0,282.06324764339143,0,9
B2,Baja demanda con furgonetas,,80,0,1.4133135118946805,0.6301978780646008,718731.8857285514,3400000.0,2681268.1142714485,0.0,247.72992565384004,0,8
B2,Baja demanda con furgonetas,,70,4,1.6763766310529558,0.6897041699010122,677480.4062314254,3100000.0,2422519.5937685748,0.0,196.16557628243245,0,7
B2,Baja demanda con furgonetas,,90,0,1.461471406170201,0.5354083291260706,722106.9627515608,4000000.0,3277893.037248439,0.0,251.94877193260172,0,9
B2,Baja demanda con furgonetas,,90,6,1.4035481328120691,0.5131983934319972,725330.8674925695,4350000.0,3624669.1325074304,0.0,255.97865285886286,0,9
B2,Baja demanda con furgonetas,,80,0,1.4803654901516043,0.5619798764922547,699729.0082803454,3650000.0,2950270.9917196548,0.0,223.97632884358254,0,8
B2,Baja demanda con furgonetas,,80,8,1.3921582474940053,0.6287160336687709,702850.4042182823,4100000.0,3397149.5957817174,0.0,227.87807376600344,0,8
B2,Baja demanda con furgonetas,,90,2,1.3703716274597444,0.5030201816267625,725207.4305640268,4000000.0,3274792.569435973,0.0,255.8243566981842,0,9
B2,Baja demanda con furgonetas,,90,2,1.4112411364727746,0.5911119505448874,719909.1885791284,4350000.0,3630090.811420872,0.0,249.20155421706116,0,9
B2,Baja demanda con furgonetas,,70,7,1.5078761789722623,0.6568834042971399,689751.4343363625,3150000.0,2460248.5656636376,0.0,211.5043614136038,0,7
B2,Baja demanda con furgonetas,,80,1,1.384335498364956,0.6156708786565513,697077.9556334264,3650000.0,2952922.0443665734,0.0,220.66251303493368,0,8
B2,Baja demanda con furgonetas,,70,6,1.5156492958214294,0.6675172570095389,687730.424829799,3350000.0,2662269.5751702012,0.0,208.9780995303995,0,7
B2,Baja demanda con furgonetas,,80,8,1.4677082867740583,0.5558456047062752,702221.9689697584,3600000.0,2897778.0310302414,0.0,227.0925297053484,0,8
B2,Baja demanda con furgonetas,,90,0,1.4258769099806212,0.455177211408696,717661.3543360863,4000000.0,3282338.645663914,0.0,246.39176141325876,0,9
B2,Baja demanda con furgonetas,,80,4,1.3481459334329144,0.5825559467624537,693173.2981536135,4100000.0,3406826.7018463863,0.0,215.7816911851674,0,8
B2,Baja demanda con furgonetas,,90,5,1.5421536116174674,0.5252070856038996,730410.5144190075,4100000.0,3369589.4855809924,0.0,262.3282115169101,0,9
B2,Baja demanda con furgonetas,,90,0,1.410676693833255,0.5474385114236463,730148.6140892385,4150000.0,3419851.3859107615,0.0,262.00083610469903,0,9
B2,Baja demanda con furgonetas,,80,3,1.5223725115720208,0.6022929692544495,690320.1141252184,3400000.0,2709679.8858747818,0.0,212.2152111496736,0,8
B2,Baja demanda con furgonetas,,80,7,1.8273779497455354,0.7670213273336902,708614.6820798537,3900000.0,3191385.3179201465,0.0,235.08342109296757,0,8
B2,Baja demanda con furgonetas,,90,3,1.4834011154648505,0.5685036369978942,723598.6678926371,4150000.0,3426401.332107363,0.0,253.81340335894708,0,9
B2,Baja demanda con furgonetas,,90,6,1.3208430251535512,0.511039299803503,722552.7374458568,4150000.0,3427447.262554143,0.0,252.50599030047164,0,9
B2,Baja demanda con furgonetas,,100,6,1.4051665339132433,0.5177017550997622,764816.9530393058,5100000.0,4335183.046960695,0.0,305.3362597922828,0,10
B2,Baja demanda con furgonetas,,80,5,1.46284519745342,0.5599821528909356,693269.4657365293,3650000.0,2956730.5342634707,0.0,215.90190066381234,0,8
B2,Baja demanda con furgonetas,,80,5,1.4785049640466947,0.6071159642961357,719063.8919516775,3200000.0,2480936.1080483226,0.0,248.1449334327478,0,8
B2,Baja demanda con furgonetas,,70,2,1.5690021435526416,0.7302369353121712,683836.5544565679,2850000.0,2166163.445543432,0.0,204.11076156386042,0,7
B2,Baja demanda con furgonetas,,80,3,1.5755315560717456,0.5825296982375089,722543.4693553656,3450000.0,2727456.5306446343,0.0,252.49440518735756,0,8
B2,Baja demanda con furgonetas,,60,3,1.6557273094499947,0.6888029989623402,657616.082598578,2550000.0,1892383.917401422,0.0,171.33517174137305,0,6
B2,Baja demanda con furgonetas,,70,5,1.6027855376925135,0.6449880245186649,684480.0087091912,3650000.0,2965519.9912908087,0.0,204.91507937963948,0,7
B2,Baja demanda con furgonetas,,80,8,1.682539213652975,0.6783326385437837,717024.2097437684,3750000.0,3032975.7902562316,0.0,245.5953306728611,0,8
B2,Baja demanda con furgonetas,,80,7,1.6337675356938544,0.6345043063485145,679319.1270065787,3450000.0,2770680.8729934213,0.0,198.46397725137408,0,8
B2,Baja demanda con furgonetas,,70,7,1.700252211322309,0.6439380760568927,680461.6584268205,2950000.0,2269538.3415731797,0.0,199.89214152667645,0,7
B2,Baja demanda con furgonetas,,80,3,1.7101893925530092,0.6834513281170174,703028.339449265,3650000.0,2946971.660550735,0.0,228.1004928047319,0,8
B2,Baja demanda con furgonetas,,70,9,1.6482077880361705,0.7474266430180158,665255.7044951726,3050000.0,2384744.2955048275,0.0,180.8846991121163,0,7
B2,Baja demanda con furgonetas,,80,10,1.616163138814375,0.6178535055247352,718241.990605088,3450000.0,2731758.009394912,0.0,247.11755674951073,0,8
B2,Baja demanda con furgonetas,,80,1,1.5830160649778615,0.5194122818742413,687736.8379477136,4050000.0,3362263.1620522863,0.0,208.98611592779272,0,8
B2,Baja demanda con furgonetas,,90,3,1.3755554927109463,0.5651370156853789,721589.4885294186,4300000.0,3578410.5114705814,0.0,251.3019291549241,0,9
B2,Baja demanda con furgonetas,,80,7,1.7033253473808017,0.7093505879198597,695518.7888528553,3500000.0,2804481.2111471444,0.0,218.71355455921992,0,8
B2,Baja demanda con furgonetas,,80,7,1.569352026429877,0.5763713786726294,728396.846530095,3200000.0,2471603.1534699053,0.0,259.8111266557693,0,8
B2,Baja demanda con furgonetas,,80,7,1.4784313582179471,0.5824123389909357,702964.3503283508,3750000.0,3047035.649671649,0.0,228.020506403589,0,8
B2,Baja demanda con furgonetas,,90,0,1.5081500622571196,0.5622635824977206,721800.7443547028,4200000.0,3478199.2556452975,0.0,251.565998936529,0,9
B2,Baja demanda con furgonetas,,90,8,1.4198482837949822,0.4841916650849997,721715.0265969615,3900000.0,3178284.9734030385,0.0,251.45885173935255,0,9
B2,Baja demanda con furgonetas,,100,6,1.2859628185201033,0.5185826265270116,737671.6894700477,4700000.0,3962328.3105299524,0.0,271.4046803307101,0,10
B2,Baja demanda con furgonetas,,80,3,1.77818330790587,0.6547139503132536,699782.9717568469,3850000.0,3150217.0282431534,0.0,224.0437831892093,0,8
B2,Baja demanda con furgonetas,,70,5,1.357873285426908,0.5995241413217646,669639.045743765,3100000.0,2430360.954256235,0.0,186.36387567285698,0,7
B2,Baja demanda con furgonetas,,80,6,1.4296420737876896,0.45902044912278905,699944.6115388676,3600000.0,2900055.3884611325,0.0,224.245832916735,0,8
B2,Baja demanda con furgonetas,,80,7,1.4880352050707792,0.5878126769997978,707505.5085159019,3950000.0,3242494.491484098,0.0,233.6969541380278,0,8
B2,Baja demanda con furgonetas,,80,9,1.7472683638601534,0.6994991949116185,712359.6520622495,3850000.0,3137640.3479377506,0.0,239.76463357096247,0,8
B2,Baja demanda con furgonetas,,90,6,1.3640402979881212,0.49600656726419,739729.2506352882,4100000.0,3360270.749364712,0.0,273.97663178726094,0,9
B2,Baja demanda con furgonetas,,70,4,2.025974210101682,0.7546219736676304,689371.0152265066,3250000.0,2560628.9847734934,0.0,211.0288375262839,0,7
B2,Baja demanda con furgonetas,,80,4,1.3728780822171955,0.618185298326346,682441.0489229778,3200000.0,2517558.951077022,0.0,202.36637964687287,0,8
B2,Baja demanda con furgonetas,,60,5,1.7326176389022767,0.8190706043715915,653944.1327575119,2450000.0,1796055.867242488,0.0,166.7452344400405,0,6
B2,Baja demanda con furgonetas,,110,5,1.3705847884188131,0.4446388515358659,771158.9813457965,4950000.0,4178841.0186542035,0.0,313.2637951753964,0,11
B2,Baja demanda con furgonetas,,80,9,1.5716072695018377,0.6852288573568708,709413.1374371948,3550000.0,2840586.8625628054,0.0,236.08149028964428,0,8
B2,Baja demanda con furgonetas,,70,5,1.6986452250348627,0.7134371459487638,677313.2589167955,3200000.0,2522686.7410832047,0.0,195.95664213914492,0,7
B2,Baja demanda con furgonetas,,80,2,1.4119705396505549,0.565012375102711,698673.4113003148,3400000.0,2701326.5886996854,0.0,222.65683261854423,0,8
B2,Baja demanda con furgonetas,,90,6,1.5057447772548391,0.5568789372201222,734142.0356168642,4150000.0,3415857.9643831355,0.0,266.99261301423115,0,9
B2,Baja demanda con furgonetas,,80,4,1.5770720918964976,0.6048616794121149,719047.6121628111,3900000.0,3180952.387837189,0.0,248.12458369666473,0,8
B2,Baja demanda con furgonetas,,80,5,1.5731397316153448,0.5856362967454112,691201.4143637121,3750000.0,3058798.585636288,0.0,213.31683644779082,0,8
B2,Baja demanda con furgonetas,,90,2,1.661556279493739,0.55179848445646,716101.7815421514,4050000.0,3333898.2184578488,0.0,244.44229542083983,0,9
B2,Baja demanda con furgonetas,,80,0,1.4802784420559862,0.5777515842432819,685643.8542588972,3550000.0,2864356.1457411028,0.0,206.36988631677212,0,8
B2,Baja demanda con furgonetas,,70,8,1.556971503942772,0.6691405710520713,666924.0741188393,3300000.0,2633075.9258811604,0.0,182.97016114169992,0,7
B2,Baja demanda con furgonetas,,70,1,1.612837021750349,0.6498002360335383,673340.5136032397,3150000.0,2476659.48639676,0.0,190.99071049720033,0,7
B2,Baja demanda con furgonetas,,80,0,1.493137825869702,0.7039168482887664,695409.0917114167,3950000.0,3254590.908288583,0.0,218.57643313242144,0,8
B2,Baja demanda con furgonetas,,90,3,1.6606911617424291,0.5216753037474153,739124.9187614506,4150000.0,3410875.081238549,0.0,273.221216944964,0,9
B2,Baja demanda con furgonetas,,90,4,1.5783749628247872,0.6259352660292272,734146.3297503663,3650000.0,2915853.6702496335,0.0,266.9979806811085,0,9
B2,Baja demanda con furgonetas,,80,4,1.4520960330774069,0.6136015957504439,703702.2234209473,3300000.0,2596297.7765790527,0.0,228.9428477693348,0,8
B2,Baja demanda con furgonetas,,80,4,1.509988394582438,0.49711860346437736,723546.6872855898,3250000.0,2526453.31271441,0.0,253.74842760013775,0,8
B2,Baja demanda con furgonetas,,90,5,1.4809404075437076,0.5530329927640574,726314.0932882574,3850000.0,3123685.9067117427,0.0,257.20768510347244,0,9
B2,Baja demanda con furgonetas,,90,6,1.6353167050036295,0.5740686226008862,728279.9509952173,3950000.0,3221720.049004783,0.0,259.66500723717246,0,9
B2,Baja demanda con furgonetas,,100,9,1.3971120850675212,0.4795148296253499,755324.4841207609,4550000.0,3794675.515879239,0.0,293.4706736441018,0,10
B2,Baja demanda con furgonetas,,90,1,1.4646096228118317,0.5103028139472859,724062.9756988689,4200000.0,3475937.0243011313,0.0,254.3937881167368,0,9
B2,Baja demanda con furgonetas,,90,10,1.3977176498804265,0.54148552571201,735527.6342103642,4300000.0,3564472.365789636,0.0,268.7246112561061,0,9
B2,Baja demanda con furgonetas,,70,8,1.7243028217796632,0.621248046258369,679177.0263358933,3350000.0,2670822.973664107,0.0,198.28635141301743,0,7
B2,Baja demanda con furgonetas,,80,5,1.7303323935936192,0.5762322842805099,702663.0607816852,3500000.0,2797336.939218315,0.0,227.643894470257,0,8
B2,Baja demanda con furgonetas,,70,6,1.8753895661083038,0.7214891009956337,676020.5876111529,3300000.0,2623979.412388847,0.0,194.34080300709164,0,7
B2,Baja demanda con furgonetas,,70,3,1.6426167143965844,0.7555879101387207,683686.3479255963,2900000.0,2216313.6520744036,0.0,203.92300340014575,0,7
B2,Baja demanda con furgonetas,,70,1,1.7537770758837883,0.6660999804140016,688742.8225282129,3400000.0,2711257.177471787,0.0,210.24359665341697,0,7
B2,Baja demanda con furgonetas,,70,8,1.7944562132366921,0.7218553026743906,698168.7422922774,3350000.0,2651831.2577077225,0.0,222.02599635849748,0,7
B2,Baja demanda con furgonetas,,90,5,1.6205849302545239,0.5783267788054303,734496.8246515201,3650000.0,2915503.1753484798,0.0,267.4360993075508,0,9
B2,Baja demanda con furgonetas,,90,8,1.4219148350226036,0.5425955477041347,720594.8334966251,4150000.0,3429405.166503375,0.0,250.05861036393202,0,9
B2,Baja demanda con furgonetas,,80,2,1.3886129591396954,0.5640589752179018,708202.1589981173,3850000.0,3141797.8410018827,0.0,234.5677672407974,0,8
B2,Baja demanda con furgonetas,,90,9,1.5235834936360375,0.6072830495871981,722396.9966322571,4200000.0,3477603.003367743,0.0,252.31131428347234,0,9
B2,Baja demanda con furgonetas,,80,8,1.74894621881239,0.6252759111800923,702700.8486878877,3800000.0,3097299.1513121123,0.0,227.69112935301044,0,8
B2,Baja demanda con furgonetas,,70,6,1.6941017317060447,0.7407915023316063,674014.5029268567,3450000.0,2775985.4970731433,0.0,191.83319715172155,0,7
B2,Baja demanda con furgonetas,,80,4,1.5093897858154868,0.5066681318499523,703357.3669735186,3300000.0,2596642.6330264816,0.0,228.51177721004896,0,8
B2,Baja demanda con furgonetas,,100,11,1.4889461696222668,0.5430076701590751,747429.2200785986,4600000.0,3852570.7799214013,0.0,283.6015935913988,0,10
B2,Baja demanda con furgonetas,,90,5,1.585188184471271,0.5468405822943958,728829.0477061804,4250000.0,3521170.9522938197,0.0,260.35137812587635,0,9
B2,Baja demanda con furgonetas,,90,4,1.3441591171790577,0.5087445892122717,720032.807717982,3950000.0,3229967.1922820183,0.0,249.35607814062803,0,9
B2,Baja demanda con furgonetas,,80,7,1.4874476117025004,0.5639103434526913,703857.4534748171,3700000.0,2996142.546525183,0.0,229.1368853366723,0,8
B2,Baja demanda con furgonetas,,90,5,1.4460712562096951,0.5252173096846194,716555.4357750268,3600000.0,2883444.5642249733,0.0,245.0093632119343,0,9
B2,Baja demanda con furgonetas,,80,1,1.3460766972588147,0.5741786121065646,700093.9766190244,3600000.0,2899906.0233809757,0.0,224.4325392669311,0,8
B2,Baja demanda con furgonetas,,80,4,1.5868978569264678,0.6184132050387954,702628.3809755975,3700000.0,2997371.6190244025,0.0,227.60054471264766,0,8
B2,Baja demanda con furgonetas,,100,1,1.4696996060347576,0.5049915463312664,745019.4743525757,4500000.0,3754980.525647424,0.0,280.5894114338706,0,10
B2,Baja demanda con furgonetas,,80,9,1.7022352332238764,0.533829289288967,724538.2441619975,3500000.0,2775461.7558380025,0.0,254.98787369564724,0,8
B2,Baja demanda con furgonetas,,80,4,1.2880243675190117,0.5270441191934168,702560.8643623561,3500000.0,2797439.1356376437,0.0,227.5161489460958,0,8
B2,Baja demanda con furgonetas,,80,9,1.4644451941361356,0.5501054045241097,695677.9269897505,3450000.0,2754322.0730102495,0.0,218.9124772303387,0,8
B2,Baja demanda con furgonetas,,80,6,1.406724654961828,0.5950407374373474,679696.378841697,3650000.0,2970303.6211583028,0.0,198.93554204527197,0,8
B2,Baja demanda con furgonetas,,70,7,1.6701801791572741,0.7416093958488564,680863.7787522193,3250000.0,2569136.2212477806,0.0,200.39479193342487,0,7
B2,Baja demanda con furgonetas,,80,9,1.5092259800554972,0.6840216262098016,723679.3018889017,3750000.0,3026320.6981110983,0.0,253.91419585427775,0,8
B2,Baja demanda con furgonetas,,70,6,1.5792611517181379,0.7726737874233911,676083.670132436,3050000.0,2373916.329867564,0.0,194.41965615869552,0,7
B2,Baja demanda con furgonetas,,100,8,1.671134376075293,0.5395573967940476,756327.8431297792,4600000.0,3843672.156870221,0.0,294.72487240537487,0,10
B2,Baja demanda con furgonetas,,80,7,1.5578883413736855,0.5985324081934239,706689.1667264651,3500000.0,2793310.8332735347,0.0,232.67652690123194,0,8
B2,Baja demanda con furgonetas,,90,7,1.3234209730685822,0.4779731726046417,716158.4197088707,3800000.0,3083841.580291129,0.0,244.5130931292391,0,9
B2,Baja demanda con furgonetas,,80,3,1.6857409528280047,0.5912743355594428,705751.4146174742,3300000.0,2594248.585382526,0.0,231.50433676499347,0,8
B2,Baja demanda con furgonetas,,90,6,1.6993933905112666,0.5688507688232463,732186.7364873816,4250000.0,3517813.2635126184,0.0,264.54848910237786,0,9
B2,Baja demanda con furgonetas,,80,7,1.4020185967430625,0.46849587341604826,712233.2360809877,3250000.0,2537766.763919012,0.0,239.60661359438544,0,8
B2,Baja demanda con furgonetas,,100,5,1.3488648553083395,0.5176788917503459,736415.1600556432,4600000.0,3863584.839944357,0.0,269.8340185627044,0,10
B2,Baja demanda con furgonetas,,90,8,1.568561825501539,0.5451749643706918,722786.2951944439,3950000.0,3227213.704805556,0.0,252.79793748620563,0,9
B2,Baja demanda con furgonetas,,80,2,1.5846429163609763,0.5290693064625241,693782.4401876131,3800000.0,3106217.559812387,0.0,216.5431187276672,0,8
B2,Baja demanda con furgonetas,,70,4,1.5804513233377009,0.6404320591586402,677591.500337619,3150000.0,2472408.499662381,0.0,196.3044439151743,0,7
B2,Baja demanda con furgonetas,,70,0,1.6655970907458433,0.6181259384143413,678283.5539954558,3150000.0,2471716.4460045444,0.0,197.16951098747063,0,7
B2,Baja demanda con furgonetas,,90,4,1.6441702602921684,0.5648410158885238,726795.4870781084,3950000.0,3223204.5129218916,0.0,257.8094273407862,0,9
B2,Baja demanda con furgonetas,,90,6,1.2321907066030684,0.5027280851454901,725677.8667360784,3950000.0,3224322.1332639214,0.0,256.41240191324874,0,9
B2,Baja demanda con furgonetas,,90,5,1.4686664107129124,0.5154585353632353,718570.7358959818,4000000.0,3281429.264104018,0.0,247.52848836312785,0,9
B2,Baja demanda con furgonetas,,60,3,1.6479948218082505,0.6297836625059708,661905.8481794897,3150000.0,2488094.15182051,0.0,176.69737871751283,0,6
B2,Baja demanda con furgonetas,,60,8,1.9619810194668645,0.7584512098495932,663678.0916164375,2750000.0,2086321.9083835625,0.0,178.91268301369757,0,6
B2,Baja demanda con furgonetas,,90,9,1.3590283070465563,0.4963014835480843,726383.7173297824,3850000.0,3123616.2826702176,0.0,257.29471515537875,0,9
B2,Baja demanda con furgonetas,,90,5,1.419222006446597,0.6050235850390899,711113.5438642395,4100000.0,3388886.4561357605,0.0,238.20699832345002,0,9
B2,Baja demanda con furgonetas,,90,2,1.5034958672552083,0.5986628356655618,732338.3238740432,3950000.0,3217661.6761259567,0.0,264.73797333570485,0,9
B2,Baja demanda con furgonetas,,90,7,1.582788192694093,0.5533055643417192,743408.8738271345,3900000.0,3156591.1261728657,0.0,278.5761607770689,0,9
B2,Baja demanda con furgonetas,,110,3,1.356110282659661,0.5038321976665873,770948.2286973811,4650000.0,3879051.771302619,0.0,313.0003543648771,0,11
B2,Baja demanda con furgonetas,,80,11,1.6454133206901802,0.6158833087194973,714950.7273830284,3750000.0,3035049.2726169717,0.0,243.0034777219362,0,8
B2,Baja demanda con furgonetas,,90,6,1.307342800477033,0.5946587242803322,721629.6954853364,3900000.0,3178370.3045146638,0.0,251.3521878498211,0,9
B2,Baja demanda con furgonetas,,80,9,1.5944613064203845,0.6414258560164731,711077.8602967949,3400000.0,2688922.139703205,0.0,238.16239386414424,0,8
B2,Baja demanda con furgonetas,,100,9,1.5093664591858222,0.4816554673790986,761204.5616470432,4500000.0,3738795.438352957,0.0,300.8207705519547,0,10
B2,Baja demanda con furgonetas,,80,9,1.5422485814345301,0.5671713108083336,710818.4742739017,3550000.0,2839181.5257260986,0.0,237.8381613355278,0,8
B2,Baja demanda con furgonetas,,90,1,1.44781704022086,0.5898320039840582,721643.4199556196,3900000.0,3178356.5800443804,0.0,251.36934343767527,0,9
B2,Baja demanda con furgonetas,,90,8,1.6550608196429806,0.6161696882506124,731898.2964646418,4000000.0,3268101.7035353584,0.0,264.1879390739528,0,9
B2,Baja demanda con furgonetas,,90,10,1.4657476720122837,0.5691110568493097,740530.379716364,3750000.0,3009469.6202836363,0.0,274.9780431386056,0,9
B2,Baja demanda con furgonetas,,80,9,1.5301577074527846,0.5909395312411163,683184.4429593009,3950000.0,3266815.557040699,0.0,203.29562219227682,0,8
B2,Baja demanda con furgonetas,,80,5,1.4900438438876589,0.6113708805986354,704991.9177261823,4050000.0,3345008.0822738176,0.0,230.55496565087856,0,8
B2,Baja demanda con furgonetas,,70,3,1.6458403717938417,0.6608455891133093,683476.3870968453,3000000.0,2316523.6129031545,0.0,203.66055236420735,0,7
B2,Baja demanda con furgonetas,,80,1,1.6146834749054784,0.6212829683899311,684394.7711572939,3600000.0,2915605.228842706,0.0,204.80853243976833,0,8
B2,Baja demanda con furgonetas,,80,2,1.4079583943436105,0.5306371763024023,699826.914055831,3450000.0,2750173.085944169,0.0,224.09871106293951,0,8
B2,Baja demanda con furgonetas,,90,8,1.4655407531757785,0.5267812473849244,732960.8301970782,4100000.0,3367039.169802922,0.0,265.5161062394982,0,9
B2,Baja demanda con furgonetas,,80,8,1.4529103237634786,0.5949437128619623,695347.9987870537,4200000.0,3504652.001212946,0.0,218.500066976968,0,8
B2,Baja demanda con furgonetas,,70,7,1.6409469078513745,0.6629902909968907,687942.9378939387,3150000.0,2462057.0621060613,0.0,209.243740860574,0,7
B2,Baja demanda con furgonetas,,80,8,1.5290952633594501,0.5774035347306146,708809.5303747559,3250000.0,2541190.469625244,0.0,235.32698146159575,0,8
B2,Baja demanda con furgonetas,,80,5,1.5468389440969401,0.6896355989081696,699239.5868074278,3050000.0,2350760.413192572,0.0,223.36455200243572,0,8
B2,Baja demanda con furgonetas,,90,7,1.5248183676845002,0.5610249669409292,729132.5038078617,4050000.0,3320867.496192138,0.0,260.7306982529779,0,9
B2,Baja demanda con furgonetas,,90,4,1.2921219417465386,0.4599119454741209,731319.9268904446,3900000.0,3168680.0731095555,0.0,263.4649771062064,0,9
B2,Baja demanda con furgonetas,,90,8,1.4546530860058677,0.6150247205915952,721254.7371031764,4500000.0,3778745.2628968237,0.0,250.88348987212123,0,9
B2,Baja demanda con furgonetas,,80,7,1.6405303533225652,0.5858550092958157,703272.216413799,3800000.0,3096727.7835862013,0.0,228.4053390103992,0,8
B2,Baja demanda con furgonetas,,80,10,1.739901765782608,0.6266480577718112,707692.7662801879,3600000.0,2892307.2337198122,0.0,233.93102634338544,0,8
B2,Baja demanda con furgonetas,,90,6,1.3697090433081602,0.5089171237121357,707810.3796162313,4200000.0,3492189.620383769,0.0,234.0780430134397,0,9
B2,Baja demanda con furgonetas,,80,7,1.4190179881145015,0.6334944686676404,708253.5995574424,3950000.0,3241746.4004425574,0.0,234.63206793995332,0,8
B2,Baja demanda con furgonetas,,80,1,1.510182730929842,0.6454364640996344,697923.815979138,3450000.0,2752076.184020862,0.0,221.71983846707334,0,8
B2,Baja demanda con furgonetas,,110,3,1.3512275291223732,0.4548100130372493,785053.5670897497,5050000.0,4264946.4329102505,0.0,330.632027355338,0,11
B2,Baja demanda con furgonetas,,80,9,1.5862447545926557,0.5553747741963957,693265.3637840475,3700000.0,3006734.636215952,0.0,215.89677322320995,0,8
B2,Baja demanda con furgonetas,,80,7,1.3321129839920278,0.5765484610684377,698491.9265490737,3600000.0,2901508.073450926,0.0,222.42997667949282,0,8
B2,Baja demanda con furgonetas,,80,0,1.4237074816906676,0.5560222862597414,716767.9835729947,3700000.0,2983232.016427005,0.0,245.27504795939393,0,8
B2,Baja demanda con furgonetas,,90,2,1.848554325230105,0.5815594918424801,741377.1745832533,4050000.0,3308622.8254167465,0.0,276.0365367222172,0,9
B2,Baja demanda con furgonetas,,70,6,1.4134714513702484,0.564147793082511,686911.3711926758,3250000.0,2563088.628807324,0.0,207.95428248399529,0,7
B2,Baja demanda con furgonetas,,70,6,1.317395106713761,0.6099188274354527,660525.0090152762,2900000.0,2239474.990984724,0.0,174.97132976224592,0,7
B2,Baja demanda con furgonetas,,80,9,1.4565243034103195,0.631304544490066,705847.1140068802,3550000.0,2844152.88599312,0.0,231.62396100175079,0,8
B2,Baja demanda con furgonetas,,70,0,1.4462644579778705,0.7208544936004045,668893.5238129098,3250000.0,2581106.4761870904,0.0,185.43197325928793,0,7
B2,Baja demanda con furgonetas,,100,7,1.5114062074923276,0.5382068968454021,755936.7019638148,4900000.0,4144063.298036185,0.0,294.23594594791905,0,10
B2,Baja demanda con furgonetas,,70,7,1.4969169742144177,0.6465503928346251,675460.8033576225,2950000.0,2274539.1966423774,0.0,193.64107269017876,0,7
B2,Baja demanda con furgonetas,,90,0,1.500694747204287,0.5248920789570493,730581.2979141556,3900000.0,3169418.7020858442,0.0,262.5416908858453,0,9
B2,Baja demanda con furgonetas,,80,5,1.4632907703353353,0.5703859218560082,713573.373360794,3700000.0,2986426.626639206,0.0,241.2817851941432,0,8
B2,Baja demanda con furgonetas,,90,2,1.6081895678855709,0.5385525190077557,735272.5931934555,4150000.0,3414727.4068065444,0.0,268.40580998496995,0,9
B2,Baja demanda con furgonetas,,50,3,1.833124646203289,0.8557237983836834,638171.1653274521,2250000.0,1611828.8346725479,0.0,147.02902515246592,0,5
B2,Baja demanda con furgonetas,,90,1,1.4179508236953142,0.474670499231329,734227.4680833071,3500000.0,2765772.531916693,0.0,267.09940359728466,0,9
B2,Baja demanda con furgonetas,,80,7,1.6644046705146642,0.6838821459844316,707356.2938877654,3600000.0,2892643.706112235,0.0,233.51043585285743,0,8
B2,Baja demanda con furgonetas,,60,2,1.705793916952976,0.7345505328422856,658686.7617063366,2950000.0,2291313.2382936636,0.0,172.67352062607148,0,6
B2,Baja demanda con furgonetas,,90,5,1.5308622166388897,0.5490435035764398,741510.0141950595,3850000.0,3108489.9858049406,0.0,276.202586236975,0,9
B2,Baja demanda con furgonetas,,100,3,1.5921885691061735,0.4716142526510046,747687.9732434097,4800000.0,4052312.02675659,0.0,283.9250350474125,0,10
B2,Baja demanda con furgonetas,,90,6,1.5088584022743965,0.5290371615594887,738743.8048677184,4100000.0,3361256.1951322816,0.0,272.7448245777985,0,9
B2,Baja demanda con furgonetas,,70,8,1.6604184539143994,0.6969592352061317,674100.7571450132,3100000.0,2425899.242854987,0.0,191.94101492441698,0,7
B2,Baja demanda con furgonetas,,80,6,1.4880097345812173,0.6072811114832446,712762.9812420919,3950000.0,3237237.018757908,0.0,240.26879504576542,0,8
B2,Baja demanda con furgonetas,,90,7,1.492384732913641,0.5692966066472845,721119.0898336264,4150000.0,3428880.9101663735,0.0,250.71393078518375,0,9
B2,Baja demanda con furgonetas,,80,0,1.5358037270519254,0.6203044776311087,712663.4063841888,3550000.0,2837336.5936158113,0.0,240.14432647338657,0,8
B2,Baja demanda con furgonetas,,80,8,1.3446644106661272,0.5066118865572506,700230.1331186529,3750000.0,3049769.8668813473,0.0,224.60273489146687,0,8
B2,Baja demanda con furgonetas,,70,1,1.6044712970504906,0.5881998337931201,688108.2343427495,3200000.0,2511891.765657251,0.0,209.45036142158762,0,7
B2,Baja demanda con furgonetas,,80,2,1.3897611371784004,0.551663035655132,693162.8312984509,3850000.0,3156837.168701549,0.0,215.76860761621447,0,8
B2,Baja demanda con furgonetas,,90,6,1.6877618420228793,0.6362197589371057,727218.2109977424,4050000.0,3322781.7890022574,0.0,258.3378322403286,0,9
B2,Baja demanda con furgonetas,,80,1,1.6125743246882984,0.5598178957999257,711688.3393286443,3500000.0,2788311.6606713557,0.0,238.92549265395598,0,8
B2,Baja demanda con furgonetas,,80,9,1.5727574544885328,0.5987000306704664,735127.6073251857,3700000.0,2964872.3926748144,0.0,268.2245776496327,0,8
B2,Baja demanda con furgonetas,,80,8,1.6329972876141454,0.5604652084960788,702513.2459010121,3500000.0,2797486.754098988,0.0,227.4566258694158,0,8
B2,Baja demanda con furgonetas,,80,8,2.1124174000542055,0.6812884790445699,720611.6218575531,3500000.0,2779388.3781424467,0.0,250.07959581509195,0,8
B2,Baja demanda con furgonetas,,70,9,1.7254978190142662,0.6663509023237709,673322.5286848799,2950000.0,2276677.4713151203,0.0,190.96822934925058,0,7
B2,Baja demanda con furgonetas,,70,1,1.4569407744811638,0.6300594558628274,682707.4708581975,3100000.0,2417292.5291418023,0.0,202.69940706589762,0,7
B2,Baja demanda con furgonetas,,80,5,1.5397022024121365,0.5551480942730765,713901.0782937905,3700000.0,2986098.9217062094,0.0,241.69141636038864,0,8
B2,Baja demanda con furgonetas,,90,8,1.5502643785165813,0.5380514012738252,719427.3874054383,4150000.0,3430572.6125945617,0.0,248.59930274994886,0,9
B2,Baja demanda con furgonetas,,90,1,1.4774804684891776,0.5302072030206554,736269.7496716274,4050000.0,3313730.2503283727,0.0,269.65225558268486,0,9
B2,Baja demanda con furgonetas,,80,2,1.547631662717771,0.5775849526599484,712478.8657971104,3500000.0,2787521.1342028896,0.0,239.91365073953864,0,8
B2,Baja demanda con furgonetas,,90,3,1.3940094897600093,0.5807940866725948,735279.0288278415,4350000.0,3614720.9711721586,0.0,268.41385452795254,0,9
B2,Baja demanda con furgonetas,,80,3,1.7145800783534235,0.6243730153261563,695827.1661138226,3500000.0,2804172.8338861773,0.0,219.09902613542903,0,8
B2,Baja demanda con furgonetas,,80,5,1.5243807407135423,0.5565612653701517,698515.2102003127,3600000.0,2901484.7897996875,0.0,222.45908124354142,0,8
B2,Baja demanda con furgonetas,,80,4,1.3622699890584782,0.5180436167717535,713713.2759848833,3650000.0,2936286.7240151167,0.0,241.45666347425487,0,8
B2,Baja demanda con furgonetas,,80,3,1.6023101183815947,0.5347177104691576,720327.8676292009,3400000.0,2679672.132370799,0.0,249.7249030296518,0,8
B2,Baja demanda con furgonetas,,110,1,1.3380847778734362,0.450762420996469,756551.1797120787,4900000.0,4143448.8202879215,0.0,295.0040431332491,0,11
B2,Baja demanda con furgonetas,,80,2,1.6648902870926718,0.6122115569842452,703785.1703380276,3850000.0,3146214.8296619724,0.0,229.0465314156852,0,8
B2,Baja demanda con furgonetas,,80,10,1.6487028933195726,0.5750984837345591,701342.7993619681,3750000.0,3048657.200638032,0.0,225.99356769561086,0,8
B2,Baja demanda con furgonetas,,100,3,1.4215781660312754,0.5681531010501852,750166.0202724135,4750000.0,3999833.9797275867,0.0,287.02259383366754,0,10
B2,Baja demanda con furgonetas,,90,10,1.3860492891719598,0.45938397043331775,720786.2406777092,3850000.0,3129213.759322291,0.0,250.29786934028724,0,9
B2,Baja demanda con furgonetas,,90,0,1.4217838759660706,0.5642791406438954,738327.6891906693,3850000.0,3111672.3108093305,0.0,272.22467998148744,0,9
B2,Baja demanda con furgonetas,,80,4,1.5597780238692245,0.6199992182038352,715328.7810145959,3550000.0,2834671.218985404,0.0,243.47604476139543,0,8
B2,Baja demanda con furgonetas,,60,1,1.7481638729034998,0.7155158065371761,665262.6236034596,2750000.0,2084737.3763965406,0.0,180.89334799747502,0,6
B2,Baja demanda con furgonetas,,100,6,1.3462476919716653,0.504942520530558,763668.5990465599,4050000.0,3286331.40095344,0.0,303.90081730135034,0,10
B2,Baja demanda con furgonetas,,100,4,1.5938930892109908,0.5319128874779108,748619.102530306,4850000.0,4101380.897469694,0.0,285.08894665603333,0,10
B2,Baja demanda con furgonetas,,60,5,1.7419409671193666,0.8102688490027206,659169.0063143744,2650000.0,1990830.9936856255,0.0,173.27632638611868,0,6
B2,Baja demanda con furgonetas,,80,3,1.2900251880133262,0.5097259732791162,710398.7743487192,3850000.0,3139601.225651281,0.0,237.31353642904952,0,8
B2,Baja demanda con furgonetas,,90,5,1.2894155751289935,0.4879355390629766,716554.9977249994,3700000.0,2983445.0022750003,0.0,245.00881564940002,0,9
B2,Baja demanda con furgonetas,,100,0,1.4514850007938087,0.5362238107696665,744239.2911142583,4800000.0,4055760.7088857414,0.0,279.6141823859737,0,10
B2,Baja demanda con furgonetas,,80,9,1.5209708182867945,0.6152444219542935,717811.8057979605,3450000.0,2732188.1942020394,0.0,246.57982574060145,0,8
B2,Baja demanda con furgonetas,,100,7,1.4310309727559096,0.5425030831684848,753399.9536022546,4550000.0,3796600.0463977456,0.0,291.06501049596903,0,10
B2,Baja demanda con furgonetas,,70,9,1.75204275797505,0.6523000865180606,676693.5845403321,3150000.0,2473306.415459668,0.0,195.1820491685657,0,7
B2,Baja demanda con furgonetas,,90,2,1.414832368951467,0.5426255789453702,701979.2880811418,3700000.0,2998020.7119188583,0.0,226.789178594578,0,9
B2,Baja demanda con furgonetas,,90,6,1.5335262441250204,0.575745488539425,725862.6688005303,3850000.0,3124137.33119947,0.0,256.6434044938134,0,9
B2,Baja demanda con furgonetas,,90,2,1.4083818197833793,0.5304054465884409,735802.1002046026,4450000.0,3714197.899795397,0.0,269.067693748904,0,9
B2,Baja demanda con furgonetas,,110,9,1.3174066223106862,0.430009793237214,764867.1322287975,5050000.0,4285132.867771203,0.0,305.39898377914756,0,11
B2,Baja demanda con furgonetas,,80,9,1.5554888762541916,0.6733747558559646,721460.6344420249,3800000.0,3078539.365557975,0.0,251.14086154568184,0,8
B2,Baja demanda con furgonetas,,90,8,1.6015642624044377,0.5106363084332486,733504.1827798736,4000000.0,3266495.8172201263,0.0,266.19529696799276,0,9
B2,Baja demanda con furgonetas,,80,2,1.4240467773051817,0.5359486139015197,696725.0279698676,3900000.0,3203274.9720301325,0.0,220.22135345548506,0,8
B2,Baja demanda con furgonetas,,80,4,1.3047690571879718,0.585130272783951,704398.4788404896,3500000.0,2795601.52115951,0.0,229.81316704376306,0,8
B2,Baja demanda con furgonetas,,100,0,1.4337863210261972,0.5363591478318505,738665.4101747592,4500000.0,3761334.589825241,0.0,272.64683121159976,0,10
B2,Baja demanda con furgonetas,,100,1,1.514942722064258,0.5037598826965582,736561.8908331499,4650000.0,3913438.1091668503,0.0,270.0174320345882,0,10
B2,Baja demanda con furgonetas,,90,1,1.4938407154581537,0.5856492476775723,730117.1867842657,4200000.0,3469882.8132157344,0.0,261.96155197348276,0,9
B2,Baja demanda con furgonetas,,70,4,1.7888705496677333,0.6612164385657351,686172.5449582149,3050000.0,2363827.4550417853,0.0,207.03074969091932,0,7
B2,Baja demanda con furgonetas,,70,6,1.6347852547190098,0.6613630210287426,688134.7488656323,3250000.0,2561865.2511343677,0.0,209.4835045751913,0,7
B2,Baja demanda con furgonetas,,90,4,1.4190630266368374,0.5234927404090997,723885.4073526439,4200000.0,3476114.592647356,0.0,254.17182768395563,0,9
B2,Baja demanda con furgonetas,,90,3,1.4200427207326072,0.5522739057643085,703355.148498976,4000000.0,3296644.851501024,0.0,228.50900411687064,0,9
B2,Baja demanda con furgonetas,,70,6,1.5439561709027754,0.5897515781573269,681681.0592861063,2950000.0,2268318.9407138936,0.0,201.4163926007836,0,7
B2,Baja demanda con furgonetas,,90,8,1.5742206104971799,0.5538508368501891,724448.2007566636,3600000.0,2875551.7992433365,0.0,254.87531943898023,0,9
B2,Baja demanda con furgonetas,,90,9,1.3892540490638654,0.5407861070672872,728007.8503388481,4350000.0,3621992.1496611517,0.0,259.3248814167107,0,9
B2,Baja demanda con furgonetas,,60,6,1.8130143058467114,0.8866065498171768,662708.7169932914,2300000.0,1637291.2830067086,0.0,177.70096473476497,0,6
B2,Baja demanda con furgonetas,,100,8,1.4691981055184757,0.5018449351800097,756516.7855282786,4950000.0,4193483.2144717216,0.0,294.96105040349863,0,10
B2,Baja demanda con furgonetas,,90,0,1.6240821959349971,0.5236998954834837,734869.951885113,4250000.0,3515130.048114887,0.0,267.90250834954213,0,9
B2,Baja demanda con furgonetas,,80,0,1.699468327781466,0.6633630180319423,720530.3665084111,4000000.0,3279469.6334915888,0.0,249.97802662866462,0,8
B2,Baja demanda con furgonetas,,90,9,1.4382042430609525,0.5594556744794197,715941.7888296334,3950000.0,3234058.2111703665,0.0,244.24230453019254,0,9
B2,Baja demanda con furgonetas,,70,1,1.646550109122995,0.761608671055504,680553.0573174472,3000000.0,2319446.942682553,0.0,200.00639013995962,0,7
B2,Baja demanda con furgonetas,,90,9,1.4681881869495215,0.48746195448252616,725784.5260451639,4300000.0,3574215.473954836,0.0,256.54572604960566,0,9
B2,Baja demanda con furgonetas,,80,1,1.4613734759830028,0.6141876697860472,705955.6953203712,3500000.0,2794044.304679629,0.0,231.7596876436146,0,8
B2,Baja demanda con furgonetas,,80,0,1.6207353498817052,0.5496025672211686,714692.5706617296,3900000.0,3185307.4293382703,0.0,242.68078182031255,0,8
B2,Baja demanda con furgonetas,,80,0,1.6361853921620113,0.5592759450880485,694365.264521102,3450000.0,2755634.735478898,0.0,217.27164914452834,0,8
B2,Baja demanda con furgonetas,,110,2,1.2545926023716447,0.44289484011599833,765918.0934289272,5000000.0,4234081.9065710725,0.0,306.7126852793098,0,11
B2,Baja demanda con furgonetas,,80,5,1.365334109475342,0.5434701085667895,696231.0582487116,3750000.0,3053768.9417512883,0.0,219.60389130404045,0,8
B2,Baja demanda con furgonetas,,90,3,1.6973980587802948,0.532051543840175,739067.2236843383,4100000.0,3360932.7763156616,0.0,273.1490980985736,0,9
B2,Baja demanda con furgonetas,,80,0,1.5649469831956768,0.6239450228514073,701604.545647014,3600000.0,2898395.454352986,0.0,226.3207505519183,0,8
B2,Baja demanda con furgonetas,,70,8,1.62444931112531,0.7446225200795482,671085.3900147564,2850000.0,2178914.6099852435,0.0,188.17180601159612,0,7
B2,Baja demanda con furgonetas,,70,1,1.5864136547071395,0.6523316058406161,670448.5710341923,3400000.0,2729551.428965808,0.0,187.37578228589132,0,7
B2,Baja demanda con furgonetas,,90,6,1.4785709795733317,0.5367849608090903,714379.6371856721,4150000.0,3435620.3628143277,0.0,242.28961497524062,0,9
B2,Baja demanda con furgonetas,,60,2,1.8824898312203786,0.8351210642175327,669681.7621759601,2700000.0,2030318.23782404,0.0,186.41727121310078,0,6
B2,Baja demanda con furgonetas,,100,8,1.3961765207411512,0.5171731682230061,734051.5392962234,4450000.0,3715948.4607037767,0.0,266.8794926134299,0,10
B2,Baja demanda con furgonetas,,70,4,1.5472089631610617,0.6632714169817822,690911.7946469479,3050000.0,2359088.2053530524,0.0,212.95481180183555,0,7
B2,Baja demanda con furgonetas,,90,8,1.5106838594032037,0.5493935979491422,729354.255663016,4250000.0,3520645.744336984,0.0,261.00788807192043,0,9
B2,Baja demanda con furgonetas,,90,0,1.35502708072405,0.5614004720305338,711955.5354150464,4600000.0,3888044.4645849536,0.0,239.25948776195864,0,9
B2,Baja demanda con furgonetas,,80,2,1.5217591809418625,0.5882934023840758,694954.7531684781,3300000.0,2605045.246831522,0.0,218.00850995374864,0,8
B2,Baja demanda con furgonetas,,70,2,1.757952355409158,0.7484305646624575,684578.6302858328,3250000.0,2565421.369714167,0.0,205.03835635044163,0,7
B2,Baja demanda con furgonetas,,70,8,1.8874101995070005,0.7210764854041554,673878.9199026354,3100000.0,2426121.0800973647,0.0,191.6637183714449,0,7
B2,Baja demanda con furgonetas,,90,8,1.4662029457179087,0.5926952695044189,724436.0038026893,4050000.0,3325563.9961973107,0.0,254.86007324651217,0,9
B2,Baja demanda con furgonetas,,80,9,1.3444882114100298,0.5786709814248239,699642.2105624571,3650000.0,2950357.7894375427,0.0,223.86783169622203,0,8
B2,Baja demanda con furgonetas,,90,9,1.633616578842513,0.6233817794305163,716537.2266188317,3650000.0,2933462.773381168,0.0,244.98660176669043,0,9
B2,Baja demanda con furgonetas,,70,8,1.7107492909425492,0.721684902985049,699026.186995059,2950000.0,2250973.8130049407,0.0,223.09780223697453,0,7
B2,Baja demanda con furgonetas,,90,4,1.41794253748794,0.5553087553652732,736563.0922025072,3950000.0,3213436.907797493,0.0,270.0189337462846,0,9
B2,Baja demanda con furgonetas,,90,8,1.5677832087044041,0.5045713373904188,725176.73240856,3900000.0,3174823.26759144,0.0,255.78598400385073,0,9
B2,Baja demanda con furgonetas,,100,3,1.3270124692046372,0.5582271177678405,736693.1059015328,4650000.0,3913306.894098467,0.0,270.18145087006667,0,10
B2,Baja demanda con furgonetas,,90,1,1.5270313816791814,0.5543237752303808,735602.30677001,4050000.0,3314397.69322999,0.0,268.8179519556635,0,9
B2,Baja demanda con furgonetas,,90,8,1.5230045565665569,0.5350496983146146,738604.8629583108,4050000.0,3311395.1370416894,0.0,272.5711471910393,0,9
B2,Baja demanda con furgonetas,,90,9,1.578828459717319,0.5753297925095691,722294.6520186744,4150000.0,3427705.3479813254,0.0,252.1833835164938,0,9
B2,Baja demanda con furgonetas,,90,5,1.4628316801394798,0.6023883334369373,721104.0321337502,4350000.0,3628895.96786625,0.0,250.6951086603383,0,9
B2,Baja demanda con furgonetas,,100,2,1.4235223984451857,0.4773475941317966,746440.1347727242,4450000.0,3703559.8652272755,0.0,282.3652369590561,0,10
B2,Baja demanda con furgonetas,,70,1,1.479406537609504,0.6211887312810656,681950.7286782358,3000000.0,2318049.271321764,0.0,201.75347934094538,0,7
B2,Baja demanda con furgonetas,,80,5,1.5596086987291087,0.5787243122667216,698809.2553745192,3650000.0,2951190.744625481,0.0,222.82663771129975,0,8
B2,Baja demanda con furgonetas,,80,0,1.5530745806485844,0.5691946814698757,693333.4112020201,3300000.0,2606666.58879798,0.0,215.9818324956759,0,8
B2,Baja demanda con furgonetas,,80,10,1.4421497402404053,0.6072171332062173,701458.9885911121,3800000.0,3098541.011408888,0.0,226.13880423204068,0,8
B2,Baja demanda con furgonetas,,90,4,1.3300562793469317,0.516911948262053,731359.0890809332,3800000.0,3068640.9109190665,0.0,263.5139298443172,0,9
B2,Baja demanda con furgonetas,,90,5,1.391098778208197,0.5640673750070115,716308.8762241225,4050000.0,3333691.1237758775,0.0,244.70116377330368,0,9
B2,Baja demanda con furgonetas,,80,4,1.6560811534607685,0.5852885776940855,707673.1157618368,3600000.0,2892326.884238163,0.0,233.90646319544658,0,8
B2,Baja demanda con furgonetas,,90,7,1.6320406409360142,0.5886619700375824,745754.0319569553,4100000.0,3354245.9680430447,0.0,281.507608439345,0,9
B2,Baja demanda con furgonetas,,90,2,1.326480369333723,0.5264298674884742,722463.0783983332,4450000.0,3727536.921601667,0.0,252.39391649106707,0,9
B2,Baja demanda con furgonetas,,80,9,1.519438555327471,0.5448418947200511,703518.8855831196,3650000.0,2946481.1144168805,0.0,228.71367547205023,0,8
B2,Baja demanda con furgonetas,,70,4,1.5657579047834638,0.6597411519945763,672915.6974916952,3250000.0,2577084.302508305,0.0,190.4596903577697,0,7
B2,Baja demanda con furgonetas,,70,7,1.5930332652975527,0.6299206294787462,691059.3428956243,3500000.0,2808940.657104376,0.0,213.1392471126811,0,7
B2,Baja demanda con furgonetas,,90,10,1.3409021158893901,0.5460562763775559,720496.1048081481,4600000.0,3879503.895191852,0.0,249.93519950333584,0,9
B2,Baja demanda con furgonetas,,90,4,1.4078805862188493,0.5315069909816379,728367.948982851,4300000.0,3571632.051017149,0.0,259.7750047217146,0,9
B2,Baja demanda con furgonetas,,80,7,1.4919144313195873,0.6036054838268429,698108.9501810016,3550000.0,2851891.049818998,0.0,221.95125621940258,0,8
B2,Baja demanda con furgonetas,,60,3,1.7979114102811948,0.8087919055833342,656016.4726193148,2450000.0,1793983.5273806853,0.0,169.33565926729423,0,6
B2,Baja demanda con furgonetas,,70,5,1.4076001005758028,0.6048461308669185,670870.0874447667,3000000.0,2329129.9125552336,0.0,187.90267779910894,0,7
B2,Baja demanda con furgonetas,,80,7,1.51865723075568,0.5945584806270923,703526.886743415,3500000.0,2796473.113256585,0.0,228.7236769224194,0,8
B2,Baja demanda con furgonetas,,70,5,1.4815796313663507,0.6036322112310866,660554.1855284534,3000000.0,2339445.8144715466,0.0,175.0078004037175,0,7
B2,Baja demanda con furgonetas,,90,8,1.4715600114430316,0.56725750567049,741301.3543218714,3800000.0,3058698.6456781286,0.0,275.9417613954897,0,9
B2,Baja demanda con furgonetas,,90,9,1.2229124791351902,0.483702137914358,716026.1755236742,3800000.0,3083973.824476326,0.0,244.34778789774347,0,9
B2,Baja demanda con furgonetas,,80,9,1.3942951885324726,0.5717650146501952,710380.9721492017,3350000.0,2639619.0278507983,0.0,237.29128367965308,0,8
B2,Baja demanda con furgonetas,,90,4,1.6197390194571843,0.538789752073363,731035.8946301816,3950000.0,3218964.1053698184,0.0,263.1099367808778,0,9
B2,Baja demanda con furgonetas,,70,6,1.824464139691502,0.6424998264824607,687599.0643845602,3050000.0,2362400.93561544,0.0,208.81389897385114,0,7
B2,Baja demanda con furgonetas,,70,9,1.5727612291784139,0.7107448685470269,689684.2879305239,3350000.0,2660315.712069476,0.0,211.4204284063056,0,7
B2,Baja demanda con furgonetas,,80,1,1.560350232512818,0.6286839706663258,704640.4815376431,3850000.0,3145359.518462357,0.0,230.1156704152046,0,8
B2,Baja demanda con furgonetas,,80,6,1.4892968865530027,0.6027819168550913,698634.4677921296,3650000.0,2951365.5322078704,0.0,222.60815323331258,0,8
B2,Baja demanda con furgonetas,,90,0,1.4979925641325054,0.5749255556480183,729706.6018855455,4300000.0,3570293.3981144545,0.0,261.4483208500825,0,9
B2,Baja demanda con furgonetas,,80,9,1.5360467467912213,0.6376143873335076,700089.056487905,3550000.0,2849910.943512095,0.0,224.42638910303188,0,8
B2,Baja demanda con furgonetas,,70,1,1.7273278682240676,0.6824910670401162,678067.8984075905,3450000.0,2771932.1015924094,0.0,196.8999415026387,0,7
B2,Baja demanda con furgonetas,,90,9,1.5951357091440523,0.5753866919490231,732707.0664734587,4150000.0,3417292.933526541,0.0,265.1989015849743,0,9
B2,Baja demanda con furgonetas,,80,9,1.5452604261859058,0.6366189296936412,701712.35406956,3300000.0,2598287.64593044,0.0,226.4555110801006,0,8
B2,Baja demanda con furgonetas,,90,6,1.3987871911048773,0.5182415411894424,733904.5252167515,4000000.0,3266095.4747832483,0.0,266.69572501409004,0,9
B2,Baja demanda con furgonetas,,90,7,1.5116261112645124,0.5802733786054681,732586.0316714508,4100000.0,3367413.968328549,0.0,265.04760808246425,0,9
B2,Baja demanda con furgonetas,,100,7,1.5848839952474432,0.5054080965624529,768860.5611520968,4400000.0,3631139.438847903,0.0,310.3907699332719,0,10
B2,Baja demanda con furgonetas,,80,6,1.4682218022692441,0.5535310807943026,705503.6272005899,3700000.0,2994496.37279941,0.0,231.19460249388786,0,8
B2,Baja demanda con furgonetas,,70,8,1.8574986252789392,0.8462028261576244,687664.3071407918,3000000.0,2312335.692859208,0.0,208.89545241914036,0,7
B2,Baja demanda con furgonetas,,100,6,1.3321770926334164,0.5484098527927724,750411.1168171172,4550000.0,3799588.883182883,0.0,287.3289645145472,0,10
B2,Baja demanda con furgonetas,,70,5,1.6718751116899662,0.7341666056379432,682744.2315954742,3000000.0,2317255.7684045257,0.0,202.7453579874934,0,7
B2,Baja demanda con furgonetas,,90,6,1.3453895108791127,0.4982866949179796,744056.3657994735,4000000.0,3255943.6342005264,0.0,279.3855257424925,0,9
B2,Baja demanda con furgonetas,,80,4,1.4342093150198703,0.6222843068136765,715941.9653036703,3850000.0,3134058.03469633,0.0,244.24252512273858,0,8
B2,Baja demanda con furgonetas,,90,9,1.4206937073596886,0.5215129329659627,740313.3365059327,4150000.0,3409686.6634940673,0.0,274.7067391255667,0,9
B2,Baja demanda con furgonetas,,100,4,1.4387987545733125,0.5762095077959544,746865.1109788633,4600000.0,3853134.889021137,0.0,282.8964572167298,0,10
B2,Baja demanda con furgonetas,,70,1,1.3483742163913242,0.5776348195148728,660604.25037624,3350000.0,2689395.74962376,0.0,175.07038146345056,0,7
B2,Baja demanda con furgonetas,,80,7,1.3685380842167647,0.6393254344114212,684014.7458097752,3800000.0,3115985.2541902247,0.0,204.33350075536973,0,8
B2,Baja demanda con furgonetas,,90,7,1.5955216776648165,0.5824237332524167,711434.3664603014,3950000.0,3238565.6335396986,0.0,238.60802656852758,0,9
B2,Baja demanda con furgonetas,,70,5,1.7386557575768562,0.7857377708416428,698838.372262138,3300000.0,2601161.627737862,0.0,222.8630338208232,0,7
B2,Baja demanda con furgonetas,,90,9,1.6263347063049114,0.5641484129327022,726905.78415184,4100000.0,3373094.21584816,0.0,257.9472986829509,0,9
B2,Baja demanda con furgonetas,,80,1,1.5294540647870494,0.6644582918253032,689186.5787279431,3650000.0,2960813.421272057,0.0,210.79829190307947,0,8
B2,Baja demanda con furgonetas,,90,2,1.4143534536611173,0.5421099546074659,725632.8834608933,4250000.0,3524367.1165391067,0.0,256.35617281926716,0,9
B2,Baja demanda con furgonetas,,80,0,1.6368763918577804,0.6795780349766237,713121.7987631159,3400000.0,2686878.201236884,0.0,240.71731694704556,0,8
B2,Baja demanda con furgonetas,,70,3,1.483252576053335,0.642338484024407,683310.8573378015,3350000.0,2666689.1426621983,0.0,203.45364016540236,0,7
B2,Baja demanda con furgonetas,,90,1,1.3367860294705702,0.484311404363454,721450.5145424391,4300000.0,3578549.485457561,0.0,251.12821167119984,0,9
B2,Baja demanda con furgonetas,,100,3,1.441781908114237,0.5419475774737679,760139.8834419762,4450000.0,3689860.1165580237,0.0,299.4899227956207,0,10
B2,Baja demanda con furgonetas,,90,9,1.576661783782452,0.5651032653221116,722588.9735453945,3750000.0,3027411.0264546056,0.0,252.55128542489373,0,9
B2,Baja demanda con furgonetas,,100,9,1.562430161719055,0.49182135893381257,752487.1029717498,4500000.0,3747512.89702825,0.0,289.9239472078381,0,10
B2,Baja demanda con furgonetas,,60,9,1.6057928533958272,0.6915990113383432,663890.7948425842,2450000.0,1786109.205157416,0.0,179.17856204638093,0,6
B2,Baja demanda con furgonetas,,60,1,1.860171676001829,0.7646986013599062,661936.6246365204,2700000.0,2038063.3753634796,0.0,176.735849288801,0,6
B2,Baja demanda con furgonetas,,90,7,1.496814793088933,0.5458210770203316,721341.7922719365,4500000.0,3778658.2077280637,0.0,250.99230883307163,0,9
B2,Baja demanda con furgonetas,,80,8,1.260115412722731,0.5802199799324012,696287.7958567085,3850000.0,3153712.2041432913,0.0,219.67481331403621,0,8
B2,Baja demanda con furgonetas,,70,2,1.636988833603659,0.6458694978682439,673159.639932855,3350000.0,2676840.360067145,0.0,190.7646184092195,0,7
B2,Baja demanda con furgonetas,,80,2,1.5187221632181656,0.5991361857744545,700017.1820072861,3450000.0,2749982.817992714,0.0,224.33654600225836,0,8
B2,Baja demanda con furgonetas,,80,1,1.4768472133714938,0.6087511541487847,714355.3473361369,4100000.0,3385644.6526638633,0.0,242.2592526633218,0,8
B2,Baja demanda con furgonetas,,60,7,1.78524187080702,0.8176606433262507,666995.4883679707,2700000.0,2033004.5116320294,0.0,183.05942895311398,0,6
B2,Baja demanda con furgonetas,,90,3,1.3818394677242316,0.5316542208867703,731400.1163195965,3900000.0,3168599.883680403,0.0,263.5652138926462,0,9
B2,Baja demanda con furgonetas,,80,7,1.452015479569803,0.576975206023199,709909.4854659569,3400000.0,2690090.514534043,0.0,236.70192532559656,0,8
B2,Baja demanda con furgonetas,,90,4,1.5615808369622894,0.5868403396241442,725230.3332218789,3950000.0,3224769.666778121,0.0,255.8529850204992,0,9
B2,Baja demanda con furgonetas,,80,2,1.39319837307606,0.5844695286462848,686879.8237237306,3500000.0,2813120.1762762694,0.0,207.9148481478141,0,8
B2,Baja demanda con furgonetas,,60,3,1.681874562444727,0.6798859423053626,666899.0672274617,2700000.0,2033100.9327725382,0.0,182.93890252747792,0,6
B2,Baja demanda con furgonetas,,70,6,1.48761685673248,0.6811633452383572,679228.1305606834,3150000.0,2470771.8694393164,0.0,198.35023169400498,0,7
B2,Baja demanda con furgonetas,,70,4,1.949171939441457,0.8223463274204572,689767.3504467296,3400000.0,2710232.6495532705,0.0,211.52425655156247,0,7
B2,Baja demanda con furgonetas,,90,8,1.3252953650101416,0.41849643363679817,729029.4665330006,4200000.0,3470970.5334669994,0.0,260.6019016594015,0,9
B2,Baja demanda con furgonetas,,90,4,1.400725799282884,0.5510140267137559,725357.1692433656,4000000.0,3274642.8307566345,0.0,256.0115300473578,0,9
B2,Baja demanda con furgonetas,,70,9,1.382282498777022,0.6974616003148845,668723.8122881213,3550000.0,2881276.1877118787,0.0,185.21983385330225,0,7
B2,Baja demanda con furgonetas,,90,5,1.5275588392000559,0.5877445103855765,719997.1077435743,4050000.0,3330002.8922564257,0.0,249.31145317261834,0,9
B2,Baja demanda con furgonetas,,90,7,1.28250346659917,0.5467611639604588,723112.2220879896,3900000.0,3176887.7779120104,0.0,253.2053461031377,0,9
B2,Baja demanda con furgonetas,,90,9,1.5226351115565901,0.5259432467901038,715966.981499718,3850000.0,3134033.018500282,0.0,244.27379536779844,0,9
B2,Baja demanda con furgonetas,,90,8,1.3626861918512763,0.47994598333656197,734892.3488406885,4350000.0,3615107.6511593116,0.0,267.93050454401117,0,9
B2,Baja demanda con furgonetas,,80,2,1.521568543082017,0.587291252690081,711031.2016003266,3500000.0,2788968.7983996733,0.0,238.10407049355882,0,8
B2,Baja demanda con furgonetas,,80,8,1.5121628739519641,0.6554828626156406,696053.8270030739,3500000.0,2803946.172996926,0.0,219.38235224699275,0,8
B2,Baja demanda con furgonetas,,70,1,1.5687218725428178,0.5658854533453667,692025.0998757444,3050000.0,2357974.9001242556,0.0,214.34644333783126,0,7
B2,Baja demanda con furgonetas,,110,2,1.397125568758676,0.45464281166936205,775633.9617022673,4850000.0,4074366.038297733,0.0,318.857520620985,0,11
B2,Baja demanda con furgonetas,,100,9,1.3101522060841535,0.4870238584097015,747056.2173764696,4650000.0,3902943.7826235304,0.0,283.13534021373766,0,10
B2,Baja demanda con furgonetas,,80,8,1.6022160330352189,0.5929612132140651,707021.1189107314,3750000.0,3042978.8810892687,0.0,233.0914671315649,0,8
B2,Baja demanda con furgonetas,,90,5,1.5044317607962938,0.5598033595534944,706676.244334885,3750000.0,3043323.755665115,0.0,232.66037391175692,0,9
B2,Baja demanda con furgonetas,,80,3,1.438798145705648,0.5339771813449314,708101.1324569597,3400000.0,2691898.8675430403,0.0,234.44148406435028,0,8
C,Alta demanda con flota mixta: 5 motos y 2 furgonetas,,216,3,0.8592491483443836,0.23462396085003637,2069206.1938059255,9230000.0,7160793.806194074,2189.0935000412755,321.5543564346091,106,11
C,Alta demanda con flota mixta: 5 motos y 2 furgonetas,,182,2,1.0386243051609805,0.2537222280364725,1934497.9057578938,8010000.0,6075502.094242106,2024.7437853809288,251.1070457121026,92,9
C,Alta demanda con flota mixta: 5 motos y 2 furgonetas,,194,5,0.797081222383773,0.21998305593573855,1951812.1457584244,8570000.0,6618187.854241576,2127.941331399215,211.25313807114426,114,8
C,Alta demanda con flota mixta: 5 motos y 2 furgonetas,,199,5,0.9254741636287289,0.24773129563258098,1953251.6302513191,8370000.0,6416748.369748681,2022.0814345702279,276.1357294563666,99,10
C,Alta demanda con flota mixta: 5 motos y 2 furgonetas,,202,2,1.0005711017969177,0.25860312757568443,2027555.5114207175,8810000.0,6782444.488579283,2148.9834344925707,293.39309288939035,92,11
C,Alta demanda con flota mixta: 5 motos y 2 furgonetas,,203,1,1.0231819071479002,0.261330546481924,2012316.3311811169,9190000.0,7177683.668818884,2106.118241177493,299.8880221012612,103,10
C,Alta demanda con flota mixta: 5 motos y 2 furgonetas,,190,9,1.1153140451167423,0.2546314665626724,2056351.431456937,8200000.0,6143648.5685430635,2170.3055684620767,316.68186677556133,90,10
C,Alta demanda con flota mixta: 5 motos y 2 furgonetas,,189,5,0.9842619670760446,0.26244728553117963,1984867.2737585062,8320000.0,6335132.726241494,2103.159344856747,267.33994362673354,99,9
C,Alta demanda con flota mixta: 5 motos y 2 furgonetas,,184,4,0.979257687724147,0.2605295842168653,1920650.8227014083,8520000.0,6599349.1772985915,2002.33416534739,247.15236458973143,94,9
C,Alta demanda con flota mixta: 5 motos y 2 furgonetas,,204,5,0.974077912075472,0.2466817607194369,1927215.6247052806,8720000.0,6792784.375294719,1916.1426404127913,306.72097419716084,94,11
C,Alta demanda con flota mixta: 5 motos y 2 furgonetas,,209,9,1.008008984310478,0.2535391913428896,2008610.3383269077,9170000.0,7161389.661673092,2058.643342476953,323.5464166053855,99,11
C,Alta demanda con flota mixta: 5 motos y 2 furgonetas,,181,9,1.0838597639363068,0.2485903348737082,1974149.4421374495,8630000.0,6655850.55786255,2105.2037219738622,252.72438422161147,91,9
C,Alta demanda con flota mixta: 5 motos y 2 furgonetas,,197,2,0.8938789511708928,0.2412123858766954,1974318.0497732246,9260000.0,7285681.950226775,2086.336709078993,264.17823258804344,97,10
C,Alta demanda con flota mixta: 5 motos y 2 furgonetas,,197,3,0.959669660655304,0.2591767859485187,2015410.8633278885,8360000.0,6344589.136672111,2130.979477623889,288.94106572086395,97,10
C,Alta demanda con flota mixta: 5 motos y 2 furgonetas,,195,3,0.9821817045573794,0.27310413239817666,1976639.30719156,9150000.0,7173360.69280844,2076.021879944254,273.2265399777184,95,10
C,Alta demanda con flota mixta: 5 motos y 2 furgonetas,,187,7,0.9994095334283128,0.23501938135681358,1942850.2575647521,8960000.0,7017149.742435248,1963.5884050641423,297.9907410437014,87,10
C,Alta demanda con flota mixta: 5 motos y 2 furgonetas,,192,7,1.0550525491927134,0.2488356297352352,1951877.53809665,8660000.0,6708122.46190335,2002.85024479838,285.87822063794744,92,10
C,Alta demanda con flota mixta: 5 motos y 2 furgonetas,,224,6,0.9440232540966036,0.21602936618588206,2053237.8182375268,10020000.0,7966762.181762474,2018.7831378161004,403.0839607036195,84,14
C,Alta demanda con flota mixta: 5 motos y 2 furgonetas,,221,4,0.9670468203748003,0.22542033265338338,2092382.0854116592,9730000.0,7637617.914588341,2171.2703577456605,361.1452542250115,101,12
C,Alta demanda con flota mixta: 5 motos y 2 furgonetas,,195,1,0.889457024479124,0.23815680096082792,1985392.9525962016,9400000.0,7414607.047403798,2141.966839540037,244.87117099839713,105,9
C,Alta demanda con flota mixta: 5 motos y 2 furgonetas,,185,6,0.9777867452130241,0.2712943204339336,1921500.248154182,8650000.0,6728499.751845818,1986.8811492988284,257.422791831736,95,9
C,Alta demanda con flota mixta: 5 motos y 2 furgonetas,,200,9,1.0272112948104837,0.24131684048337745,2009655.6614130405,8800000.0,6790344.33858696,2115.916525688944,290.7232646722369,100,10
C,Alta demanda con flota mixta: 5 motos y 2 furgonetas,,215,2,0.9616984466901456,0.23840383127917716,2061839.4452867839,9300000.0,7238160.554713216,2151.851051748371,334.5391612540264,95,12
C,Alta demanda con flota mixta: 5 motos y 2 furgonetas,,184,5,1.072874714387656,0.30577672835608327,1947658.2415838432,8420000.0,6472341.758416157,2072.355666865981,239.18495016907815,94,9
C,Alta demanda con flota mixta: 5 motos y 2 furgonetas,,171,7,1.0595274114151545,0.2565410031008096,1958972.6126099848,7730000.0,5771027.387390016,2088.140968153469,243.92125559827366,91,8
C,Alta demanda con flota mixta: 5 motos y 2 furgonetas,,181,6,0.9208738702090014,0.24208110604937766,1940423.4514340982,8030000.0,6089576.548565902,2087.2829920710974,221.2460828006042,101,8
C,Alta demanda con flota mixta: 5 motos y 2 furgonetas,,202,3,0.9600055103637872,0.24652088910163514,1974220.2501081757,8660000.0,6685779.749891824,2100.1650311092044,255.81551305490345,102,10
C,Alta demanda con flota mixta: 5 motos y 2 furgonetas,,170,7,1.1641606930750386,0.291804016483261,1927044.6674187488,7400000.0,5472955.332581251,2050.6994859909864,226.32317134838107,90,8
C,Alta demanda con flota mixta: 5 motos y 2 furgonetas,,205,7,1.0176345773829478,0.26423153977253594,2039164.9448658568,9550000.0,7510835.055134144,2124.5351988656375,322.4738939088498,95,11
C,Alta demanda con flota mixta: 5 motos y 2 furgonetas,,196,3,1.078909620525559,0.32136976773847986,1992380.328586635,9880000.0,7887619.671413365,2084.891708327401,287.6171751151899,96,10
C,Alta demanda con flota mixta: 5 motos y 2 furgonetas,,190,0,1.025686040746477,0.21662279448414964,1975231.7612178733,8500000.0,6524768.238782126,2045.144939061933,289.8670625441466,90,10
C,Alta demanda con flota mixta: 5 motos y 2 furgonetas,,207,9,1.0014742762462268,0.2510676422038357,2016747.3047049902,9360000.0,7343252.69529501,2033.5001482784392,348.7007682908112,87,12
C,Alta demanda con flota mixta: 5 motos y 2 furgonetas,,201,6,1.0851883943195628,0.2649573461758337,2025831.3677369766,9180000.0,7154168.632263023,2071.0384806194656,337.68628560962185,91,11
C,Alta demanda con flota mixta: 5 motos y 2 furgonetas,,188,7,0.8887154177382488,0.2467047643749193,1954202.960613004,8090000.0,6135797.039386996,2072.6051185199094,247.21719759680747,98,9
C,Alta demanda con flota mixta: 5 motos y 2 furgonetas,,225,9,1.005591436266622,0.23575492522562272,2071010.5917865061,10600000.0,8528989.408213494,2125.8293048136798,361.50977864889853,95,13
C,Alta demanda con flota mixta: 5 motos y 2 furgonetas,,188,10,0.9948423261236727,0.3007095717776749,2023007.571091439,8090000.0,6066992.42890856,2178.4792465672135,270.1312443648618,98,9
C,Alta demanda con flota mixta: 5 motos y 2 furgonetas,,184,8,1.0198769729062391,0.2523255265885452,1919771.19778261,7870000.0,5950228.80221739,1977.3090874108805,260.9655901970742,94,9
C,Alta demanda con flota mixta: 5 motos y 2 furgonetas,,208,10,0.9795224862125226,0.25569442944677884,2047158.3706958243,9740000.0,7692841.629304176,2131.9162294641533,328.0672277997712,98,11
C,Alta demanda con flota mixta: 5 motos y 2 furgonetas,,187,0,0.9582627657864891,0.2516195042652184,1986487.932636659,8510000.0,6523512.067363341,2094.3646179799216,274.60665490441096,97,9
C,Alta demanda con flota mixta: 5 motos y 2 furgonetas,,222,9,1.1120511496862753,0.24891288050978508,2052653.799165398,10110000.0,8057346.200834602,2057.9537138111655,379.0117009957999,92,13
C,Alta demanda con flota mixta: 5 motos y 2 furgonetas,,206,6,1.0204743577044493,0.2572483349587102,2022498.5780133768,9830000.0,7807501.421986623,2131.182768782948,297.679565334899,96,11
C,Alta demanda con flota mixta: 5 motos y 2 furgonetas,,216,9,1.0645244008100674,0.24729444369217277,2014429.1831129459,9730000.0,7715570.816887055,2041.2827080402803,341.1653916566769,96,12
C,Alta demanda con flota mixta: 5 motos y 2 furgonetas,,218,2,0.9060093349685769,0.19977424444659,2038980.081025887,9440000.0,7401019.918974113,2128.187866916561,320.06614355899086,98,12
C,Alta demanda con flota mixta: 5 motos y 2 furgonetas,,184,1,1.0499709346868904,0.2909596011106765,1957850.7667219911,8120000.0,6162149.233278009,2075.6704833345816,249.95026602291856,94,9
C,Alta demanda con flota mixta: 5 motos y 2 furgonetas,,211,4,0.9926618721376954,0.23367727666496477,2003805.1557936661,9380000.0,7376194.844206334,2065.843630782536,313.2491966339329,101,11
C,Alta demanda con flota mixta: 5 motos y 2 furgonetas,,178,7,0.9295069503212197,0.25612374433748053,1934561.8292527364,7840000.0,5905438.170747263,2076.5506183601055,220.3146107229521,98,8
C,Alta demanda con flota mixta: 5 motos y 2 furgonetas,,168,10,0.9313044049956722,0.2872239374523224,1958649.8705783868,7740000.0,5781350.129421613,2164.687929697883,197.90253683744163,98,7
C,Alta demanda con flota mixta: 5 motos y 2 furgonetas,,186,8,1.0293857334054008,0.24798786582045634,1975406.739626723,8330000.0,6354593.260373277,2086.55971553636,265.40620256939303,86,10
C,Alta demanda con flota mixta: 5 motos y 2 furgonetas,,213,8,1.0278946774084194,0.24203158390461513,2045434.4056409404,9540000.0,7494565.59435906,2113.8797440286535,336.66043860825,103,11
C,Alta demanda con flota mixta: 5 motos y 2 furgonetas,,191,9,1.0013205907090807,0.21912568535247265,1965656.173992808,8180000.0,6214343.826007192,2040.029787908918,280.94576102428664,91,10
C,Alta demanda con flota mixta: 5 motos y 2 furgonetas,,192,7,1.0089934294157374,0.26938511412344995,2009339.9221252864,9010000.0,7000660.077874714,2130.658208277843,281.5438376367857,92,10
C,Alta demanda con flota mixta: 5 motos y 2 furgonetas,,181,8,1.0062177597104556,0.2884217348314568,1930254.5449489455,8180000.0,6249745.455051054,2058.788739846459,225.51503077297733,101,8
C,Alta demanda con flota mixta: 5 motos y 2 furgonetas,,205,9,1.0189866993971484,0.2475725971921897,2005166.3790260002,9250000.0,7244833.620974,2066.310199363998,314.6726916245501,95,11
C,Alta demanda con flota mixta: 5 motos y 2 furgonetas,,195,12,1.0509261167018993,0.25531633861630837,1960545.0322161603,8900000.0,6939454.967783839,2027.4278137606668,282.06650772309547,95,10
C,Alta demanda con flota mixta: 5 motos y 2 furgonetas,,177,4,0.9569501440242721,0.3070842405100413,1917474.2109463485,8060000.0,6142525.7890536515,2055.839701335091,211.29698218163557,97,8
C,Alta demanda con flota mixta: 5 motos y 2 furgonetas,,182,6,1.0407953834139334,0.2620212547236644,1926129.829282868,8360000.0,6433870.170717132,2011.2712623337081,248.67539500869805,92,9
C,Alta demanda con flota mixta: 5 motos y 2 furgonetas,,199,5,0.9110132921925017,0.24274294721236794,1990807.7091934953,9120000.0,7129192.290806505,2115.347367257097,267.5024930218219,99,10
C,Alta demanda con flota mixta: 5 motos y 2 furgonetas,,171,7,0.8824637395688115,0.2581343215396776,1921133.0189224286,7180000.0,5258866.981077571,2090.1926316731833,195.399151551637,101,7
C,Alta demanda con flota mixta: 5 motos y 2 furgonetas,,216,2,1.0448713452764056,0.21825136176122537,2031642.781112619,9930000.0,7898357.218887381,2028.909320881793,370.0558452313495,96,12
C,Alta demanda con flota mixta: 5 motos y 2 furgonetas,,193,3,1.0803073846354536,0.30264656906324927,2011398.7538246366,8840000.0,6828601.246175364,2136.360920692773,280.7190596490127,93,10
C,Alta demanda con flota mixta: 5 motos y 2 furgonetas,,206,8,1.0151652536396882,0.25244057170077483,2035492.9386272246,9680000.0,7644507.061372776,2141.111306477098,308.0059763835453,96,11
C,Alta demanda con flota mixta: 5 motos y 2 furgonetas,,203,2,0.9630240513100384,0.23818889633012014,2035905.317189004,9340000.0,7304094.682810996,2136.4408980808116,311.30460432922155,93,11
C,Alta demanda con flota mixta: 5 motos y 2 furgonetas,,203,0,1.0149921425162705,0.2482490245670241,2091185.037529506,9090000.0,6998814.962470494,2192.7824008585985,346.82964898078126,93,11
C,Alta demanda con flota mixta: 5 motos y 2 furgonetas,,189,4,0.9187465087742541,0.23726809111613373,1949092.9333586378,8370000.0,6420907.066641362,2060.2019546382558,248.2208639254753,99,9
C,Alta demanda con flota mixta: 5 motos y 2 furgonetas,,190,9,0.8512408935805713,0.2213339966466045,1939437.1806536543,8650000.0,6710562.819346346,2046.7515000906758,244.1664670398309,100,9
C,Alta demanda con flota mixta: 5 motos y 2 furgonetas,,207,5,1.0054764883980023,0.26759246105580176,2040763.2126577338,8960000.0,6919236.787342266,2138.8525752690357,315.93982508270625,97,11
C,Alta demanda con flota mixta: 5 motos y 2 furgonetas,,181,10,1.0464776823280832,0.3058593875746671,1948423.710552581,7680000.0,5731576.289447419,2019.7306698203693,271.5016799319431,91,9
C,Alta demanda con flota mixta: 5 motos y 2 furgonetas,,192,7,1.0108641040892947,0.247894442600839,2022569.8178227758,8360000.0,6337430.182177224,2152.2380676514126,285.2214993096953,102,9
C,Alta demanda con flota mixta: 5 motos y 2 furgonetas,,167,6,0.9552934907443703,0.23602627422313774,1883758.2800321055,7310000.0,5426241.719967894,1972.2925771486744,218.93884418056933,87,8
C,Alta demanda con flota mixta: 5 motos y 2 furgonetas,,192,3,0.9652125453543073,0.25638514952830316,1973201.1839954306,8860000.0,6886798.81600457,2099.895206342295,254.70247236538336,92,10
C,Alta demanda con flota mixta: 5 motos y 2 furgonetas,,178,0,0.9491164810425488,0.293181816821484,1931402.5696400437,7890000.0,5958597.430359956,2078.5611286729018,215.167447980312,98,8
C,Alta demanda con flota mixta: 5 motos y 2 furgonetas,,202,9,0.9715484453521308,0.2488840766559529,1979850.871370218,9410000.0,7430149.128629782,2019.9312883333478,310.66607987437374,92,11
C,Alta demanda con flota mixta: 5 motos y 2 furgonetas,,203,7,1.1044364404010345,0.25626942079640325,2001088.4117183662,9440000.0,7438911.588281633,2124.143335098109,275.11174399185245,103,10
C,Alta demanda con flota mixta: 5 motos y 2 furgonetas,,205,3,0.918767381303658,0.21937111171054846,2005777.8504211223,9200000.0,7194222.149578878,2069.3088677495243,313.65008689416277,95,11
C,Alta demanda con flota mixta: 5 motos y 2 furgonetas,,194,4,1.0359317467964668,0.2679813635585626,2033411.398078654,8770000.0,6736588.601921346,2210.192493146877,264.23770804647785,104,9
C,Alta demanda con flota mixta: 5 motos y 2 furgonetas,,195,0,1.0064801558901995,0.22932809776133756,1997500.581651466,8900000.0,6902499.418348534,2141.2768334650063,260.41689056266415,105,9
C,Alta demanda con flota mixta: 5 motos y 2 furgonetas,,213,6,1.0460283132474766,0.26217931697293867,2032252.4025469783,8690000.0,6657747.597453021,2090.9690957679236,333.83567642247027,93,12
C,Alta demanda con flota mixta: 5 motos y 2 furgonetas,,184,6,0.9613621133114553,0.23488952421902565,1925740.7622122688,7970000.0,6044259.237787731,2026.358149684203,239.19859641219648,94,9
C,Alta demanda con flota mixta: 5 motos y 2 furgonetas,,198,5,0.9636574201715306,0.25303642180641783,2029956.4626055323,8590000.0,6560043.537394468,2158.8212480654365,290.5318057896694,98,10
C,Alta demanda con flota mixta: 5 motos y 2 furgonetas,,200,9,0.9906573554655123,0.28810646471493195,1967504.3656317694,9250000.0,7282495.634368231,2082.8302769660536,257.7506541377257,100,10
C,Alta demanda con flota mixta: 5 motos y 2 furgonetas,,185,9,0.9885237837379791,0.29097926016217995,2032407.3569885038,8350000.0,6317592.643011496,2249.6711298571954,239.4568435851505,105,8
C,Alta demanda con flota mixta: 5 motos y 2 furgonetas,,203,0,1.0514052294372187,0.2633604776241526,2027025.7115618535,9240000.0,7212974.288438147,2114.3667995305345,313.3593285476274,93,11
C,Alta demanda con flota mixta: 5 motos y 2 furgonetas,,216,6,0.8918678909647388,0.23350358426529072,2056756.6064020966,9330000.0,7273243.393597904,2170.8112669274656,316.88698342025606,106,11
C,Alta demanda con flota mixta: 5 motos y 2 furgonetas,,217,8,1.1116917160172965,0.26323175088257383,2056817.5761177577,9710000.0,7653182.423882242,2086.0323996488996,367.4839823119707,97,12
C,Alta demanda con flota mixta: 5 motos y 2 furgonetas,,199,8,1.0502284174820906,0.2810726701563929,2028512.6290273897,8820000.0,6791487.37097261,2157.5518920338736,289.48343894314917,99,10
C,Alta demanda con flota mixta: 5 motos y 2 furgonetas,,216,5,0.9867885952368984,0.2626767778473984,2039647.0964360791,9380000.0,7340352.90356392,2063.00617576226,359.742497351718,96,12
C,Alta demanda con flota mixta: 5 motos y 2 furgonetas,,195,9,1.0187816632108142,0.28633195456688104,1972227.0656664276,9000000.0,7027772.934333572,2074.4164561514017,268.6679301772605,95,10
C,Alta demanda con flota mixta: 5 motos y 2 furgonetas,,183,0,0.9620080365676646,0.20955675166353474,1947418.9479163697,8090000.0,6142581.05208363,2084.2509549148385,231.79728224532187,103,8
C,Alta demanda con flota mixta: 5 motos y 2 furgonetas,,207,2,1.0025866487236756,0.23406714431397063,2009961.8218032669,9260000.0,7250038.178196733,2086.275086526631,308.76966927483096,87,12
C,Alta demanda con flota mixta: 5 motos y 2 furgonetas,,205,8,1.001200267705428,0.2376873107814855,1964732.9201836712,9750000.0,7785267.079816328,1938.617609520628,340.2244785166781,95,11
C,Alta demanda con flota mixta: 5 motos y 2 furgonetas,,209,8,1.0783274416778914,0.2553951847054373,1989718.0311370997,9470000.0,7480281.9688629005,1981.7046665495595,345.7797513367079,89,12
C,Alta demanda con flota mixta: 5 motos y 2 furgonetas,,211,8,1.0079863756018257,0.25368418685642136,2013406.2235281034,10080000.0,8066593.776471896,2063.056952841612,326.91114752045024,101,11
C,Alta demanda con flota mixta: 5 motos y 2 furgonetas,,206,2,1.0062671537040213,0.21034817167848988,2011222.341212973,9030000.0,7018777.658787027,2061.073577285329,325.36321291272105,96,11
C,Alta demanda con flota mixta: 5 motos y 2 furgonetas,,202,3,0.9993989553389181,0.28518699760599975,2048126.2766105414,9010000.0,6961873.723389459,2204.2115790215325,286.19540770005506,102,10
C,Alta demanda con flota mixta: 5 motos y 2 furgonetas,,198,3,1.0158862451175668,0.26859216424658106,1963127.9218576523,8840000.0,6876872.078142348,2020.8510210463521,289.21431276332885,88,11
C,Alta demanda con flota mixta: 5 motos y 2 furgonetas,,212,3,1.0103827786413437,0.2514857791820654,1999918.6117583434,9960000.0,7960081.388241656,2063.5061824669433,309.78393125914505,102,11
C,Alta demanda con flota mixta: 5 motos y 2 furgonetas,,188,5,0.9272445929206042,0.2592911944629135,1978719.4245406662,8290000.0,6311280.575459334,2137.4722372153788,239.20765063677163,98,9
C,Alta demanda con flota mixta: 5 motos y 2 furgonetas,,208,1,1.0599202946507935,0.24498537439040316,2010998.062950013,9440000.0,7429001.937049987,2024.1911193590313,347.06158279302383,98,11
C,Alta demanda con flota mixta: 5 motos y 2 furgonetas,,241,6,0.9973510411829206,0.23409154892961032,2144657.7833345863,9980000.0,7835342.216665413,2234.878949524672,388.5847216801603,101,14
C,Alta demanda con flota mixta: 5 motos y 2 furgonetas,,210,0,1.0699484890454025,0.2744474947511619,2003767.088036468,9250000.0,7246232.911963532,2033.8441974182365,332.27047427213836,90,12
C,Alta demanda con flota mixta: 5 motos y 2 furgonetas,,225,2,1.0422428218717503,0.2507136326686079,2050312.6707117944,9700000.0,7649687.329288205,2082.0519952387144,361.7248232976002,95,13
C,Alta demanda con flota mixta: 5 motos y 2 furgonetas,,207,2,1.0631657363548936,0.25127164933699425,2070925.0393458582,9610000.0,7539074.960654141,2177.6049428811793,330.5490881781908,97,11
C,Alta demanda con flota mixta: 5 motos y 2 furgonetas,,178,8,0.9689111219142204,0.25334675532017914,1943215.452155234,8340000.0,6396784.547844766,2107.495331370742,212.69129805912274,98,8
C,Alta demanda con flota mixta: 5 motos y 2 furgonetas,,197,3,1.0491402185159304,0.2659794798241251,2008650.9435727342,9360000.0,7351349.0564272655,2079.239962053068,311.3233900995171,97,10
C,Alta demanda con flota mixta: 5 motos y 2 furgonetas,,185,10,0.8732861235875736,0.24945802730979488,1938138.946863784,7900000.0,5961861.0531362165,2017.6358611146873,259.8940480137716,95,9
C,Alta demanda con flota mixta: 5 motos y 2 furgonetas,,175,0,1.0263137663676396,0.3012597360640433,1973193.753358235,7650000.0,5676806.246641765,2116.202860860662,244.97524889571105,95,8
C,Alta demanda con flota mixta: 5 motos y 2 furgonetas,,159,14,1.0298668270204054,0.31796095169467326,1892112.4473327897,7020000.0,5127887.55266721,2027.119722803489,196.70937187140046,89,7
C,Alta demanda con flota mixta: 5 motos y 2 furgonetas,,199,4,1.0774141661223344,0.2672035082907652,1968506.268918466,9220000.0,7251493.731081534,1991.4846595462661,313.4370284867661,89,11
C,Alta demanda con flota mixta: 5 motos y 2 furgonetas,,218,5,0.992907922429534,0.2443600107370507,2007839.4196186268,10440000.0,8432160.580381373,2017.2383030835413,347.2565487575594,98,12
C,Alta demanda con flota mixta: 5 motos y 2 furgonetas,,190,0,1.11912611708817,0.3144493773072895,2006574.4923676813,8750000.0,6743425.507632319,2114.9086489412475,287.47240971794884,90,10
C,Alta demanda con flota mixta: 5 motos y 2 furgonetas,,209,1,1.0322037185824249,0.23702303656002968,2070015.8908613052,10120000.0,8049984.109138695,2197.1731170561266,317.7517329794698,99,11
C,Alta demanda con flota mixta: 5 motos y 2 furgonetas,,206,1,0.9882753847574606,0.28362917139206667,1978300.2610783963,9480000.0,7501699.738921603,2056.238969899844,287.09161571810336,96,11
C,Alta demanda con flota mixta: 5 motos y 2 furgonetas,,172,7,1.0287103449380643,0.26145134211579973,1928727.6091003607,7360000.0,5431272.39089964,2076.8730538566256,212.8296921896631,102,7
C,Alta demanda con flota mixta: 5 motos y 2 furgonetas,,187,0,1.0882221932869705,0.2510944663837321,1969546.8960093723,8210000.0,6240453.103990627,2024.3521416294914,295.1516689334799,87,10
C,Alta demanda con flota mixta: 5 motos y 2 furgonetas,,180,5,0.8525995833685116,0.22822508927556598,1962950.812992926,8400000.0,6437049.187007074,2124.8219192464526,227.03536880875347,100,8
C,Alta demanda con flota mixta: 5 motos y 2 furgonetas,,204,2,1.1675644176259967,0.2589348129207268,2030437.6470381655,8920000.0,6889562.3529618345,2137.7178731821673,303.70905121558604,94,11
C,Alta demanda con flota mixta: 5 motos y 2 furgonetas,,174,0,0.9865957033043457,0.2535339204441346,1890305.0677482581,8370000.0,6479694.932251742,1966.8619678033538,230.35849681725452,94,8
C,Alta demanda con flota mixta: 5 motos y 2 furgonetas,,200,9,0.9948527114032543,0.2573966774528933,2005563.8270778023,9200000.0,7194436.172922198,2101.3032552895006,294.31670225009594,100,10
C,Alta demanda con flota mixta: 5 motos y 2 furgonetas,,176,0,1.0117105472988563,0.25581355257005306,1943127.2625763966,7480000.0,5536872.737423603,2080.958942548584,228.394426889561,96,8
C,Alta demanda con flota mixta: 5 motos y 2 furgonetas,,202,5,0.9330107926969854,0.2181739058665662,1997296.4405456027,9210000.0,7212703.559454397,2040.524752880485,320.20113840165897,92,11
C,Alta demanda con flota mixta: 5 motos y 2 furgonetas,,202,8,1.1069623980874563,0.2786050679227489,2047015.8014892873,9210000.0,7162984.198510713,2183.7222269208014,297.0171748322149,92,11
C,Alta demanda con flota mixta: 5 motos y 2 furgonetas,,202,8,0.8692036669452706,0.2278722244267153,1998802.5774019663,8760000.0,6761197.422598034,2145.4292265923036,259.56992228132094,112,9
C,Alta demanda con flota mixta: 5 motos y 2 furgonetas,,200,4,0.9430756229358118,0.24510192938337463,2001494.675404132,8600000.0,6598505.324595868,2114.1794776646166,281.5571607918977,100,10
C,Alta demanda con flota mixta: 5 motos y 2 furgonetas,,195,9,1.0265120215242738,0.24903356107267333,2006363.8898851688,8100000.0,6093636.1101148315,2098.0089622687483,297.2798911490344,95,10
C,Alta demanda con flota mixta: 5 motos y 2 furgonetas,,197,0,0.978626218906812,0.25542243638754814,1994262.1893224213,8910000.0,6915737.810677579,2076.520534204408,294.95798833449237,97,10
C,Alta demanda con flota mixta: 5 motos y 2 furgonetas,,214,6,0.9558259077707562,0.2427263192418719,2026530.6338435789,9770000.0,7743469.366156422,2059.5298282220456,345.4185180646531,94,12
C,Alta demanda con flota mixta: 5 motos y 2 furgonetas,,192,5,1.0353935483579477,0.2676319166148188,1977524.5809066847,8310000.0,6332475.4190933155,2064.1460204639234,281.41010523419527,92,10
C,Alta demanda con flota mixta: 5 motos y 2 furgonetas,,196,2,1.0529187541773608,0.2174552981315377,2017023.483947362,8230000.0,6212976.516052638,2097.0169046902915,311.1955632384975,96,10
C,Alta demanda con flota mixta: 5 motos y 2 furgonetas,,194,5,0.918721235360441,0.2700653617947956,1998259.890312877,8920000.0,6921740.109687123,2114.183546647924,277.5112546698149,94,10
C,Alta demanda con flota mixta: 5 motos y 2 furgonetas,,209,1,1.065999518334457,0.260256213476395,2018986.6206952285,9620000.0,7601013.379304771,2098.4998878671736,312.7657559609371,99,11
C,Alta demanda con flota mixta: 5 motos y 2 furgonetas,,173,8,1.0559888022019104,0.28904357380886847,1958414.6839612222,8090000.0,6131585.316038778,2115.570771489359,226.8780821069221,93,8
C,Alta demanda con flota mixta: 5 motos y 2 furgonetas,,175,6,0.8940893138066202,0.24746290185785036,1945098.504965285,8000000.0,6054901.495034715,2112.4577273234954,212.08796029349116,95,8
C,Alta demanda con flota mixta: 5 motos y 2 furgonetas,,198,3,0.9122982117904281,0.26799503062938534,1981917.050559922,9090000.0,7108082.949440078,2050.983125791592,294.7446257721676,88,11
C,Alta demanda con flota mixta: 5 motos y 2 furgonetas,,195,3,0.9150004367794755,0.236740021909369,1990345.9273250808,8600000.0,6609654.072674919,2115.435780136663,266.8725793462108,95,10
C,Alta demanda con flota mixta: 5 motos y 2 furgonetas,,195,1,1.0144685458916853,0.2616087630284309,1976005.424279468,8550000.0,6573994.575720532,2068.816667343217,276.7278625917179,95,10
C,Alta demanda con flota mixta: 5 motos y 2 furgonetas,,210,3,0.9824036773943328,0.2694304905313073,2012596.0362208004,9150000.0,7137403.9637792,2070.765214608301,321.3049638462805,100,11
C,Alta demanda con flota mixta: 5 motos y 2 furgonetas,,226,5,1.104412524524876,0.23403801462896742,2067011.3769021507,10380000.0,8312988.623097849,2061.9160772022847,394.59745129242987,86,14
C,Alta demanda con flota mixta: 5 motos y 2 furgonetas,,213,0,1.003665573676211,0.25883224167968094,2053570.749258545,9440000.0,7386429.250741455,2221.607936530743,282.63429161585316,103,11
C,Alta demanda con flota mixta: 5 motos y 2 furgonetas,,182,8,1.044084270687647,0.2895295690344462,1947327.0030219052,8260000.0,6312672.996978095,2082.654101465949,232.63393605810253,102,8
C,Alta demanda con flota mixta: 5 motos y 2 furgonetas,,192,7,1.0003388284562758,0.2750102555818779,1992854.7401973926,8810000.0,6817145.259802608,2066.706503339616,299.04698059592016,92,10
C,Alta demanda con flota mixta: 5 motos y 2 furgonetas,,193,2,0.9314773027923525,0.2452152388580793,1971177.5688381104,8140000.0,6168822.43116189,2065.137547840135,272.8854765909024,93,10
C,Alta demanda con flota mixta: 5 motos y 2 furgonetas,,176,3,1.0088444833691075,0.26771087472847804,1918384.0265373078,7930000.0,6011615.973462692,2008.0600899543347,240.90671933726995,96,8
C,Alta demanda con flota mixta: 5 motos y 2 furgonetas,,194,6,0.917663284171624,0.19753273177057182,1964180.5689666956,8470000.0,6505819.431033304,2007.0502282239265,298.754186602427,94,10
C,Alta demanda con flota mixta: 5 motos y 2 furgonetas,,199,5,0.8834105699182121,0.20906007833434542,2001885.45037628,8720000.0,6718114.54962372,2085.994327285419,298.8415129324262,99,10
C,Alta demanda con flota mixta: 5 motos y 2 furgonetas,,187,11,1.0116064707534598,0.28168841310056125,1981109.0910168062,8960000.0,6978890.908983193,2119.3193859428807,253.0122447158706,97,9
C,Alta demanda con flota mixta: 5 motos y 2 furgonetas,,183,6,0.984633720627478,0.27092822539963785,1942035.42972519,8040000.0,6097964.57027481,2049.6544215697245,245.68439118336605,93,9
C,Alta demanda con flota mixta: 5 motos y 2 furgonetas,,199,0,1.0534349045142737,0.21505625988829496,2007728.870338624,9370000.0,7362271.129661376,2098.0749709845454,298.94678129700026,99,10
C,Alta demanda con flota mixta: 5 motos y 2 furgonetas,,191,3,1.2057091191435405,0.3246972374923781,2012715.6431115007,8580000.0,6567284.356888499,2091.828318590908,308.9027055076197,91,10
C,Alta demanda con flota mixta: 5 motos y 2 furgonetas,,194,3,0.9932881810901882,0.25692318706964595,2024347.9855745742,9170000.0,7145652.014425426,2135.3480623777596,297.50917426707963,94,10
C,Alta demanda con flota mixta: 5 motos y 2 furgonetas,,205,9,1.0909829997541323,0.28033805009084656,1952779.583433788,9250000.0,7297220.416566212,1942.0094632263788,323.2615595578931,95,11
C,Alta demanda con flota mixta: 5 motos y 2 furgonetas,,193,6,0.9747223634770101,0.22042867528912316,2004444.8421485745,8390000.0,6385555.157851426,2109.7444064059473,287.8877836238808,93,10
C,Alta demanda con flota mixta: 5 motos y 2 furgonetas,,205,3,1.0782958840273633,0.2466757169178406,1989406.3689197472,9300000.0,7310593.631080253,2028.7923055429394,317.330060893376,95,11
C,Alta demanda con flota mixta: 5 motos y 2 furgonetas,,223,8,0.8987697612003286,0.22599724577818237,2059528.0995681915,10340000.0,8280471.900431808,2138.5199789374215,339.5941320322416,103,12
C,Alta demanda con flota mixta: 5 motos y 2 furgonetas,,231,10,0.9958463494277308,0.2491545612891998,2058080.0506438569,10530000.0,8471919.949356142,2118.9173698771174,349.4655106484717,101,13
C,Alta demanda con flota mixta: 5 motos y 2 furgonetas,,195,2,1.0252020189852449,0.22850049672359915,1956830.027969707,8300000.0,6343169.972030293,2038.9474570321722,270.5580529939975,95,10
C,Alta demanda con flota mixta: 5 motos y 2 furgonetas,,200,0,1.0451494357685152,0.21884854003757634,2039604.7803284866,8600000.0,6560395.219671514,2122.9969998214588,323.9403202750508,90,11
C,Alta demanda con flota mixta: 5 motos y 2 furgonetas,,222,6,0.9400923423693953,0.2138515808325676,2037075.3436963242,9560000.0,7522924.656303676,2100.175653439358,334.37805006077053,102,12
C,Alta demanda con flota mixta: 5 motos y 2 furgonetas,,204,5,0.9352275163298394,0.2211122120011124,2010888.0316264296,9270000.0,7259111.968373571,2104.768432370732,298.9070155984614,94,11
C,Alta demanda con flota mixta: 5 motos y 2 furgonetas,,199,6,1.0169025204264257,0.21117029772754925,1966876.5898939187,9020000.0,7053123.4101060815,1985.6475939924026,314.8783100329496,89,11
C,Alta demanda con flota mixta: 5 motos y 2 furgonetas,,185,7,0.9761127423869935,0.25046252135872354,1960070.6051861248,8250000.0,6289929.394813875,2057.594296601905,263.49688972942204,95,9
C,Alta demanda con flota mixta: 5 motos y 2 furgonetas,,181,1,0.9944803954664814,0.24303780813811882,1946987.3874049943,8230000.0,6283012.612595006,2064.2872928926495,243.1544273509004,91,9
C,Alta demanda con flota mixta: 5 motos y 2 furgonetas,,189,10,1.0133861599453498,0.3192189223216878,1946168.3281398022,8870000.0,6923831.671860198,2050.8688199531734,250.12683902495556,99,9
C,Alta demanda con flota mixta: 5 motos y 2 furgonetas,,207,7,1.0049884695184235,0.25424976107363967,2047241.1105146906,8710000.0,6662758.889485309,2142.5586173526044,321.82872060077807,97,11
C,Alta demanda con flota mixta: 5 motos y 2 furgonetas,,220,8,0.9506919328259016,0.226770812558108,2054617.771743429,9400000.0,7345382.228256571,2124.520222107223,341.79885234336376,100,12
C,Alta demanda con flota mixta: 5 motos y 2 furgonetas,,191,7,0.960208904693275,0.26824957987260634,1990936.6599000937,8830000.0,6839063.340099907,2153.1457328587617,245.13916286346807,101,9
C,Alta demanda con flota mixta: 5 motos y 2 furgonetas,,191,2,1.013808377354769,0.261758910179944,1993273.3822201325,8680000.0,6686726.617779868,2154.118564364028,247.48034330913615,101,9
C,Alta demanda con flota mixta: 5 motos y 2 furgonetas,,202,0,0.9072978447795581,0.2626514656845221,1977060.4343374183,8910000.0,6932939.5656625815,2064.6967156191304,280.5017558959361,102,10
C,Alta demanda con flota mixta: 5 motos y 2 furgonetas,,189,2,0.9588373554412181,0.2461089213453968,1958050.1527346713,8070000.0,6111949.847265329,2069.427652523249,253.91967945462753,99,9
C,Alta demanda con flota mixta: 5 motos y 2 furgonetas,,199,1,1.0535882393983877,0.23542412475803684,2003833.6560038517,9220000.0,7216166.343996149,2048.0012583894636,323.91731463535035,89,11
C,Alta demanda con flota mixta: 5 motos y 2 furgonetas,,186,2,0.9500710095979921,0.26740667402632856,2042916.959787899,8830000.0,6787083.040212101,2204.477375727253,279.5253700923544,96,9
C,Alta demanda con flota mixta: 5 motos y 2 furgonetas,,195,7,0.9801185243254924,0.21093160445130754,1984619.1138272968,8800000.0,6815380.8861727035,2044.7155765207692,301.8571158112368,95,10
C,Alta demanda con flota mixta: 5 motos y 2 furgonetas,,225,3,1.014527281860913,0.2524199602049263,2057770.9457360143,10350000.0,8292229.054263986,2118.036422760471,349.6040969123154,105,12
C,Alta demanda con flota mixta: 5 motos y 2 furgonetas,,212,1,0.9989098209462958,0.22324446093628836,2040481.0274927353,9460000.0,7419518.972507264,2122.0987994493235,325.5708780596231,102,11
C,Alta demanda con flota mixta: 5 motos y 2 furgonetas,,188,4,1.0508660278492727,0.28748432519742945,1963642.046913915,8790000.0,6826357.953086085,2066.5331286685505,262.63443012524573,98,9
C,Alta demanda con flota mixta: 5 motos y 2 furgonetas,,190,8,1.005316083337513,0.2324546936427659,1960032.1506397862,8250000.0,6289967.849360214,2048.7327055028536,268.7295544523111,100,9
C,Alta demanda con flota mixta: 5 motos y 2 furgonetas,,177,6,1.0051015111531485,0.2636405604552624,1986454.4686763317,7960000.0,5973545.531323669,2158.30627145148,236.46119437963316,97,8
C,Alta demanda con flota mixta: 5 motos y 2 furgonetas,,228,4,1.0576358583470622,0.2754094340800349,2091661.7812408267,10090000.0,7998338.2187591735,2141.8863680602526,377.7551607648778,98,13
C,Alta demanda con flota mixta: 5 motos y 2 furgonetas,,184,4,0.9787556753721189,0.24669426481841733,1949785.261734972,8970000.0,7020214.738265028,2077.6688165224696,238.67755306331685,104,8
C,Alta demanda con flota mixta: 5 motos y 2 furgonetas,,205,6,0.9543301479043206,0.24772299109990742,1997394.353695534,9200000.0,7202605.646304466,2076.2167938249004,299.0541964897858,95,11
C,Alta demanda con flota mixta: 5 motos y 2 furgonetas,,195,9,1.005554432133887,0.27704028760185395,2015665.020596486,8750000.0,6734334.979403514,2151.525134866483,277.0153483350322,95,10
C,Alta demanda con flota mixta: 5 motos y 2 furgonetas,,203,4,0.910065685402485,0.27300148989627443,2004154.836086266,9090000.0,7085845.163913734,2061.19557257201,316.45613298806234,93,11
C,Alta demanda con flota mixta: 5 motos y 2 furgonetas,,208,6,0.9011723909823627,0.2312516575849966,2013526.9176756125,9440000.0,7426473.0823243875,2122.005418454125,291.9338876905194,108,10
C,Alta demanda con flota mixta: 5 motos y 2 furgonetas,,202,9,1.0331523888056944,0.2826163145200443,2016502.0825096327,8660000.0,6643497.917490367,2078.202719219097,321.7554197409387,92,11
C,Alta demanda con flota mixta: 5 motos y 2 furgonetas,,222,0,1.27707500623109,0.2953872612395746,2128218.7248999053,9760000.0,7631781.275100095,2185.4545172180715,397.4885356537145,92,13
C,Alta demanda con flota mixta: 5 motos y 2 furgonetas,,209,10,0.8585276135756845,0.2368459225479626,1984244.8690202343,9520000.0,7535755.130979765,2069.30635878013,286.73535526927657,99,11
C,Alta demanda con flota mixta: 5 motos y 2 furgonetas,,191,3,1.1143369655267974,0.29645755202195745,1982458.293473451,8880000.0,6897541.7065265495,2085.1905020852164,275.0365762885049,101,9
C,Alta demanda con flota mixta: 5 motos y 2 furgonetas,,193,6,0.982069717474122,0.24730777542306331,1968221.0009713862,8640000.0,6671778.999028614,2046.8359011110233,280.095946813959,93,10
C,Alta demanda con flota mixta: 5 motos y 2 furgonetas,,205,3,1.0173238840839691,0.2522059669148969,1957133.862155609,9400000.0,7442866.137844391,1962.4993018917623,316.4942569764858,95,11
C,Alta demanda con flota mixta: 5 motos y 2 furgonetas,,186,11,1.0564507009524333,0.31099027716684846,2008718.6911849852,7830000.0,5821281.308815015,2150.5559282751256,268.909998893529,96,9
C,Alta demanda con flota mixta: 5 motos y 2 furgonetas,,202,2,0.9267997094610987,0.243115396842497,2019868.4400940875,8960000.0,6940131.559905913,2123.92518718369,298.7167765305567,102,10
C,Alta demanda con flota mixta: 5 motos y 2 furgonetas,,189,0,1.0107738431720652,0.24619123748057137,1968891.8469653777,9120000.0,7151108.153034622,2070.7471687015504,266.6854810584073,89,10
C,Alta demanda con flota mixta: 5 motos y 2 furgonetas,,202,2,0.9976144814327452,0.22256742953472397,1985361.1766503449,9710000.0,7724638.823349655,2034.3924733727347,308.9363605447496,92,11
C,Alta demanda con flota mixta: 5 motos y 2 furgonetas,,199,4,0.902191036262584,0.2452467352642316,1961337.711444117,9720000.0,7758662.288555883,2062.863048011649,261.94105772745155,99,10
C,Alta demanda con flota mixta: 5 motos y 2 furgonetas,,229,4,0.9410674990738581,0.22624513167705865,2006166.0909269485,10420000.0,8413833.909073051,2000.4116113720816,355.19212381746854,99,13
C,Alta demanda con flota mixta: 5 motos y 2 furgonetas,,192,3,1.041646447178137,0.2531609416517569,1964050.1362264059,9110000.0,7145949.863773594,2043.853030809071,276.65989558154337,92,10
C,Alta demanda con flota mixta: 5 motos y 2 furgonetas,,202,5,1.0109138446040167,0.2434884507503508,1956813.1159097147,9310000.0,7353186.884090286,1965.7562209835994,314.15248537080214,82,12
C,Alta demanda con flota mixta: 5 motos y 2 furgonetas,,195,1,1.0005611495042588,0.2519650783046412,1969989.2499877575,8700000.0,6730010.750012242,2028.4406323499925,293.2682286799802,95,10
C,Alta demanda con flota mixta: 5 motos y 2 furgonetas,,229,1,0.9532055409588502,0.24239364012655762,2075084.178494493,10720000.0,8644915.821505507,2114.389874986152,373.4186612609784,99,13
C,Alta demanda con flota mixta: 5 motos y 2 furgonetas,,181,8,0.9176807102808705,0.2559055346439292,1929498.5275733431,8030000.0,6100501.472426657,2047.7647537306632,231.13934017970303,91,9
C,Alta demanda con flota mixta: 5 motos y 2 furgonetas,,197,1,1.1339837202132648,0.32274422571491,2017731.2992473622,8360000.0,6342268.700752638,2106.714787705088,306.3012426514413,97,10
C,Alta demanda con flota mixta: 5 motos y 2 furgonetas,,191,3,0.863292858160763,0.24624156940852515,1950089.3496966972,8930000.0,6979910.650303302,2073.5637830844976,241.5039037540781,101,9
C,Alta demanda con flota mixta: 5 motos y 2 furgonetas,,172,8,1.0830494773609805,0.26961415338549544,1945328.1207448174,7510000.0,5564671.879255183,2108.280547649789,214.86421360021492,92,8
C,Alta demanda con flota mixta: 5 motos y 2 furgonetas,,192,2,0.9540947728534648,0.26886268910826444,2001147.6879012713,8360000.0,6358852.3120987285,2145.0591922399135,262.7218185014688,102,9
C,Alta demanda con flota mixta: 5 motos y 2 furgonetas,,206,6,1.0426842317719887,0.25431625086278115,2036083.84303363,8980000.0,6943916.15696637,2112.6308425265393,325.7164713654903,96,11
C,Alta demanda con flota mixta: 5 motos y 2 furgonetas,,176,6,0.9731134191531503,0.21755897176478464,1915292.0802347416,8030000.0,6114707.919765258,2026.8636265779717,225.83652394082878,96,8
C,Alta demanda con flota mixta: 5 motos y 2 furgonetas,,192,10,0.9775915336758887,0.23487309518545715,1931164.4332898443,8910000.0,6978835.566710155,1960.8786673793445,284.9982272581599,92,10
C,Alta demanda con flota mixta: 5 motos y 2 furgonetas,,191,7,0.9678820608459922,0.21172870810607397,1930534.1022549376,8780000.0,6849465.897745063,1936.0438946130885,299.00966499059876,91,10
C,Alta demanda con flota mixta: 5 motos y 2 furgonetas,,188,6,1.0359717961917765,0.2945191959904556,1925831.5210650577,8740000.0,6814168.478934942,2035.8530336589367,233.65392493159018,98,9
C,Alta demanda con flota mixta: 5 motos y 2 furgonetas,,170,6,0.9279743994700547,0.28845787733584527,1962033.1647894115,7650000.0,5687966.835210589,2160.116555315905,204.8557937376221,100,7
C,Alta demanda con flota mixta: 5 motos y 2 furgonetas,,172,9,0.9201441689412149,0.25668338159576704,1953683.4439683377,8210000.0,6256316.556031662,2116.7714874091093,220.24851049028908,92,8
C,Alta demanda con flota mixta: 5 motos y 2 furgonetas,,201,3,1.0356720681980005,0.27561041252269314,2008473.552515814,9530000.0,7521526.447484186,2119.1573366055086,287.31438881538423,101,10
C,Alta demanda con flota mixta: 5 motos y 2 furgonetas,,193,9,0.9386237108150516,0.24148378019416572,1963325.6761339628,9390000.0,7426674.323866038,2009.3498238225432,296.31521279935146,83,11
C,Alta demanda con flota mixta: 5 motos y 2 furgonetas,,208,9,0.9485656174056942,0.21368344794490182,2080418.2065039815,9240000.0,7159581.793496018,2195.715601950364,331.62317900327696,98,11
C,Alta demanda con flota mixta: 5 motos y 2 furgonetas,,192,3,1.050270141822618,0.25688381953978,2036552.334624315,8810000.0,6773447.665375685,2166.26959383788,294.3380834630269,92,10
C,Alta demanda con flota mixta: 5 motos y 2 furgonetas,,209,4,0.9773021261276648,0.252626699781411,1992744.1267983569,8820000.0,6827255.873201643,2084.989701848685,288.01352731558967,109,10
C,Alta demanda con flota mixta: 5 motos y 2 furgonetas,,199,5,0.9529765134305144,0.22787104584737286,1994106.9154689917,9170000.0,7175893.084531008,2085.2944918683274,289.5353849713037,99,10
C,Alta demanda con flota mixta: 5 motos y 2 furgonetas,,183,4,0.9383319798897564,0.252248998972285,1938846.050959979,8140000.0,6201153.949040021,2015.4427812402316,262.0848118447014,93,9
C,Alta demanda con flota mixta: 5 motos y 2 furgonetas,,173,2,1.016668133787099,0.30502080863417297,1930452.4875870377,7740000.0,5809547.5124129625,2075.345712397401,215.89595216532885,93,8
C,Alta demanda con flota mixta: 5 motos y 2 furgonetas,,188,5,1.050520991572653,0.26474803801431757,1974035.7362164038,8390000.0,6415964.263783596,2073.3690404230974,271.5529364899236,98,9
C,Alta demanda con flota mixta: 5 motos y 2 furgonetas,,192,6,1.0697287044794836,0.2761990384111392,1961981.413777215,8360000.0,6398018.586222785,2039.3172745887598,276.7769063486931,92,10
C,Alta demanda con flota mixta: 5 motos y 2 furgonetas,,183,3,0.9519519378377718,0.22370792105448023,1920439.161983388,8190000.0,6269560.838016612,2005.6587291678304,244.9066395545583,93,9
C,Alta demanda con flota mixta: 5 motos y 2 furgonetas,,195,7,0.9488675871460576,0.2322799807183998,1962183.9341744774,7950000.0,5987816.065825523,2099.9213334178066,240.91534063830676,105,9
C,Alta demanda con flota mixta: 5 motos y 2 furgonetas,,192,4,1.0352558800079785,0.29067763671908237,1956129.8898759233,8460000.0,6503870.110124077,2054.8759450787725,260.1908952436991,102,9
C,Alta demanda con flota mixta: 5 motos y 2 furgonetas,,176,8,0.9004335749009709,0.25433180883017137,1975846.8658564098,7880000.0,5904153.13414359,2142.756384624721,232.46806278838227,96,8
C,Alta demanda con flota mixta: 5 motos y 2 furgonetas,,210,4,1.0566139960479126,0.21777687468169132,2038343.2835808771,9750000.0,7711656.716419123,2118.4370543998566,325.0807778165898,90,12
C,Alta demanda con flota mixta: 5 motos y 2 furgonetas,,218,6,0.9947421104392071,0.23991863789587672,2086167.9111010968,9690000.0,7603832.088898903,2171.484555344022,353.24989331047226,98,12
C,Alta demanda con flota mixta: 5 motos y 2 furgonetas,,196,7,0.9008729837719636,0.2577848556739096,1980041.6070427955,8330000.0,6349958.392957205,2099.801054081019,263.30910768398826,106,9
C,Alta demanda con flota mixta: 5 motos y 2 furgonetas,,192,4,1.052337885430805,0.25485625215211294,1993672.7864423671,7760000.0,5766327.213557633,2088.1158964690503,287.3114134188936,92,10
C,Alta demanda con flota mixta: 5 motos y 2 furgonetas,,184,8,0.9461750346534004,0.29855401546009247,1912021.6606485408,7720000.0,5807978.339351459,2015.592557733146,228.4650702710716,104,8
C,Alta demanda con flota mixta: 5 motos y 2 furgonetas,,220,3,0.8918614938113613,0.21974131901541036,1999910.8356953622,9950000.0,7950089.164304638,2019.0211251787016,336.28341288169776,100,12
C,Alta demanda con flota mixta: 5 motos y 2 furgonetas,,199,6,0.9309755532658233,0.24973807456560068,1958001.8397354283,8820000.0,6861998.160264572,2083.7915045658942,245.29968922520945,99,10
C,Alta demanda con flota mixta: 5 motos y 2 furgonetas,,184,6,0.9465074239783422,0.2417754081246593,1961706.809375035,8120000.0,6158293.190624965,2071.7985778780035,257.07763619961605,94,9
C,Alta demanda con flota mixta: 5 motos y 2 furgonetas,,203,1,0.9970051727818768,0.24992015849800517,2063671.8360178478,8690000.0,6626328.163982152,2215.9165199881277,298.65223632543143,103,10
C,Alta demanda con flota mixta: 5 motos y 2 furgonetas,,206,11,1.031731661939725,0.2656837420600912,2028662.96064752,9380000.0,7351337.03935248,2133.9370987796065,303.74370395344476,96,11
C,Alta demanda con flota mixta: 5 motos y 2 furgonetas,,223,8,1.0088286634649701,0.25774269928593596,2040313.6210012739,10090000.0,8049686.378998727,2124.907117774912,323.68810795109874,103,12
C,Alta demanda con flota mixta: 5 motos y 2 furgonetas,,198,8,1.0049748173281332,0.21343484305685198,2004413.978826609,8790000.0,6785586.0211733915,2120.879233197097,281.2138220012462,98,10
C,Alta demanda con flota mixta: 5 motos y 2 furgonetas,,224,1,1.0425706696444674,0.2430739460440384,2050594.0510049993,10470000.0,8419405.948995002,2080.375722051322,363.0754608098899,94,13
C,Alta demanda con flota mixta: 5 motos y 2 furgonetas,,185,1,0.9309374717160703,0.3058961817292988,1956042.1316865813,8400000.0,6443957.868313419,2136.7762915700405,211.27575727854378,105,8
C,Alta demanda con flota mixta: 5 motos y 2 furgonetas,,206,6,0.900072863416895,0.2193125067814319,1998872.6430369336,9580000.0,7581127.356963066,2050.701712220525,316.10681423310064,96,11
C,Alta demanda con flota mixta: 5 motos y 2 furgonetas,,190,2,1.0633305860706952,0.23857524205568925,1956574.3573201925,8500000.0,6543425.642679808,2059.215832180631,258.1602865764496,90,10
C,Alta demanda con flota mixta: 5 motos y 2 furgonetas,,177,10,1.0867579388686124,0.29610190715376217,2006286.173399781,7860000.0,5853713.826600219,2130.10244088567,278.0578404659916,87,9
C,Alta demanda con flota mixta: 5 motos y 2 furgonetas,,196,4,1.0156852851431928,0.23562867027564657,1955576.628445424,8730000.0,6774423.371554576,2045.8449127383108,264.88102351516017,106,9
C,Alta demanda con flota mixta: 5 motos y 2 furgonetas,,205,6,1.043949719677122,0.25692204244888533,2015804.936640579,9200000.0,7184195.063359421,2109.198003112917,302.41351029124525,95,11
C,Alta demanda con flota mixta: 5 motos y 2 furgonetas,,198,7,1.1209317652857513,0.25287515948775935,2003015.032550851,8940000.0,6936984.967449149,2072.433872977468,308.334334878425,98,10
C,Alta demanda con flota mixta: 5 motos y 2 furgonetas,,202,5,0.8872933682990654,0.2254440232527036,2009089.6155165974,9060000.0,7050910.384483403,2137.1877912417604,277.3398942679394,102,10
C,Alta demanda con flota mixta: 5 motos y 2 furgonetas,,221,6,1.0787146724680248,0.25849665812641076,2055802.4210771273,9480000.0,7424197.578922872,2086.922761394673,365.684460817354,91,13
C,Alta demanda con flota mixta: 5 motos y 2 furgonetas,,196,6,1.0654161366180726,0.3042885844209243,2001631.8658088606,8680000.0,6678368.13419114,2148.055536815543,261.5414816990305,96,10
C,Alta demanda con flota mixta: 5 motos y 2 furgonetas,,196,6,1.0039051914926511,0.25523501070569443,1980727.4207300025,9330000.0,7349272.579269998,2061.2134234516966,287.1612262303926,96,10
C,Alta demanda con flota mixta: 5 motos y 2 furgonetas,,195,1,1.1941908246623214,0.32092348813430666,1998387.076789655,8350000.0,6351612.923210345,2059.627833184981,310.18066936477226,95,10
C,Alta demanda con flota mixta: 5 motos y 2 furgonetas,,205,1,1.0125772439985288,0.21453759010681328,2019891.8223856206,9100000.0,7080108.17761438,2082.445124044936,323.46449252014565,95,11
C,Alta demanda con flota mixta: 5 motos y 2 furgonetas,,219,10,0.9920727443042818,0.2069970366578397,1960087.6224847743,9720000.0,7759912.377515226,1925.5955466942269,342.17786640709465,89,13
C,Alta demanda con flota mixta: 5 motos y 2 furgonetas,,208,12,0.907882563875922,0.21777324459199174,2019427.1296500135,9540000.0,7520572.8703499865,2083.2355032229316,322.4126297687302,98,11
C,Alta demanda con flota mixta: 5 motos y 2 furgonetas,,178,7,0.9569349127438559,0.23772488668901887,1965216.381181202,8340000.0,6374783.618818798,2114.5279764626653,236.00161822324316,88,9
C,Alta demanda con flota mixta: 5 motos y 2 furgonetas,,186,10,0.9839666594164934,0.2837297877270857,1953691.4910387525,8080000.0,6126308.508961247,2083.5280234628353,240.06876503719297,96,9
C,Alta demanda con flota mixta: 5 motos y 2 furgonetas,,217,11,1.0342942431647564,0.2548961808568442,2024585.9287103817,9460000.0,7435414.0712896185,2104.012719808359,316.4797255157265,97,12
C,Alta demanda con flota mixta: 5 motos y 2 furgonetas,,202,3,1.0086934447673348,0.2403909642425614,2036396.152093044,9560000.0,7523603.847906956,2132.1354998563147,314.4837885787264,92,11
C,Alta demanda con flota mixta: 5 motos y 2 furgonetas,,210,1,0.9849769122028341,0.2701381114042864,2029494.4205032757,9050000.0,7020505.5794967245,2165.652198877932,285.8836041857974,110,10
C,Alta demanda con flota mixta: 5 motos y 2 furgonetas,,204,8,1.0531663414303643,0.2380649753018257,2033183.0203047455,9120000.0,7086816.979695255,2124.460351433014,315.0410907281541,94,11
C,Alta demanda con flota mixta: 5 motos y 2 furgonetas,,202,8,1.0063001372747524,0.26483865039151644,1995836.6905391794,9260000.0,7264163.309460821,2095.624496750184,285.541824774878,92,11
C,Alta demanda con flota mixta: 5 motos y 2 furgonetas,,210,4,0.9807495222644368,0.22728461308633266,2052346.4597741885,9100000.0,7047653.540225811,2125.777504993782,338.2104817936779,100,11
C,Alta demanda con flota mixta: 5 motos y 2 furgonetas,,184,7,1.0075623506844884,0.23065961117424105,2009443.2515744092,8770000.0,6760556.748425591,2156.1528719742187,266.4804106682221,94,9
C,Alta demanda con flota mixta: 5 motos y 2 furgonetas,,190,10,0.9733329577669497,0.22873513077931298,1955465.602345907,8600000.0,6644534.397654093,2031.2541201148451,273.43707659999444,90,10
C,Alta demanda con flota mixta: 5 motos y 2 furgonetas,,199,2,1.003714797067847,0.28955273677448584,1999695.4867267113,8970000.0,6970304.5132732885,2120.604956727385,275.4791516531307,99,10
C,Alta demanda con flota mixta: 5 motos y 2 furgonetas,,187,1,1.0492621507649078,0.23361969428946674,1961136.961722328,8460000.0,6498863.038277672,2069.3032658861707,257.8523142410651,97,9
C,Alta demanda con flota mixta: 5 motos y 2 furgonetas,,200,0,1.024706630222367,0.2468122448356438,1987904.0214782672,8450000.0,6462095.978521733,2034.6498509003106,311.9615420937501,90,11
C,Alta demanda con flota mixta: 5 motos y 2 furgonetas,,236,3,0.9680922369005189,0.23489157491723772,2080825.4389221717,10730000.0,8649174.561077828,2119.9848388411433,377.2611278973405,96,14
C,Alta demanda con flota mixta: 5 motos y 2 furgonetas,,191,6,1.0490398680383886,0.2734869078172827,1972105.8202912412,8230000.0,6257894.179708758,2042.8577723130327,287.3225876411103,91,10
C,Alta demanda con flota mixta: 5 motos y 2 furgonetas,,184,7,1.1159242936748428,0.2761114150699883,1944477.8417958776,7720000.0,5775522.158204122,1991.119378006353,283.61917041918383,84,10
C,Alta demanda con flota mixta: 5 motos y 2 furgonetas,,215,7,1.0239753430771514,0.22259483856388554,2018337.2649657803,9900000.0,7881662.73503422,2108.845199530126,305.7891607627779,95,12
C,Alta demanda con flota mixta: 5 motos y 2 furgonetas,,208,3,1.0424862890879805,0.2303775495312842,2002992.389008423,9590000.0,7587007.610991577,2005.8110699405042,348.0073915651537,88,12
C,Alta demanda con flota mixta: 5 motos y 2 furgonetas,,195,0,1.1118142445629449,0.2490162915243325,2007558.3799390285,8600000.0,6592441.620060971,2102.5483295802233,296.06793799335895,95,10
C,Alta demanda con flota mixta: 5 motos y 2 furgonetas,,192,9,0.950219076757426,0.23488641109959904,1964877.2983367825,8610000.0,6645122.7016632175,2080.413537990176,255.90698498395503,102,9
C,Alta demanda con flota mixta: 5 motos y 2 furgonetas,,178,0,1.030738891808396,0.27151056144149716,1931123.274809945,8440000.0,6508876.725190055,2033.0785927337768,241.92194114051262,88,9
C,Alta demanda con flota mixta: 5 motos y 2 furgonetas,,202,4,1.0005195177560338,0.2514850398794206,1958231.226909198,8710000.0,6751768.773090802,1946.8469945605261,327.1933685109966,92,11
C,Alta demanda con flota mixta: 5 motos y 2 furgonetas,,201,3,1.0841051913067883,0.23142416747040417,2008908.240366466,9180000.0,7171091.759633534,2052.960384320586,327.30533995719014,91,11
C,Alta demanda con flota mixta: 5 motos y 2 furgonetas,,198,4,1.047580030497221,0.23481693728649208,1984914.0163642324,9390000.0,7405085.983635767,2043.3796366849374,303.02184722982736,98,10
C,Alta demanda con flota mixta: 5 motos y 2 furgonetas,,229,5,1.0199377303444346,0.23045174150350792,2061788.8125661856,10220000.0,8158211.187433815,2109.9275755585018,359.458593858274,99,13
C,Alta demanda con flota mixta: 5 motos y 2 furgonetas,,199,1,0.9600006899150495,0.251407419965786,2012067.7020749168,8720000.0,6707932.297925083,2124.7166927175654,288.4941859651373,99,10
C,Alta demanda con flota mixta: 5 motos y 2 furgonetas,,184,0,0.9760571880047586,0.2617808777657449,1937505.282843364,8470000.0,6532494.717156636,2051.8130370221456,238.7353616502938,94,9
C,Alta demanda con flota mixta: 5 motos y 2 furgonetas,,207,7,0.9442540510184967,0.22960493186826844,1993445.640859322,9160000.0,7166554.359140678,2011.383953593812,332.7530053487295,97,11
C,Alta demanda con flota mixta: 5 motos y 2 furgonetas,,188,6,1.0600839280082641,0.27567010514973767,1970276.314173504,8540000.0,6569723.685826496,2053.1623950325134,278.89505150761676,98,9
C,Alta demanda con flota mixta: 5 motos y 2 furgonetas,,181,9,0.91523200920524,0.2612773200006726,1913770.6749845515,8080000.0,6166229.325015448,1983.9181685879416,249.52650261257452,91,9
C,Alta demanda con flota mixta: 5 motos y 2 furgonetas,,197,7,0.9490606366873809,0.25694199560444475,1973059.5842845635,8460000.0,6486940.415715436,2051.067659181998,283.6224184239617,97,10
C,Alta demanda con flota mixta: 5 motos y 2 furgonetas,,195,8,0.9752258649353062,0.2481427443482711,1944512.980258557,9000000.0,7055487.019741443,1984.2112991580887,287.7797040341993,95,10
C,Alta demanda con flota mixta: 5 motos y 2 furgonetas,,193,6,1.0271741150521925,0.25725541677668884,1983960.7814569701,8990000.0,7006039.21854303,2098.7198239106565,268.85239427560174,103,9
C,Alta demanda con flota mixta: 5 motos y 2 furgonetas,,205,2,1.109921588647613,0.2515648500320039,2049113.6236602974,9700000.0,7650886.376339703,2193.697220722301,293.69522905224295,95,11
C,Alta demanda con flota mixta: 5 motos y 2 furgonetas,,204,0,1.1752595106928054,0.27910368280004194,2024370.3358959153,9320000.0,7295629.6641040845,2042.4402035531532,352.90206659057384,84,12
C,Alta demanda con flota mixta: 5 motos y 2 furgonetas,,208,4,1.0364069627600085,0.2566534600246024,2010590.874540927,8790000.0,6779409.125459073,2099.7089287087047,301.5505907175811,98,11
C,Alta demanda con flota mixta: 5 motos y 2 furgonetas,,177,3,0.9868359254571614,0.24263272199605032,1989093.852711431,7760000.0,5770906.147288569,2136.7818628068785,252.5870885899322,97,8
C,Alta demanda con flota mixta: 5 motos y 2 furgonetas,,227,3,1.0117002418620806,0.25615462855452836,2052616.1597248008,9910000.0,7857383.840275199,2031.0695857938986,394.9852396321438,97,13
C,Alta demanda con flota mixta: 5 motos y 2 furgonetas,,207,3,0.9297244236209296,0.24718771447543034,2031038.1822871426,8560000.0,6528961.817712857,2122.9318698812194,313.2708844688844,97,11
C,Alta demanda con flota mixta: 5 motos y 2 furgonetas,,195,9,0.9230249242515092,0.22120621982401306,1978011.6726213887,8500000.0,6521988.327378611,2117.7092197994257,250.0999898535573,105,9
C,Alta demanda con flota mixta: 5 motos y 2 furgonetas,,199,4,1.018689149103457,0.21824110738541333,1981552.808710376,8570000.0,6588447.191289624,1993.018255972833,328.83131394610734,89,11
C,Alta demanda con flota mixta: 5 motos y 2 furgonetas,,219,2,1.0804710931610506,0.24439855531991422,2086374.724776956,10320000.0,8233625.275223044,2184.142527776369,345.9653664082086,99,12
C,Alta demanda con flota mixta: 5 motos y 2 furgonetas,,211,8,0.9266280805893506,0.22362521717631967,2037032.8466424106,9430000.0,7392967.15335759,2108.8100074947215,329.1796092323633,91,12
C,Alta demanda con flota mixta: 5 motos y 2 furgonetas,,178,1,0.9825183150261366,0.2233405273626377,2011041.9366630833,7790000.0,5778958.063336916,2146.059487164778,274.49354120432076,88,9
C,Alta demanda con flota mixta: 5 motos y 2 furgonetas,,172,2,1.0983402960192894,0.3148449020412723,1917174.4159572474,7710000.0,5792825.584042752,2016.1906474903838,234.54960524449368,92,8
C,Alta demanda con flota mixta: 5 motos y 2 furgonetas,,179,0,0.9977782524745531,0.275139983917937,1938611.2578635155,8220000.0,6281388.742136484,2086.295308874138,219.56941360048268,99,8
C,Alta demanda con flota mixta: 5 motos y 2 furgonetas,,191,1,1.0182698220150366,0.23561087613420195,2008308.7484312817,8530000.0,6521691.251568718,2160.228897565787,262.6333271389778,101,9
C,Alta demanda con flota mixta: 5 motos y 2 furgonetas,,187,5,1.004595953774258,0.2649109529788831,1972901.1704744562,8310000.0,6337098.829525543,2102.911604888903,252.52994586525983,97,9
C,Alta demanda con flota mixta: 5 motos y 2 furgonetas,,197,8,1.0321403597971714,0.2874232023953821,2022477.4652818576,8710000.0,6687522.534718143,2138.5948199094832,293.2362405035604,97,10
C,Alta demanda con flota mixta: 5 motos y 2 furgonetas,,202,6,0.9731897189966149,0.275259571329817,2002203.3314706464,8760000.0,6757796.668529354,2081.624714071458,301.8427714347484,92,11
C,Alta demanda con flota mixta: 5 motos y 2 furgonetas,,184,11,1.012102495120889,0.25146770552678416,1947916.5544971065,8570000.0,6622083.445502894,2048.3353256214846,253.82186291251855,94,9
C,Alta demanda con flota mixta: 5 motos y 2 furgonetas,,211,3,1.0010972078742622,0.2384702592571778,2021658.5180652705,9830000.0,7808341.48193473,2096.979519028173,317.01163446926085,101,11
C,Alta demanda con flota mixta: 5 motos y 2 furgonetas,,198,11,1.0984802633092445,0.2802751141829316,2049936.3867269494,8790000.0,6740063.613273051,2161.955977583036,313.63868643778426,98,10
C,Alta demanda con flota mixta: 5 motos y 2 furgonetas,,192,6,1.0416236325546029,0.272382765818473,1995119.5035813341,9160000.0,7164880.496418666,2082.254241736668,292.6128431683136,92,10
C,Alta demanda con flota mixta: 5 motos y 2 furgonetas,,187,2,1.018750747083267,0.23574689207512148,1968626.1115007608,8210000.0,6241373.888499239,2040.9931157392336,284.08412381354105,97,9
C,Alta demanda con flota mixta: 5 motos y 2 furgonetas,,174,11,0.8585054000675518,0.23310615817233563,1849741.3632501347,8170000.0,6320258.6367498655,1903.29578386576,217.5337497803104,94,8
C,Alta demanda con flota mixta: 5 motos y 2 furgonetas,,190,3,0.9324322961788338,0.231480459484842,2007322.7772367403,8600000.0,6592677.22276326,2129.1205674589814,279.93870591057384,100,9
C,Alta demanda con flota mixta: 5 motos y 2 furgonetas,,161,4,0.993489495622274,0.30345399322149097,1926722.7963969798,6880000.0,4953277.20360302,2097.129908381272,198.25236348851772,91,7
C,Alta demanda con flota mixta: 5 motos y 2 furgonetas,,216,1,0.9988406091347796,0.2380480537294293,2043439.0304322313,9980000.0,7936560.969567768,2093.08496153066,346.55809042269686,96,12
C,Alta demanda con flota mixta: 5 motos y 2 furgonetas,,202,8,0.9774310713010083,0.2431784558013769,2010195.7461209234,8660000.0,6649804.253879077,2096.6758821612943,302.86411054325913,102,10
C,Alta demanda con flota mixta: 5 motos y 2 furgonetas,,193,6,0.9842655556935959,0.2385701500363579,1959294.6616096168,8840000.0,6880705.338390383,2040.6906342524567,272.6000639486015,103,9
C,Alta demanda con flota mixta: 5 motos y 2 furgonetas,,210,6,1.106679047184445,0.25504519455917296,2058178.1560339213,9800000.0,7741821.843966079,2104.4308636450287,358.2208325310817,90,12
C,Alta demanda con flota mixta: 5 motos y 2 furgonetas,,207,7,0.9437637699214096,0.21272255114898847,2022761.55578897,9560000.0,7537238.44421103,2150.7842963319367,286.32749226885517,107,10
C,Alta demanda con flota mixta: 5 motos y 2 furgonetas,,201,1,1.0230985336396297,0.27382503073889003,1973721.2584295138,8880000.0,6906278.741570486,2004.6147873586735,312.1313580855642,91,11
C,Alta demanda con flota mixta: 5 motos y 2 furgonetas,,206,8,0.8637065398667996,0.24033897029049442,1973848.7904637617,9230000.0,7256151.209536239,2072.9008119333416,271.59827750902343,106,10
C,Alta demanda con flota mixta: 5 motos y 2 furgonetas,,205,5,0.9779639054515753,0.254525463955216,2014314.6265142947,9150000.0,7135685.373485705,2043.6348545183962,339.62052242022185,95,11
C,Alta demanda con flota mixta: 5 motos y 2 furgonetas,,201,8,0.9841471601294532,0.24015741522126863,1998947.4949668543,8780000.0,6781052.505033146,2039.158013661683,323.0794134129462,91,11
C,Alta demanda con flota mixta: 5 motos y 2 furgonetas,,192,4,1.0035360825687312,0.26539585022763607,1992961.5064262485,8460000.0,6467038.493573751,2123.4921499992106,265.34116171695416,102,9
C,Alta demanda con flota mixta: 5 motos y 2 furgonetas,,207,10,0.9938236131479834,0.2587667124116282,2029925.4998655634,9260000.0,7230074.500134436,2122.9650179435507,311.8602780972167,97,11
C,Alta demanda con flota mixta: 5 motos y 2 furgonetas,,208,7,0.9832317078454366,0.2545870222634981,2017118.7348573206,8990000.0,6972881.265142679,2112.731373162446,301.95017868253274,98,11
C,Alta demanda con flota mixta: 5 motos y 2 furgonetas,,197,7,1.062660209894145,0.24622350460852874,1979521.2970719803,8810000.0,6830478.70292802,2056.0853783439197,288.70943783815176,97,10
C,Alta demanda con flota mixta: 5 motos y 2 furgonetas,,220,11,1.0945958274316905,0.2308894872412016,2061313.033345989,9900000.0,7838686.966654011,2073.4556695758347,380.5979345069242,90,13
C,Alta demanda con flota mixta: 5 motos y 2 furgonetas,,204,1,0.9533907195752956,0.23744685229002127,1981413.878142129,9020000.0,7038586.121857871,2015.510525718963,315.2542260407074,94,11
C,Alta demanda con flota mixta: 5 motos y 2 furgonetas,,187,4,0.9919565445115653,0.2214861805678083,1950081.516997815,8760000.0,6809918.483002185,2039.9004363649733,261.5545219824743,97,9
C,Alta demanda con flota mixta: 5 motos y 2 furgonetas,,202,9,1.0818484640163797,0.30523733794084135,2009332.2052278556,8910000.0,6900667.794772144,2101.0955817407676,299.15093020127244,92,11
C,Alta demanda con flota mixta: 5 motos y 2 furgonetas,,194,0,1.0424068575430594,0.2681390192729961,2013983.2159892283,8820000.0,6806016.784010772,2128.6102544148785,288.5683562730768,94,10
C,Alta demanda con flota mixta: 5 motos y 2 furgonetas,,191,5,1.0443500067210167,0.2486526591497946,2014685.3397094116,8180000.0,6165314.660290589,2102.674031511764,304.90173035405826,91,10
C,Alta demanda con flota mixta: 5 motos y 2 furgonetas,,229,8,1.050936042208147,0.25077373288801563,2057726.4759385346,10170000.0,8112273.524061466,2081.7151487590686,371.19281085882847,99,13
C,Alta demanda con flota mixta: 5 motos y 2 furgonetas,,202,5,1.0400268897742004,0.24583949169895516,1979867.5001942213,9060000.0,7080132.499805778,2032.4156852165838,303.24725774669554,92,11
C,Alta demanda con flota mixta: 5 motos y 2 furgonetas,,187,5,0.9627159396993822,0.2718722639233716,1981910.5275875013,8860000.0,6878089.472412499,2107.341322163599,261.15191836111,97,9
C,Alta demanda con flota mixta: 5 motos y 2 furgonetas,,204,0,0.8935354720429999,0.22419883628387488,2019927.481236735,9120000.0,7100072.518763265,2174.226439213599,268.81543310859325,104,10
C,Alta demanda con flota mixta: 5 motos y 2 furgonetas,,209,7,0.9826219719466333,0.23335408880050987,2007200.9026505267,10070000.0,8062799.097349473,2018.4778767080327,345.7197251299312,89,12
C,Alta demanda con flota mixta: 5 motos y 2 furgonetas,,200,4,0.9131587901005531,0.22516349480140835,2024706.0339530243,9450000.0,7425293.966046976,2158.2881667417487,284.2864397983369,100,10
C,Alta demanda con flota mixta: 5 motos y 2 furgonetas,,196,5,1.0016232297522125,0.24635710356594462,1965490.279269767,8230000.0,6264509.720730233,2034.3773565513093,284.10674712187415,96,10
C,Alta demanda con flota mixta: 5 motos y 2 furgonetas,,218,3,1.2037142587737795,0.2995966033558695,2086370.9162003442,9790000.0,7703629.083799656,2128.315930033081,379.22837311514024,98,12
C,Alta demanda con flota mixta: 5 motos y 2 furgonetas,,161,1,1.0046198836029319,0.34549890862454147,1894253.0498511677,7230000.0,5335746.950148832,2038.4314326869767,192.64433570343004,101,6
C,Alta demanda con flota mixta: 5 motos y 2 furgonetas,,196,4,0.9906448405525714,0.2378551740753101,2009704.4192342514,8680000.0,6670295.580765748,2125.1165278465064,285.30181566303077,96,10
C,Alta demanda con flota mixta: 5 motos y 2 furgonetas,,208,8,0.9509684580141577,0.25420395353193637,2026474.4490051158,9340000.0,7313525.550994884,2117.147918528029,311.01294677710735,98,11
C,Alta demanda con flota mixta: 5 motos y 2 furgonetas,,189,0,0.9007451304027718,0.2301353479865945,1953625.3577397699,8670000.0,6716374.64226023,2052.4371354898503,258.513547192663,99,9
C,Alta demanda con flota mixta: 5 motos y 2 furgonetas,,195,9,0.9638340335331645,0.2307644648291251,2007257.1208257056,9150000.0,7142742.879174294,2110.9211004793974,290.701925263251,95,10
C,Alta demanda con flota mixta: 5 motos y 2 furgonetas,,177,2,1.0203561640638177,0.24829800179652753,1978943.3486400142,7560000.0,5581056.651359986,2145.7146452397087,234.57580178915904,97,8
C,Alta demanda con flota mixta: 5 motos y 2 furgonetas,,238,9,0.9502118737637434,0.2581507131510796,2064617.8884305158,10740000.0,8675382.111569485,2070.184132628856,386.6785531235013,98,14
C,Alta demanda con flota mixta: 5 motos y 2 furgonetas,,186,4,1.0056434925264157,0.27523710004555485,1957280.270936456,8030000.0,6072719.729063544,2063.0788000200105,256.74068777419427,96,9
C,Alta demanda con flota mixta: 5 motos y 2 furgonetas,,189,1,0.990568074483133,0.24277549966560985,1965751.3664231307,8170000.0,6204248.633576869,2107.0362019292556,241.13479186729268,99,9
C,Alta demanda con flota mixta: 5 motos y 2 furgonetas,,228,4,0.9183241054765868,0.24178320029419673,2037867.6229299533,10190000.0,8152132.377070047,2096.0095723560657,337.85101889635564,98,13
C,Alta demanda con flota mixta: 5 motos y 2 furgonetas,,181,6,1.0001970754825453,0.26515784885385013,1954611.2275522286,8130000.0,6175388.772447771,2056.888207157373,257.09343521316606,91,9
C,Alta demanda con flota mixta: 5 motos y 2 furgonetas,,192,8,0.9162018217202282,0.2168610421303303,1982489.3681787087,8560000.0,6577510.6318212915,2095.9996445922948,268.6341165358283,102,9
C,Alta demanda con flota mixta: 5 motos y 2 furgonetas,,226,5,1.0678621585847292,0.252830261205655,2086766.0195905592,10330000.0,8243233.980409441,2092.8970611780655,400.8287990394734,96,13
C,Alta demanda con flota mixta: 5 motos y 2 furgonetas,,190,0,1.0228096041657553,0.30111211760493156,1961393.6115620607,8700000.0,6738606.38843794,2017.6221452058953,288.97055236811684,90,10
C,Alta demanda con flota mixta: 5 motos y 2 furgonetas,,221,8,1.0122051990501493,0.20153550087902197,2038711.9714336349,9630000.0,7591288.028566365,2060.9288280376327,359.81150857461586,101,12
C,Alta demanda con flota mixta: 5 motos y 2 furgonetas,,188,5,0.8881840652228707,0.26009700423857174,1976970.5647297439,8140000.0,6163029.435270256,2118.6735948929722,248.2239218160703,108,8
C,Alta demanda con flota mixta: 5 motos y 2 furgonetas,,191,3,1.0331446057274625,0.27232330759258727,1982984.146401758,9380000.0,7397015.853598242,2092.610646487401,271.27213564782176,101,9
C,Alta demanda con flota mixta: 5 motos y 2 furgonetas,,197,9,0.930193046900457,0.22669158171369544,1954681.953464414,8710000.0,6755318.046535586,2050.796979783897,260.8116811355926,97,10
C,Alta demanda con flota mixta: 5 motos y 2 furgonetas,,187,3,1.0869960226891873,0.25585573476090057,2002815.9588476056,8110000.0,6107184.041152394,2083.788997391357,301.3188321720781,87,10
C,Alta demanda con flota mixta: 5 motos y 2 furgonetas,,173,8,1.028984814445904,0.29567470359304154,1969690.8781681026,8040000.0,6070309.121831898,2107.565498467026,245.7437671254455,93,8
C,Alta demanda con flota mixta: 5 motos y 2 furgonetas,,160,9,0.8650329388171561,0.2325754475262997,1911073.7038393805,7450000.0,5538926.29616062,2137.659514130038,154.53889910575617,100,6
C,Alta demanda con flota mixta: 5 motos y 2 furgonetas,,184,8,0.9638344644952461,0.2441363761189023,1990546.1845983544,8520000.0,6529453.815401645,2129.3979744536605,258.802654816874,94,9
C,Alta demanda con flota mixta: 5 motos y 2 furgonetas,,181,7,0.9617545437228763,0.23879315349373084,1983316.9926917788,8530000.0,6546683.007308221,2067.416456868368,286.7017260317002,91,9
C,Alta demanda con flota mixta: 5 motos y 2 furgonetas,,222,8,1.0427816988540444,0.24790925410245285,2035542.4611790562,9860000.0,7824457.538820944,2127.230103450879,316.3398619716975,102,12
C,Alta demanda con flota mixta: 5 motos y 2 furgonetas,,197,6,0.9995757584077136,0.2604222363744582,1975132.2751698496,8660000.0,6684867.724830151,2077.5614780890924,270.42528417109304,97,10
C,Alta demanda con flota mixta: 5 motos y 2 furgonetas,,192,1,1.011050617959146,0.2620312979444107,1999574.576697259,8610000.0,6610425.423302741,2084.661763511031,296.74701224385404,92,10
C,Alta demanda con flota mixta: 5 motos y 2 furgonetas,,209,5,0.9750112165566919,0.23187161169631904,2022707.8567390682,10320000.0,8297292.143260932,2083.690752476835,326.24224990903076,99,11
C,Alta demanda con flota mixta: 5 motos y 2 furgonetas,,205,3,0.9641546334672066,0.2684939144868445,2012694.3736561288,10550000.0,8537305.62634387,2106.058678278553,300.3960694710416,95,11
C,Alta demanda con flota mixta: 5 motos y 2 furgonetas,,189,6,1.018632479165019,0.2654468257109662,1970786.6522537859,8370000.0,6399213.347746214,2074.7355209741872,266.67727869525,89,10
C,Alta demanda con flota mixta: 5 motos y 2 furgonetas,,234,2,0.9396893596708559,0.22370964489244982,2081869.3568737288,10570000.0,8488130.643126272,2155.9666082816607,357.1240391550636,104,13
C,Alta demanda con flota mixta: 5 motos y 2 furgonetas,,180,1,0.9976721245112551,0.2601863221290007,1952481.5103700515,8350000.0,6397518.4896299485,2057.703578750028,253.94539861123766,90,9
C,Alta demanda con flota mixta: 5 motos y 2 furgonetas,,204,2,0.9589006851993598,0.2359236684193403,2000720.9669175793,9570000.0,7569279.033082421,2087.8637049428535,296.2719230957639,94,11
C,Alta demanda con flota mixta: 5 motos y 2 furgonetas,,203,7,1.1428184491411792,0.2736839196471707,2001866.5663668497,9140000.0,7138133.4336331505,2018.2973646711941,339.15937415448684,93,11
C,Alta demanda con flota mixta: 5 motos y 2 furgonetas,,210,8,1.0550963470486234,0.24881683085021056,2049418.9875300482,9900000.0,7850581.012469952,2116.448811592632,340.1102264949134,90,12
C,Alta demanda con flota mixta: 5 motos y 2 furgonetas,,237,7,0.9515027996436194,0.22121910237621834,2089309.3187699697,10660000.0,8570690.681230031,2135.126899769793,378.84263432394425,97,14
C,Alta demanda con flota mixta: 5 motos y 2 furgonetas,,203,8,1.0096678148978835,0.27247772375355506,2015422.0624527463,9440000.0,7424577.937547253,2095.3163828318006,310.2071486022252,93,11
C,Alta demanda con flota mixta: 5 motos y 2 furgonetas,,212,8,0.9782582730898726,0.2010677178402965,2025700.6763475593,9910000.0,7884299.323652441,2103.9520857121092,317.909292678081,102,11
C,Alta demanda con flota mixta: 5 motos y 2 furgonetas,,183,6,0.9394392964352839,0.25408623185686857,1951607.5444642822,7940000.0,5988392.455535717,2065.904702946257,247.96578880644012,93,9
C,Alta demanda con flota mixta: 5 motos y 2 furgonetas,,218,5,1.0770226689811766,0.262738547497341,2011735.3795539616,10440000.0,8428264.620446038,2049.8479074480288,332.6940278158765,98,12
C,Alta demanda con flota mixta: 5 motos y 2 furgonetas,,223,4,0.9594800752309999,0.23187933135324634,2063206.9896194339,9690000.0,7626793.010380566,2150.44591857084,337.085928094495,103,12
C,Alta demanda con flota mixta: 5 motos y 2 furgonetas,,193,9,0.8915237094140084,0.243785317080764,1959541.5868846516,9040000.0,7080458.413115349,2104.9206603203065,234.63324513323812,103,9
C,Alta demanda con flota mixta: 5 motos y 2 furgonetas,,204,3,0.9408112222021368,0.22871951892013279,1970255.570083233,8870000.0,6899744.429916767,2013.369490586475,302.582210565477,94,11
C,Alta demanda con flota mixta: 5 motos y 2 furgonetas,,215,6,0.886755891269173,0.2361515133935748,1963855.8385719024,9500000.0,7536144.161428098,1951.298607334892,331.57136139197445,95,12
C,Alta demanda con flota mixta: 5 motos y 2 furgonetas,,199,2,1.10229470416844,0.28644841808732985,1988029.826176079,8670000.0,6681970.173823921,2059.6273978181625,297.234365538332,99,10
C,Alta demanda con flota mixta: 5 motos y 2 furgonetas,,219,2,0.9126774932832903,0.2418311337846389,2005663.1491387824,10220000.0,8214336.850861218,2074.573446043068,310.369482278885,99,12
C,Alta demanda con flota mixta: 5 motos y 2 furgonetas,,170,11,1.1428210639347134,0.30482076131457425,1919503.4996709677,6950000.0,5030496.500329033,2043.7999982100098,221.0082026759349,90,8
C,Alta demanda con flota mixta: 5 motos y 2 furgonetas,,190,11,1.0109730662615788,0.2772572564259754,1942947.7435860466,8900000.0,6957052.256413953,1990.1373418681155,282.2917552671243,90,10
C,Alta demanda con flota mixta: 5 motos y 2 furgonetas,,210,2,0.9146196763134951,0.22823076989696878,2010065.8864154178,9700000.0,7689934.113584582,2090.4765816608106,306.3960265708717,100,11
C,Alta demanda con flota mixta: 5 motos y 2 furgonetas,,189,6,0.9533104738363002,0.21791265964241857,1949251.2588555345,8570000.0,6620748.741144465,2049.728427278385,254.66007666943554,99,9
C,Alta demanda con flota mixta: 5 motos y 2 furgonetas,,194,4,0.9639119417319661,0.2335303162437558,1995272.671771451,9220000.0,7224727.328228549,2101.973714376433,281.0532231665156,94,10
C,Alta demanda con flota mixta: 5 motos y 2 furgonetas,,193,7,1.032578415706385,0.25787145286045693,1992681.9239468141,9040000.0,7047318.076053185,2055.237826471909,305.665288186624,93,10
C,Alta demanda con flota mixta: 5 motos y 2 furgonetas,,213,1,1.0799123631032468,0.2562831078608845,2034574.6063922972,9290000.0,7255425.393607703,2060.707048346203,354.771963563312,93,12
C,Alta demanda con flota mixta: 5 motos y 2 furgonetas,,194,5,0.9278773166070834,0.24151855415489318,1945133.5302210718,9070000.0,7124866.469778928,2065.8082159481487,239.93076881068737,104,9
C,Alta demanda con flota mixta: 5 motos y 2 furgonetas,,186,8,1.105591400882781,0.28014074407780637,2001272.4432990854,8280000.0,6278727.556700915,2132.989394305188,270.07030621051433,96,9
C,Alta demanda con flota mixta: 5 motos y 2 furgonetas,,203,7,0.995865175059567,0.25811415167482843,2033205.6413876421,8890000.0,6856794.358612358,2112.31150844214,322.309014480574,93,11
C,Alta demanda con flota mixta: 5 motos y 2 furgonetas,,222,11,1.0026733726300598,0.22671049820367903,2031789.354403865,9960000.0,7928210.645596135,2018.4991334832753,376.44262264352716,92,13
C,Alta demanda con flota mixta: 5 motos y 2 furgonetas,,182,6,0.9335696861283382,0.2639084463881201,1961690.3380033507,8460000.0,6498309.66199665,2093.9283396996166,243.86964529349046,92,9
C,Alta demanda con flota mixta: 5 motos y 2 furgonetas,,199,9,1.0509283362806843,0.24821604676250386,2020260.697186752,8920000.0,6899739.302813248,2117.3614673470197,303.1185005935587,99,10
C,Alta demanda con flota mixta: 5 motos y 2 furgonetas,,191,3,0.9934020488746782,0.25420535127022653,1982884.7741000121,8780000.0,6797115.225899988,2082.6500282951442,277.08357715913274,91,10
C,Alta demanda con flota mixta: 5 motos y 2 furgonetas,,194,6,1.0371568769103097,0.24621182477100284,1980649.7850348381,9020000.0,7039350.214965162,2055.1759189546087,290.66200601005653,94,10
C,Alta demanda con flota mixta: 5 motos y 2 furgonetas,,226,10,0.9831846367066776,0.2538371674510821,2075423.3115116458,9730000.0,7654576.688488354,2138.164544034365,359.6749550632265,96,13
C,Alta demanda con flota mixta: 5 motos y 2 furgonetas,,182,10,0.9712443705097505,0.25497453105845364,1981541.1291289704,8560000.0,6578458.87087103,2158.0917079316528,230.447381028939,102,8
C,Alta demanda con flota mixta: 5 motos y 2 furgonetas,,186,1,0.9449765212508097,0.2583736704364479,1935808.7106393853,8280000.0,6344191.2893606145,2026.6593066938394,251.60406871958693,96,9
C,Alta demanda con flota mixta: 5 motos y 2 furgonetas,,183,10,1.0513989969470796,0.2651640897381505,1935562.4846365203,8240000.0,6304437.51536348,2015.837869564386,257.74491586940997,93,9
C,Alta demanda con flota mixta: 5 motos y 2 furgonetas,,189,2,0.9350110561459047,0.21916823851126013,1981655.3983419593,8620000.0,6638344.601658041,2103.401164241079,263.1809961621857,89,10
C,Alta demanda con flota mixta: 5 motos y 2 furgonetas,,225,1,1.1090710567788153,0.25126036430092236,2082342.1891303784,9700000.0,7617657.810869621,2102.6865510952684,389.4653315539618,95,13
C,Alta demanda con flota mixta: 5 motos y 2 furgonetas,,177,8,0.9642816282260487,0.2675544724501372,1940990.93922313,7510000.0,5569009.06077687,2086.704467855013,222.3001923488109,97,8
C,Alta demanda con flota mixta: 5 motos y 2 furgonetas,,185,3,1.038811351200174,0.2705269104168958,1978295.917251909,8150000.0,6171704.082748091,2115.7122955651876,251.6452877544434,95,9
C,Alta demanda con flota mixta: 5 motos y 2 furgonetas,,219,1,0.973604274803838,0.2316493250580789,2104465.965473452,10720000.0,8615534.034526547,2213.2413616384883,351.2390584449672,99,12
C,Alta demanda con flota mixta: 5 motos y 2 furgonetas,,184,1,0.9347425574166542,0.2542356026909471,1914212.9487256648,8670000.0,6755787.051274335,2033.281999184087,220.66282108884104,104,8
C,Alta demanda con flota mixta: 5 motos y 2 furgonetas,,196,4,0.9263386150627785,0.2093114984748723,1920258.8288915595,9330000.0,7409741.1711084405,1912.4900026843302,300.20163191037136,96,10
C,Alta demanda con flota mixta: 5 motos y 2 furgonetas,,191,1,0.950034468609193,0.2486707660168196,1996986.5553831898,8380000.0,6383013.44461681,2125.936941087818,268.9155913435422,101,9
C,Alta demanda con flota mixta: 5 motos y 2 furgonetas,,196,3,0.9798465823386399,0.2780840817498676,1995810.3070553006,8480000.0,6484189.6929447,2112.5718060788354,275.409731949719,96,10
C,Alta demanda con flota mixta: 5 motos y 2 furgonetas,,195,0,0.9800047116070161,0.24106788982674898,1975895.332607766,8700000.0,6724104.667392234,2075.3942988315466,272.6705551777997,95,10
C,Alta demanda con flota mixta: 5 motos y 2 furgonetas,,199,6,0.9623983095237042,0.25441472454827796,2000721.1048887507,8770000.0,6769278.89511125,2117.834169943853,278.4123208348221,99,10
C,Alta demanda con flota mixta: 5 motos y 2 furgonetas,,216,9,1.057540017802547,0.24019569203625205,2050170.412119096,9530000.0,7479829.587880904,2096.7867885565083,352.7663525337371,96,12
C,Alta demanda con flota mixta: 5 motos y 2 furgonetas,,197,1,0.9414321735977813,0.25708667836381005,2057666.5359590198,9160000.0,7102333.46404098,2211.8534783448395,293.566828555152,97,10
C,Alta demanda con flota mixta: 5 motos y 2 furgonetas,,187,5,1.078076077207515,0.26898682117684575,2023689.8266030725,8560000.0,6536310.173396927,2140.5706100194066,293.5742941311979,87,10
C,Alta demanda con flota mixta: 5 motos y 2 furgonetas,,208,5,0.9742582468050526,0.2290052053242397,2009837.5570635279,9040000.0,7030162.442936473,2062.0282648104626,323.06332249609227,88,12
C,Alta demanda con flota mixta: 5 motos y 2 furgonetas,,192,1,1.0757657021271763,0.2657191574053004,2057365.8155249057,8410000.0,6352634.184475094,2219.757481029445,288.48083401272146,92,10
C,Alta demanda con flota mixta: 5 motos y 2 furgonetas,,192,3,0.917171265234539,0.26696121357493785,1942104.5274560102,8910000.0,6967895.47254399,2046.603721084909,247.5887138995503,102,9
C,Alta demanda con flota mixta: 5 motos y 2 furgonetas,,194,9,1.0209708688279584,0.2647244009283348,1975014.3616443826,8570000.0,6594985.638355617,2056.7689487519638,282.6684204028697,94,10
C,Alta demanda con flota mixta: 5 motos y 2 furgonetas,,247,2,1.0897176907198654,0.2712669427056533,2121060.99875294,11560000.0,9438939.00124706,2124.920635056328,424.61427502371964,97,15
C,Alta demanda con flota mixta: 5 motos y 2 furgonetas,,202,8,0.8807860013723197,0.26557438321777,1963339.9722350608,8660000.0,6696660.027764939,2053.276328645736,270.1567296202725,102,10
C,Alta demanda con flota mixta: 5 motos y 2 furgonetas,,197,5,1.1150385153713898,0.25292033364825056,2013662.6102969712,9510000.0,7496337.389703029,2023.7435949696676,350.6589523544,87,11
C,Alta demanda con flota mixta: 5 motos y 2 furgonetas,,204,11,1.0286838106852434,0.23500086932887373,1991872.599448043,9320000.0,7328127.400551957,2049.202899020134,308.24992126826686,94,11
C,Alta demanda con flota mixta: 5 motos y 2 furgonetas,,220,3,1.0357024259591636,0.2620824501802963,2077066.5141919823,10200000.0,8122933.485808018,2144.5158528407637,357.9441341045535,100,12
C,Alta demanda con flota mixta: 5 motos y 2 furgonetas,,186,1,0.962666222745326,0.2714573912071642,1955593.6040975512,8780000.0,6824406.395902449,2050.458851496822,262.1527392998866,96,9
C,Alta demanda con flota mixta: 5 motos y 2 furgonetas,,208,8,0.9978898481715383,0.2134845227822524,2029051.0825079435,9290000.0,7260948.917492056,2114.1313265256363,316.03136353726865,98,11
C,Alta demanda con flota mixta: 5 motos y 2 furgonetas,,197,1,0.9804894582676887,0.24859537409750773,2035440.8269753237,8910000.0,6874559.173024677,2153.545419404009,300.53119349911174,97,10
C,Alta demanda con flota mixta: 5 motos y 2 furgonetas,,198,8,0.8912053509618996,0.2209427324643559,1995447.384303884,8840000.0,6844552.615696115,2103.955455079751,280.09066977518967,98,10
C,Alta demanda con flota mixta: 5 motos y 2 furgonetas,,206,4,1.0139185035965663,0.2270592956990065,2038874.4123184674,9080000.0,7041125.587681533,2124.521647274408,322.118803787223,96,11
C,Alta demanda con flota mixta: 5 motos y 2 furgonetas,,182,9,1.0024050045894217,0.29479079450595397,1955563.0467610355,8210000.0,6254436.953238964,2107.6322207800135,228.04421720627346,102,8
C,Alta demanda con flota mixta: 5 motos y 2 furgonetas,,215,9,0.9203857888267211,0.23483577850146428,2034924.0069170878,10000000.0,7965075.993082913,2095.6991746898634,334.3564687295343,95,12
C,Alta demanda con flota mixta: 5 motos y 2 furgonetas,,226,4,1.1541808460701166,0.3036001068772032,2088964.9066520962,9880000.0,7791035.093347903,2094.6100503738435,402.55661619226504,96,13
C,Alta demanda con flota mixta: 5 motos y 2 furgonetas,,210,2,1.102531059763019,0.22529430094000782,2056178.9411524232,9100000.0,7043821.058847576,2090.742554825287,363.8788482587539,90,12
C,Alta demanda con flota mixta: 5 motos y 2 furgonetas,,208,6,0.9913903891097101,0.24923290446227409,2045062.9674222115,9790000.0,7744937.032577788,2104.242733695897,341.9389557547565,88,12
C,Alta demanda con flota mixta: 5 motos y 2 furgonetas,,198,6,1.0216359865319558,0.25772569735592243,1968609.7429993008,9440000.0,7471390.2570007,2010.702453048371,302.114247717487,88,11
C,Alta demanda con flota mixta: 5 motos y 2 furgonetas,,195,6,0.9546716858246213,0.2373973397506822,1970942.5581040399,9050000.0,7079057.44189596,2047.2433257633265,283.2551037866605,95,10
C,Alta demanda con flota mixta: 5 motos y 2 furgonetas,,206,2,0.9550685100314972,0.2635233585550265,2031941.5496093552,9480000.0,7448058.450390644,2144.286101739081,301.674839929653,96,11
C,Alta demanda con flota mixta: 5 motos y 2 furgonetas,,177,12,1.066713950513674,0.2932053013361783,1899688.9614364922,7910000.0,6010311.038563508,2005.3022355444857,219.1813278772596,97,8
C,Alta demanda con flota mixta: 5 motos y 2 furgonetas,,188,8,0.9956113446313725,0.24259326009495402,1951111.8505688207,7390000.0,5438888.149431179,2015.8276011034009,277.18774238904354,98,9
C,Alta demanda con flota mixta: 5 motos y 2 furgonetas,,208,2,0.9181692911692417,0.24433828818490744,2027135.0285998525,9140000.0,7112864.971400147,2093.254233377657,326.07721692270025,98,11
C,Alta demanda con flota mixta: 5 motos y 2 furgonetas,,163,8,1.0422600570836196,0.2685234094828383,1920477.5291274048,7090000.0,5169522.470872595,2062.623351637943,211.00866789685898,93,7
C,Alta demanda con flota mixta: 5 motos y 2 furgonetas,,192,8,1.2164267136471916,0.2746444701649257,1977375.0635530078,8860000.0,6882624.936446993,2037.4360380919582,297.1400209123346,92,10
C,Alta demanda con flota mixta: 5 motos y 2 furgonetas,,175,8,1.0231459003045387,0.2767442625062966,1968587.955821214,8800000.0,6831412.044178786,2110.7763824725926,242.45170827686687,95,8
C,Alta demanda con flota mixta: 5 motos y 2 furgonetas,,195,6,0.89561764960716,0.25736688050526624,1925804.895630015,8900000.0,6974195.104369985,1974.782310609538,270.01345038696104,95,10
C,Alta demanda con flota mixta: 5 motos y 2 furgonetas,,189,5,0.9131656072294854,0.24620186700429375,1893341.5217190639,8370000.0,6476658.478280936,1932.9445742262749,254.36586308076292,89,10
C,Alta demanda con flota mixta: 5 motos y 2 furgonetas,,223,7,1.0042359618407017,0.24669223930336628,2048386.844932167,10040000.0,7991613.155067833,2075.995691157685,362.92656837875325,93,13
C,Alta demanda con flota mixta: 5 motos y 2 furgonetas,,198,5,1.0646731740059867,0.25654583456745594,2022637.4623731468,8340000.0,6317362.537626853,2077.902885174327,329.60331942553523,88,11
C,Alta demanda con flota mixta: 5 motos y 2 furgonetas,,213,5,0.9606383400957063,0.23865158692512717,2020331.675709328,9640000.0,7619668.324290672,2090.271684217435,319.35036413598726,93,12
C,Alta demanda con flota mixta: 5 motos y 2 furgonetas,,192,3,1.0316697804149733,0.28142535122215956,1985079.9892111684,8760000.0,6774920.010788832,2084.8764182509117,278.5008624435596,102,9
C,Alta demanda con flota mixta: 5 motos y 2 furgonetas,,182,5,1.0934738833543451,0.2547378153197064,1941681.792990125,8460000.0,6518318.207009875,2013.4281622866558,266.8300259995572,92,9
C,Alta demanda con flota mixta: 5 motos y 2 furgonetas,,196,8,0.99849784114717,0.24967373117096964,1992523.806983244,9180000.0,7187476.193016756,2065.2751996444363,299.4862458414877,96,10
C,Alta demanda con flota mixta: 5 motos y 2 furgonetas,,170,6,1.0171354573123996,0.29205295476515203,1929170.352794726,7950000.0,6020829.647205275,2111.248326044895,192.89846741972636,100,7
C,Alta demanda con flota mixta: 5 motos y 2 furgonetas,,198,5,1.0769847111958795,0.29256175402193846,1981118.9294271998,8740000.0,6758881.0705728,2064.4080076146893,285.7469194668602,98,10
C,Alta demanda con flota mixta: 5 motos y 2 furgonetas,,197,5,0.9308682885074231,0.24974695662367685,1971207.795895755,9160000.0,7188792.204104245,2048.1668084609887,283.0363361432332,97,10
C,Alta demanda con flota mixta: 5 motos y 2 furgonetas,,198,2,0.9676717982862313,0.22848131836440536,2016911.1033009083,9590000.0,7573088.896699091,2148.2824356782926,280.5053166955433,98,10
C,Alta demanda con flota mixta: 5 motos y 2 furgonetas,,197,2,0.9233991899460193,0.2296076030236029,1935323.4265739885,9210000.0,7274676.573426012,1982.585359566685,277.2616796552513,97,10
C,Alta demanda con flota mixta: 5 motos y 2 furgonetas,,205,3,0.9775251146670273,0.23499263103782733,2031788.7116281323,9350000.0,7318211.2883718675,2123.4582199139595,313.89538758123615,105,10
C,Alta demanda con flota mixta: 5 motos y 2 furgonetas,,194,8,0.9709248672131736,0.25214959624203775,1968965.2803026952,8970000.0,7001034.719697305,2065.157182346706,270.1084154737357,94,10
C,Alta demanda con flota mixta: 5 motos y 2 furgonetas,,188,8,1.0460676222986245,0.2556321875026341,1947581.1472804858,8440000.0,6492418.852719514,1992.5280434490614,286.65886092931686,88,10
C,Alta demanda con flota mixta: 5 motos y 2 furgonetas,,177,7,0.9495270174325925,0.23840008663564838,1903490.874305504,8010000.0,6106509.125694497,1976.7747724768572,240.9335907988131,97,8
C,Alta demanda con flota mixta: 5 motos y 2 furgonetas,,190,3,0.9943759588960048,0.24413633046845204,1983856.079929483,9250000.0,7266143.920070517,2109.3874549560123,262.36454268092666,100,9
C,Alta demanda con flota mixta: 5 motos y 2 furgonetas,,192,5,1.0582875606469908,0.27741068750791015,2028397.234295953,8410000.0,6381602.765704047,2117.2523414033362,313.3542014939739,92,10
C,Alta demanda con flota mixta: 5 motos y 2 furgonetas,,205,4,0.9831508660774823,0.24993742485019874,1999641.3440243078,9500000.0,7500358.655975692,2049.819530069198,317.59339383857304,95,11
C,Alta demanda con flota mixta: 5 motos y 2 furgonetas,,205,0,0.9253881177356289,0.22377807141482414,2028738.182260905,9150000.0,7121261.817739096,2124.353812860739,309.54853084030447,95,11
C,Alta demanda con flota mixta: 5 motos y 2 furgonetas,,193,1,1.0019363935554548,0.26978384973321545,2003367.8059660615,8440000.0,6436632.194033938,2138.187487368382,269.59190091171445,103,9
C,Alta demanda con flota mixta: 5 motos y 2 furgonetas,,180,10,0.976442554342448,0.24959622185141986,1969046.462013591,7650000.0,5680953.537986409,2141.4870737120955,224.72395622407825,100,8
C,Alta demanda con flota mixta: 5 motos y 2 furgonetas,,195,9,0.9726655262068702,0.2525350839384855,2030188.1258670802,8600000.0,6569811.87413292,2135.240348499168,304.8735376793886,85,11
C,Alta demanda con flota mixta: 5 motos y 2 furgonetas,,205,11,1.0270132218669308,0.24908374581570852,2037231.781265136,8950000.0,6912768.218734864,2165.0379771949956,295.9213275167556,95,11
C,Alta demanda con flota mixta: 5 motos y 2 furgonetas,,192,7,0.9975299255781235,0.2641186498553492,1973767.1289557298,8110000.0,6136232.871044271,2072.1017687467943,271.9723604468859,92,10
C,Alta demanda con flota mixta: 5 motos y 2 furgonetas,,198,8,0.9009464872455495,0.2682509565197332,2039630.3993596677,8990000.0,6950369.600640332,2215.6906846294733,268.7350186158727,98,10
C,Alta demanda con flota mixta: 5 motos y 2 furgonetas,,194,2,1.0966476651616102,0.2785570538838283,2018110.963026861,8920000.0,6901889.036973139,2101.052955770982,310.14977879824994,84,11
C,Alta demanda con flota mixta: 5 motos y 2 furgonetas,,179,9,0.940294222039908,0.2673518366934401,1977790.7056189077,7770000.0,5792209.294381092,2157.5777810449,226.0656070972623,99,8
C,Alta demanda con flota mixta: 5 motos y 2 furgonetas,,202,8,1.1243227697941442,0.27393083038173555,2021976.5361493363,9510000.0,7488023.463850664,2091.6837586782644,320.5649668638563,92,11
C,Alta demanda con flota mixta: 5 motos y 2 furgonetas,,188,2,1.0447614974959356,0.2118900483402947,2031209.2496141598,8740000.0,6708790.75038584,2216.5235385771043,257.7122733559193,98,9
C,Alta demanda con flota mixta: 5 motos y 2 furgonetas,,185,7,0.9308398046026635,0.257585227223655,1917468.0110913138,7500000.0,5582531.988908686,1996.988435130378,246.3594375350571,95,9
C,Alta demanda con flota mixta: 5 motos y 2 furgonetas,,163,5,0.8126777996857472,0.18393445190941723,1858773.7974689011,7590000.0,5731226.202531099,1990.807896827587,176.6747305384048,103,6
C,Alta demanda con flota mixta: 5 motos y 2 furgonetas,,202,1,1.0810607708957982,0.234641668164351,1997913.6882276745,9110000.0,7112086.311772326,2045.4890311694667,318.0144225183648,92,11
C,Alta demanda con flota mixta: 5 motos y 2 furgonetas,,188,4,1.087704439505451,0.2707359714562311,1998910.5799502886,8590000.0,6591089.420049711,2142.8842798021187,261.221491070829,98,9
C,Alta demanda con flota mixta: 5 motos y 2 furgonetas,,226,4,0.9861067960271582,0.24451393825698509,2058083.69982996,9830000.0,7771916.30017004,2108.4402628739836,355.7135111581041,96,13
C,Alta demanda con flota mixta: 5 motos y 2 furgonetas,,195,2,0.9499639536267223,0.25235219049991436,1969910.5345278145,8800000.0,6830089.465472186,2104.0800424772433,248.09536436759444,105,9
C,Alta demanda con flota mixta: 5 motos y 2 furgonetas,,193,2,0.9597202117723269,0.2542457867033834,1982223.5839191661,8090000.0,6107776.416080834,2091.6154776084895,270.914466119136,93,10
C,Alta demanda con flota mixta: 5 motos y 2 furgonetas,,187,5,1.08257712530963,0.2860703310555458,1954286.8103290799,8310000.0,6355713.18967092,2023.7552128374775,276.4322791618834,87,10
C,Alta demanda con flota mixta: 5 motos y 2 furgonetas,,188,0,1.054487983596607,0.2865704895468757,1962845.741230704,8490000.0,6527154.258769296,2048.084334745283,272.63291493002964,88,10
C,Alta demanda con flota mixta: 5 motos y 2 furgonetas,,187,11,0.9351759416659625,0.2520024983446912,1993070.4549628834,8210000.0,6216929.545037117,2153.3060776867774,247.71085520463123,97,9
C,Alta demanda con flota mixta: 5 motos y 2 furgonetas,,212,0,0.9936232089429461,0.22921724720859368,2004766.0358837335,10060000.0,8055233.964116266,2020.1276365415933,341.6930291646231,92,12
C,Alta demanda con flota mixta: 5 motos y 2 furgonetas,,212,3,0.9998767927690935,0.21933513493732534,2036764.9548887094,9060000.0,7023235.045111291,2136.306141580634,312.45945453676495,102,11
C,Alta demanda con flota mixta: 5 motos y 2 furgonetas,,196,2,1.0389692628508636,0.24083591989070344,1986914.442261004,9180000.0,7193085.557738996,2115.8770810566175,262.3202462816506,96,10
C,Alta demanda con flota mixta: 5 motos y 2 furgonetas,,210,8,0.9978299389649709,0.25880474301273465,1976166.9503113003,9100000.0,7123833.0496887,1980.118373748877,329.7861920130459,90,12
C,Alta demanda con flota mixta: 5 motos y 2 furgonetas,,186,1,1.0642083024243956,0.27885408217460755,1949384.1493911461,8780000.0,6830615.850608854,2042.5152691633896,259.12460092415074,96,9
C,Alta demanda con flota mixta: 5 motos y 2 furgonetas,,185,3,0.9272060449532875,0.2556660337905402,1941298.1452878804,8500000.0,6558701.854712119,2068.091731202375,233.77576236026584,95,9
C,Alta demanda con flota mixta: 5 motos y 2 furgonetas,,200,7,0.8981470371748829,0.2353019014269848,2011348.2045077714,8750000.0,6738651.795492228,2132.719757318932,282.8256877719442,100,10
C,Alta demanda con flota mixta: 5 motos y 2 furgonetas,,179,5,1.0616359415188836,0.24883297121881584,1986094.629407184,7920000.0,5933905.370592816,2064.244194114328,292.0641629543747,89,9
C,Alta demanda con flota mixta: 5 motos y 2 furgonetas,,194,12,0.8919572899666182,0.2577965212960071,1928617.918495251,8770000.0,6841382.081504749,1980.6418741348693,270.0379418192162,94,10
C,Alta demanda con flota mixta: 5 motos y 2 furgonetas,,175,2,1.0667509909998514,0.26496048735554517,1929532.2486315935,8000000.0,6070467.751368406,2051.065521211288,229.21452290121883,95,8
C,Alta demanda con flota mixta: 5 motos y 2 furgonetas,,220,3,1.1057760047742622,0.25610260603967316,2066863.9589647183,9550000.0,7483136.0410352815,2076.4318163322296,385.7630684763655,90,13
C,Alta demanda con flota mixta: 5 motos y 2 furgonetas,,188,12,1.0375516217414078,0.2637138624209277,1931076.3343494816,8190000.0,6258923.665650519,1971.2414947342606,278.7127652265706,88,10
C,Alta demanda con flota mixta: 5 motos y 2 furgonetas,,198,7,1.0114286297090676,0.2556086699973238,1990114.4502438172,9440000.0,7449885.549756182,2087.7850350682975,283.060657615183,98,10
C,Alta demanda con flota mixta: 5 motos y 2 furgonetas,,207,1,1.0725647509211735,0.2637633390232488,2055725.1005761707,9010000.0,6954274.899423829,2139.9439028525985,333.9918492321122,97,11
C,Alta demanda con flota mixta: 5 motos y 2 furgonetas,,200,11,1.0228593015035505,0.211377698703908,1988514.9847808594,8950000.0,6961485.015219141,2027.953118167788,316.71591296646136,90,11
C,Alta demanda con flota mixta: 5 motos y 2 furgonetas,,227,4,0.9980809539685048,0.2369087553094318,2023312.7787672565,9860000.0,7836687.221232744,2051.6498774785164,346.09196036670113,97,13
C,Alta demanda con flota mixta: 5 motos y 2 furgonetas,,193,8,0.9613103339340718,0.24249394951505626,1977769.7918232658,8490000.0,6512230.208176734,2108.5934296837495,255.22985213321266,103,9
C,Alta demanda con flota mixta: 5 motos y 2 furgonetas,,195,6,1.0099413692171786,0.24873197106722572,2028809.0091980412,8900000.0,6871190.990801958,2147.3203304728972,295.95102958516827,95,10
C,Alta demanda con flota mixta: 5 motos y 2 furgonetas,,206,6,0.9483171082121081,0.2529156636853649,2016654.2624206182,9130000.0,7113345.737579382,2141.9438554673816,283.9615047751157,106,10
C,Alta demanda con flota mixta: 5 motos y 2 furgonetas,,218,9,0.9925044352583913,0.2046584269086866,2077389.851556089,9190000.0,7112610.148443911,2174.3724627578354,340.55637875248095,98,12
C,Alta demanda con flota mixta: 5 motos y 2 furgonetas,,211,7,1.01055347255492,0.2573405558893787,2040494.8926971105,9530000.0,7489505.107302889,2130.872617880943,320.3597814889596,91,12
C,Alta demanda con flota mixta: 5 motos y 2 furgonetas,,180,8,0.9858124735108689,0.23058741520178747,1928268.3378536478,8200000.0,6271731.662146352,2000.0220854309987,258.05205585320846,90,9
C,Alta demanda con flota mixta: 5 motos y 2 furgonetas,,216,9,1.0646014251738922,0.2582129511200311,2056271.9745487706,9880000.0,7823728.02545123,2117.061834961709,348.3111519798916,96,12
C,Alta demanda con flota mixta: 5 motos y 2 furgonetas,,202,1,0.9783397686704306,0.26358795852573924,1958859.880302248,9060000.0,7101140.1196977515,2011.6121848711502,289.3847987813292,92,11
C,Alta demanda con flota mixta: 5 motos y 2 furgonetas,,190,5,1.07897635824187,0.2950873573044526,1976308.5530888126,8900000.0,6923691.446911188,2110.916627856229,252.01888088418912,100,9
C,Alta demanda con flota mixta: 5 motos y 2 furgonetas,,215,7,0.9727150800192057,0.24742739737120883,2052050.4288438591,9700000.0,7647949.57115614,2094.4213188236213,356.52598642189184,95,12
C,Alta demanda con flota mixta: 5 motos y 2 furgonetas,,194,5,0.9811739497675713,0.22108843288060573,1962194.9784279068,7720000.0,5757805.0215720935,2024.6844717815309,285.76373226491995,94,10
C,Alta demanda con flota mixta: 5 motos y 2 furgonetas,,219,8,1.0505033206325507,0.2570888817679095,2099273.1929294933,9870000.0,7770726.807070507,2158.771877503894,377.20713922937404,99,12
C,Alta demanda con flota mixta: 5 motos y 2 furgonetas,,212,7,1.0540950966590168,0.2329133427359222,2046676.849375733,9760000.0,7713323.150624267,2091.8403637318193,351.3470354878761,102,11
C,Alta demanda con flota mixta: 5 motos y 2 furgonetas,,205,9,1.0189024215742768,0.23812968378743282,1995969.8204642562,8900000.0,6904030.179535744,2052.165878686213,311.6057709182706,95,11
C,Alta demanda con flota mixta: 5 motos y 2 furgonetas,,195,12,1.1294975628731436,0.23974365781703422,2002529.3379405756,9450000.0,7447470.662059424,2053.4213754256134,319.05700156295217,85,11
C,Alta demanda con flota mixta: 5 motos y 2 furgonetas,,218,3,0.9651227930368034,0.24672055273100643,2051829.3443914258,10090000.0,8038170.655608574,2135.209942612932,331.9431800825012,98,12
C,Alta demanda con flota mixta: 5 motos y 2 furgonetas,,184,10,0.9803399885924705,0.24645650537907168,1967324.1660847242,8070000.0,6102675.8339152755,2096.5366054363567,249.35763223936215,94,9
C,Alta demanda con flota mixta: 5 motos y 2 furgonetas,,179,4,1.0005194719090116,0.24708236866091735,1934898.3773832077,7870000.0,5935101.622616792,2054.1746155784967,234.06943564363698,99,8
C,Alta demanda con flota mixta: 5 motos y 2 furgonetas,,215,6,1.1339079547702098,0.2815150038720296,2037304.6751905384,9850000.0,7812695.324809462,2048.296151795763,365.5803579517281,95,12
C,Alta demanda con flota mixta: 5 motos y 2 furgonetas,,211,10,1.145204391896134,0.3171748724342878,1988651.8613430264,9480000.0,7491348.138656974,1958.7445620564986,358.1292523628368,91,12
C,Alta demanda con flota mixta: 5 motos y 2 furgonetas,,200,9,0.9866551226818772,0.2336165023983356,1997149.804142266,8600000.0,6602850.1958577335,2038.4284764135061,321.2670402476175,90,11
C,Alta demanda con flota mixta: 5 motos y 2 furgonetas,,172,9,1.1532356148601763,0.3106115855517551,1946832.8123624343,8010000.0,6063167.187637566,2072.8120825196092,237.8811798491251,92,8
C,Alta demanda con flota mixta: 5 motos y 2 furgonetas,,201,7,1.056615494083459,0.29627434555206295,1999447.9836271517,9130000.0,7130552.016372848,2055.544255874969,313.94025767539466,91,11
C,Alta demanda con flota mixta: 5 motos y 2 furgonetas,,223,4,1.0996158991153817,0.2477576930100753,2068519.6026766459,9640000.0,7571480.397323354,2083.9528302161402,383.35075693017933,93,13
C,Alta demanda con flota mixta: 5 motos y 2 furgonetas,,203,0,1.0046327231434862,0.24691898044204114,2011562.8916398499,9440000.0,7428437.10836015,2066.764415068424,322.3976595758976,93,11
C,Alta demanda con flota mixta: 5 motos y 2 furgonetas,,178,0,0.9497703327764994,0.25981596588447525,1966715.5349396926,7640000.0,5673284.465060308,2122.220666917554,233.29139002065742,98,8
C,Alta demanda con flota mixta: 5 motos y 2 furgonetas,,202,3,0.9564514982563644,0.2472219560527446,2034355.1414047305,8910000.0,6875644.85859527,2160.5846060283193,294.97934723660967,102,10
C,Alta demanda con flota mixta: 5 motos y 2 furgonetas,,222,10,0.938926962130147,0.23665381429951776,1992395.734415437,10010000.0,8017604.265584563,2033.6916803915838,318.14716904849547,102,12
C,Alta demanda con flota mixta: 5 motos y 2 furgonetas,,195,7,1.1246688239082518,0.3154326747401771,1972164.53464582,8100000.0,6127835.46535418,2037.892656426911,290.35475520482225,95,10
C,Alta demanda con flota mixta: 5 motos y 2 furgonetas,,217,7,0.8978304764977697,0.24408392633022755,2019886.6442724254,9510000.0,7490113.355727575,2083.9241887996955,322.5766267029795,97,12
C,Alta demanda con flota mixta: 5 motos y 2 furgonetas,,179,3,0.953560993559639,0.2646441882940455,1888486.4816615551,7870000.0,5981513.518338445,1893.9166836743238,271.55427083741586,89,9
C,Alta demanda con flota mixta: 5 motos y 2 furgonetas,,200,6,0.953612643665932,0.2057021260985791,1991958.670228597,8550000.0,6558041.329771403,2091.775045413127,282.98823555654434,100,10
C,Alta demanda con flota mixta: 5 motos y 2 furgonetas,,179,10,0.9935646814191786,0.2774000960860621,1987138.5150393487,8220000.0,6232861.484960651,2153.554081418472,240.14814177644797,99,8
C,Alta demanda con flota mixta: 5 motos y 2 furgonetas,,213,0,0.9345463769314506,0.2449062339952922,2005804.2692254796,9990000.0,7984195.73077452,2033.1925205896678,335.2052931265069,93,12
C,Alta demanda con flota mixta: 5 motos y 2 furgonetas,,197,3,0.8912926277864587,0.20387227610912217,1970423.9571114257,9410000.0,7439576.042888574,2057.681648817658,276.38652535877844,97,10
C,Alta demanda con flota mixta: 5 motos y 2 furgonetas,,204,2,1.0119727120321786,0.22607887150281977,1981718.0747602887,8970000.0,6988281.925239711,2057.543932573537,290.5862392511808,104,10
C,Alta demanda con flota mixta: 5 motos y 2 furgonetas,,209,12,1.1092332146086912,0.2326753306067692,2025135.6724753354,9320000.0,7294864.327524665,2065.634804879382,340.0367844520332,89,12
C,Alta demanda con flota mixta: 5 motos y 2 furgonetas,,186,6,0.9531473896595263,0.2445058772294943,1987238.059012624,8080000.0,6092761.9409873765,2133.9647011048446,251.9461283391845,96,9
C,Alta demanda con flota mixta: 5 motos y 2 furgonetas,,198,5,1.0104145579461936,0.24781805627809486,1998900.530940911,9040000.0,7041099.469059089,2069.680241962001,304.8321310085063,88,11
C,Alta demanda con flota mixta: 5 motos y 2 furgonetas,,174,5,1.0837139600607,0.3235790072537022,1973275.415636862,7420000.0,5446724.584363138,2108.0938768515725,249.9095716773138,94,8
C,Alta demanda con flota mixta: 5 motos y 2 furgonetas,,194,2,0.9807538383738762,0.2604777588952969,2005826.2903256393,9170000.0,7164173.70967436,2125.4568395455285,280.2513585319232,104,9
C,Alta demanda con flota mixta: 5 motos y 2 furgonetas,,178,1,1.0160896208608328,0.2762269933504735,1920043.8081641595,7990000.0,6069956.19183584,1977.4164112224162,261.24239757316826,88,9
C,Alta demanda con flota mixta: 5 motos y 2 furgonetas,,205,11,1.0955380980911011,0.3202653300694556,2037051.341469543,8800000.0,6762948.658530457,2152.7021735456965,303.04683736442564,95,11
C,Alta demanda con flota mixta: 5 motos y 2 furgonetas,,183,8,0.9697182230283492,0.2731523557406233,1984415.0720105295,8240000.0,6255584.927989471,2186.6202849515744,217.0392739775024,103,8
C,Alta demanda con flota mixta: 5 motos y 2 furgonetas,,178,4,0.9917960987946318,0.24607009307804864,1936167.3576995262,8090000.0,6153832.6423004735,2061.59253005802,231.23523307675654,98,8
C,Alta demanda con flota mixta: 5 motos y 2 furgonetas,,188,5,0.9473717494200558,0.23696077596936033,1980925.165269757,8790000.0,6809074.834730243,2097.156318805738,265.98958627741905,88,10
C,Alta demanda con flota mixta: 5 motos y 2 furgonetas,,183,5,0.9800189280897815,0.30599521227836374,1954755.8195806646,8340000.0,6385244.180419335,2065.371108729802,252.21910816543084,93,9
C,Alta demanda con flota mixta: 5 motos y 2 furgonetas,,193,0,0.985716730215141,0.24483920724121538,1994217.4307559456,9190000.0,7195782.569244054,2116.5964899983155,271.02027711935824,103,9
C,Alta demanda con flota mixta: 5 motos y 2 furgonetas,,196,6,1.065718049380884,0.28627883431386797,1979698.3402300698,8980000.0,7000301.65976993,2090.098541677724,268.6618725906094,96,10
C,Alta demanda con flota mixta: 5 motos y 2 furgonetas,,201,6,0.9035546709700879,0.25470997365338144,2003342.5387007853,9130000.0,7126657.4612992145,2132.4175860469063,272.99867315135145,101,10
C,Alta demanda con flota mixta: 5 motos y 2 furgonetas,,198,6,1.0149283433565677,0.2491297307542283,2016816.844872169,8740000.0,6723183.155127831,2118.677347163472,298.0295359692072,98,10
C,Alta demanda con flota mixta: 5 motos y 2 furgonetas,,215,1,1.0812329833343903,0.30456759319910676,2025245.2378266586,9750000.0,7724754.762173342,2104.592502849061,316.9583619498303,105,11
C,Alta demanda con flota mixta: 5 motos y 2 furgonetas,,183,7,1.0505796124213425,0.2697091678841745,1966151.1226957773,8240000.0,6273848.877304222,2056.169583958677,271.94654068949393,93,9
C,Alta demanda con flota mixta: 5 motos y 2 furgonetas,,200,9,0.9709356234976625,0.22480881293334798,1984581.999967289,9050000.0,7065418.000032711,2107.9562794049853,264.1247981287365,100,10
C,Alta demanda con flota mixta: 5 motos y 2 furgonetas,,203,10,0.9850482547664381,0.2424314969804598,2015567.2273040651,9240000.0,7224432.772695934,2092.520579018342,312.0546591063613,93,11
C,Alta demanda con flota mixta: 5 motos y 2 furgonetas,,207,11,1.0965187109901606,0.29651914367479215,1989415.1339536668,9110000.0,7120584.866046334,2061.7633234760874,297.6931754616888,97,11
C,Alta demanda con flota mixta: 5 motos y 2 furgonetas,,180,5,1.0471623144830113,0.2465906037893273,1954382.937078466,8450000.0,6495617.062921534,2051.1125324541845,260.2498688725271,90,9
C,Alta demanda con flota mixta: 5 motos y 2 furgonetas,,185,0,1.025905188082619,0.2866464764903608,1945173.5924158795,8550000.0,6604826.4075841205,2055.974781143267,245.8407132723597,95,9
C,Alta demanda con flota mixta: 5 motos y 2 furgonetas,,194,7,0.9939873080196967,0.2570768185606412,1978233.8682456077,8020000.0,6041766.131754393,2061.191699851746,284.0572309896558,94,10
C,Alta demanda con flota mixta: 5 motos y 2 furgonetas,,181,7,1.024016535121051,0.24506042617398027,1983010.2662295084,8380000.0,6396989.733770492,2104.3575561219577,264.3046551449067,91,9
C,Alta demanda con flota mixta: 5 motos y 2 furgonetas,,153,7,1.1385968755912044,0.32897571009995247,1951721.9663543706,7140000.0,5188278.03364563,2145.489381716794,200.68331128120195,83,7
C,Alta demanda con flota mixta: 5 motos y 2 furgonetas,,208,6,1.1424844210210285,0.2786806921046278,2041068.5105656963,9340000.0,7298931.489434304,2085.0463226414954,348.3852659865674,88,12
C,Alta demanda con flota mixta: 5 motos y 2 furgonetas,,193,8,1.1028169982320202,0.2744936717723009,1992655.3953910593,9240000.0,7247344.604608941,2055.495238332569,305.4787325465144,93,10
C,Alta demanda con flota mixta: 5 motos y 2 furgonetas,,181,7,0.9925939180318658,0.23438514601066618,1950524.8722381569,8880000.0,6929475.127761843,2056.84415605262,252.0117416745369,91,9
C,Alta demanda con flota mixta: 5 motos y 2 furgonetas,,183,8,1.0192561926960224,0.2438619494969161,1909656.422368464,8290000.0,6380343.577631536,1988.3382980646197,241.7496764356955,93,9
C,Alta demanda con flota mixta: 5 motos y 2 furgonetas,,187,5,1.0025062381814847,0.2792226487706134,1974654.3877491585,8310000.0,6335345.612250841,2111.1036650280516,249.8397164209679,97,9
C,Alta demanda con flota mixta: 5 motos y 2 furgonetas,,186,7,1.0511127700780283,0.2662148491488405,1973597.7971298038,7880000.0,5906402.202870196,2077.2084544126083,268.7175578426489,96,9
C,Alta demanda con flota mixta: 5 motos y 2 furgonetas,,190,3,0.9875829971436363,0.285046901203563,1967671.3496898424,8150000.0,6182328.650310158,2078.5712971244575,260.4973635351723,90,10
C,Alta demanda con flota mixta: 5 motos y 2 furgonetas,,207,2,1.0441702985977765,0.25680235416628133,2032596.2754901466,9260000.0,7227403.724509854,2105.7685585263216,325.4463327504148,97,11
C,Alta demanda con flota mixta: 5 motos y 2 furgonetas,,195,6,1.010884062517777,0.2969285308791397,2012734.1879358783,8700000.0,6687265.8120641215,2128.9918938191377,286.7796475148992,95,10
C,Alta demanda con flota mixta: 5 motos y 2 furgonetas,,200,6,0.9170472398196995,0.246166009431055,2032224.2842375296,8800000.0,6767775.71576247,2159.7644622939983,292.8045096806879,100,10
C,Alta demanda con flota mixta: 5 motos y 2 furgonetas,,192,1,1.0864239928701844,0.28841874304133563,1967566.5043390794,8560000.0,6592433.495660921,2053.507709944135,275.3020117423122,92,10
C,Alta demanda con flota mixta: 5 motos y 2 furgonetas,,202,1,0.9396462487754829,0.28315190661479817,2018660.8680066771,9410000.0,7391339.131993323,2123.709308508126,297.3359562225456,102,10
C,Alta demanda con flota mixta: 5 motos y 2 furgonetas,,187,0,1.0285409300888437,0.26218557724606373,2015334.0102761968,8010000.0,5994665.9897238035,2164.8454694071775,268.66383157768956,97,9
C,Alta demanda con flota mixta: 5 motos y 2 furgonetas,,193,5,1.0297105570171,0.236154132667653,1999727.5551040133,8340000.0,6340272.4448959865,2113.362740822189,279.83496411036185,93,10
C,Alta demanda con flota mixta: 5 motos y 2 furgonetas,,202,10,1.05111909962963,0.24682319315300638,2003085.8273239513,9260000.0,7256914.172676049,2055.9572732031293,318.241440107828,92,11
C,Alta demanda con flota mixta: 5 motos y 2 furgonetas,,212,3,0.9152099366764905,0.21907956651490998,2068097.2069469003,10510000.0,8441902.7930531,2171.840687489709,330.4492895204633,102,11
C,Alta demanda con flota mixta: 5 motos y 2 furgonetas,,221,11,1.1297282844551957,0.24469703180903865,2093563.1675114473,10280000.0,8186436.832488553,2103.9318796877515,402.7494476554294,91,13
C,Alta demanda con flota mixta: 5 motos y 2 furgonetas,,196,7,1.0327528770715515,0.27568422195681597,2017594.12311108,8880000.0,6862405.87688892,2138.99546675955,286.8933123240465,106,9
C,Alta demanda con flota mixta: 5 motos y 2 furgonetas,,186,4,1.077989585437619,0.2627851313453104,1960311.8952575794,8480000.0,6519688.104742421,2065.7650308303137,258.9294596578531,96,9
C,Alta demanda con flota mixta: 5 motos y 2 furgonetas,,192,5,1.0263897965022046,0.26950140444890913,1987047.300019701,8510000.0,6522952.699980299,2092.343894694513,276.5100383980323,102,9
C,Alta demanda con flota mixta: 5 motos y 2 furgonetas,,220,10,1.0992424790216062,0.25158015972329695,2063854.2137482201,9550000.0,7486145.78625178,2087.3680058176174,375.4838749390319,90,13
C,Alta demanda con flota mixta: 5 motos y 2 furgonetas,,182,9,1.0115988774517126,0.2614931360600852,1950695.1982933886,8560000.0,6609304.801706611,2061.3391620682464,249.54601897129018,92,9
C,Alta demanda con flota mixta: 5 motos y 2 furgonetas,,198,9,1.1114857562947509,0.25283784759028594,2050172.6191064494,9040000.0,6989827.380893551,2165.284081032699,311.9507184652127,98,10
C,Alta demanda con flota mixta: 5 motos y 2 furgonetas,,221,8,0.9773971479295449,0.2513661753604881,2047565.813654923,10130000.0,8082434.186345077,2098.234045726218,348.64816581537605,91,13
C,Alta demanda con flota mixta: 5 motos y 2 furgonetas,,199,3,1.0210725886622958,0.2184386133743941,2017391.0367881784,8720000.0,6702608.963211821,2066.3590498943954,329.9244031855776,89,11
C,Alta demanda con flota mixta: 5 motos y 2 furgonetas,,195,8,1.0385021811544646,0.2673441537704746,2038658.9306219171,8450000.0,6411341.069378083,2183.938406379866,286.4422622061011,95,10
C,Alta demanda con flota mixta: 5 motos y 2 furgonetas,,184,3,1.1196140214054362,0.3152362732113036,1999121.978394894,9270000.0,7270878.021605106,2120.184718920208,275.01269120062676,94,9
C,Alta demanda con flota mixta: 5 motos y 2 furgonetas,,178,7,0.928557921835779,0.1982581572017417,1932839.195166796,8490000.0,6557160.804833204,2076.765527191856,218.03325125632495,98,8
C,Alta demanda con flota mixta: 5 motos y 2 furgonetas,,205,2,0.9429222520795355,0.2093474455398746,1976705.377167514,8750000.0,6773294.622832486,2041.7752969415797,293.7170943412423,95,11
C,Alta demanda con flota mixta: 5 motos y 2 furgonetas,,199,2,1.0159247580005948,0.2562750987456914,1990995.4178601778,8870000.0,6879004.582139822,2021.919190726236,323.4121471021231,89,11
C,Alta demanda con flota mixta: 5 motos y 2 furgonetas,,167,10,0.9108207453721412,0.2683494100717665,1972061.790165123,7360000.0,5387938.209834877,2194.4954199782837,196.90478026914192,97,7
C,Alta demanda con flota mixta: 5 motos y 2 furgonetas,,213,12,0.9892095385882976,0.20467876870871862,2013385.905875167,9440000.0,7426614.094124833,2028.448078985091,347.5096109963044,93,12
C,Alta demanda con flota mixta: 5 motos y 2 furgonetas,,172,2,0.8481374574234487,0.22724506293014987,1970510.235394797,8010000.0,6039489.764605203,2229.8095497879303,173.92120542604667,112,6
C,Alta demanda con flota mixta: 5 motos y 2 furgonetas,,217,3,1.0581735918484572,0.22757653329831817,2031107.3646445055,9760000.0,7728892.635355495,2002.8535765093864,384.91351841452956,87,13
C,Alta demanda con flota mixta: 5 motos y 2 furgonetas,,200,6,1.0556509820673243,0.2800585825793419,1964058.9126781672,9200000.0,7235941.087321833,2029.7371116833292,285.0827188022657,90,11
C,Alta demanda con flota mixta: 5 motos y 2 furgonetas,,220,8,0.9942100139386406,0.22869611678949606,2044845.8093351163,10200000.0,8155154.190664884,2069.3754213177895,362.44537543340545,90,13
C,Alta demanda con flota mixta: 5 motos y 2 furgonetas,,166,14,0.8605826984921505,0.2282967115786356,1912884.1583139258,7230000.0,5317115.841686074,2135.5773568187183,158.0427507677208,106,6
C,Alta demanda con flota mixta: 5 motos y 2 furgonetas,,204,8,1.0051423840574663,0.21333110204525613,2035260.1789148364,9020000.0,6984739.821085163,2097.029903160526,333.9836859969477,94,11
C,Alta demanda con flota mixta: 5 motos y 2 furgonetas,,219,2,1.0145115185828026,0.2211322208449421,2057341.8913470313,10170000.0,8112658.108652969,2087.1298956963556,367.4853647351846,99,12
C,Alta demanda con flota mixta: 5 motos y 2 furgonetas,,185,2,0.8936906071225932,0.2212167107315263,1956089.982919831,8250000.0,6293910.017080169,2042.2443643257063,267.66832841409405,95,9
C,Alta demanda con flota mixta: 5 motos y 2 furgonetas,,216,7,0.9491737239751331,0.1929395943145115,2018109.4378667064,10430000.0,8411890.562133294,2032.4196053788905,351.04734376358266,96,12
C,Alta demanda con flota mixta: 5 motos y 2 furgonetas,,177,5,1.0535780289385182,0.2892733698124227,1982397.6420105563,7660000.0,5677602.3579894435,2135.6099018481978,244.91521139862775,87,9
C,Alta demanda con flota mixta: 5 motos y 2 furgonetas,,180,0,1.0671888302720023,0.2872638026080224,1930431.0819647624,8300000.0,6369568.918035237,2014.4490985504121,252.15824853657853,90,9
C,Alta demanda con flota mixta: 5 motos y 2 furgonetas,,185,9,0.9425002470978026,0.2647315586276712,1971522.345020682,8400000.0,6428477.654979318,2099.160092626019,253.04198709939755,95,9
C,Alta demanda con flota mixta: 5 motos y 2 furgonetas,,184,2,0.9360191801556021,0.24623813815901754,2010091.04157377,8220000.0,6209908.95842623,2155.648048253981,267.5909789326096,94,9
C,Alta demanda con flota mixta: 5 motos y 2 furgonetas,,185,0,1.0220092934116998,0.2837170350459658,1916034.3907424381,8150000.0,6233965.609257562,1988.5084456873421,249.62074380793695,95,9
C,Alta demanda con flota mixta: 5 motos y 2 furgonetas,,204,5,0.9539651971216886,0.26920240950137614,1980099.477633486,9020000.0,7039900.522366514,2107.6923765975157,258.67890819323947,104,10
C,Alta demanda con flota mixta: 5 motos y 2 furgonetas,,205,9,1.168099557942994,0.25693915537380935,2040880.252941588,9250000.0,7209119.747058412,2056.8576241547785,364.94794174339756,85,12
C,Alta demanda con flota mixta: 5 motos y 2 furgonetas,,222,8,0.9732374150504371,0.2299681761535935,2111821.934460023,10460000.0,8348178.065539977,2193.095368175225,372.43926900785885,92,13
C,Alta demanda con flota mixta: 5 motos y 2 furgonetas,,200,6,1.0342596393619017,0.2809715783021723,2017884.225893557,9000000.0,6982115.774106443,2086.124234806639,318.76256881328345,90,11
C,Alta demanda con flota mixta: 5 motos y 2 furgonetas,,196,8,0.9961391429137223,0.2550245426308393,1982027.1090908102,8480000.0,6497972.890909189,2049.850266787701,295.55728377693583,86,11
C,Alta demanda con flota mixta: 5 motos y 2 furgonetas,,206,0,0.9771438133230265,0.21158162338313133,1998862.447082866,9180000.0,7181137.552917134,2012.0464065808487,339.1292491125209,96,11
C,Alta demanda con flota mixta: 5 motos y 2 furgonetas,,192,10,1.0301125775238396,0.29832326115615254,1972678.6314676863,8210000.0,6237321.368532314,2110.827617123705,247.53452146592545,102,9
C,Alta demanda con flota mixta: 5 motos y 2 furgonetas,,183,5,1.0439539099475101,0.26344013342487305,1950298.259501421,8190000.0,6239701.740498579,2025.7824068555321,270.2385603720274,93,9
C,Alta demanda con flota mixta: 5 motos y 2 furgonetas,,203,3,1.0362333113816937,0.28441839854352585,2025238.9914231682,8790000.0,6764761.008576832,2117.1025118076996,309.4956832319031,93,11
C,Alta demanda con flota mixta: 5 motos y 2 furgonetas,,182,6,1.0104075680025175,0.23748228401283014,1920850.8003605194,8260000.0,6339149.199639481,1977.824342831244,262.0080462737734,92,9
C,Alta demanda con flota mixta: 5 motos y 2 furgonetas,,188,0,1.0267562480019417,0.26091732341570006,1919839.600127925,8790000.0,6870160.399872075,1959.2469211685498,271.8145637696012,88,10
C,Alta demanda con flota mixta: 5 motos y 2 furgonetas,,194,4,1.102499696506699,0.26873326889325544,2007111.8653404969,8170000.0,6162888.134659503,2093.817847252109,300.7123982955477,94,10
C,Alta demanda con flota mixta: 5 motos y 2 furgonetas,,208,8,0.9639210373093974,0.26504045942652504,1974231.0028001626,9240000.0,7265768.997199837,2047.8095940337669,287.0282133161048,98,11
C,Alta demanda con flota mixta: 5 motos y 2 furgonetas,,198,1,0.960875991722081,0.24968406286375947,1983754.1871379798,8790000.0,6806245.81286202,2075.585497715997,282.3801855353384,98,10
C,Alta demanda con flota mixta: 5 motos y 2 furgonetas,,181,8,0.8123883701918022,0.22339792957712964,1895946.7969403039,8180000.0,6284053.203059696,2001.7592621015554,216.614924418835,101,8
C,Alta demanda con flota mixta: 5 motos y 2 furgonetas,,229,2,0.9918838904096624,0.21030484643644484,2067495.9396399462,10320000.0,8252504.060360054,2064.7597533583776,393.508572547306,89,14
C,Alta demanda con flota mixta: 5 motos y 2 furgonetas,,193,3,0.937843850131168,0.27797916859724014,1996697.83215133,8690000.0,6693302.16784867,2136.444578787775,262.2930546528396,93,10
C,Alta demanda con flota mixta: 5 motos y 2 furgonetas,,198,3,0.9736011580485088,0.22478243486957897,1992396.6279552814,9090000.0,7097603.372044719,2010.503333916836,331.96651149193224,88,11
C,Alta demanda con flota mixta: 5 motos y 2 furgonetas,,191,8,0.9634717860554728,0.2597012050576921,1958786.034567382,8580000.0,6621213.965432618,2057.563021711165,261.9098135543192,101,9
C,Alta demanda con flota mixta: 5 motos y 2 furgonetas,,223,0,0.9441449377536023,0.24719163289844717,2085277.0504106192,9840000.0,7754722.949589381,2145.7992191133058,367.44253037396373,93,13
C,Alta demanda con flota mixta: 5 motos y 2 furgonetas,,183,11,0.9698088223093472,0.27637228249002677,2010876.5091921582,8040000.0,6029123.4908078415,2208.4045765850983,237.13453876647893,103,8
C,Alta demanda con flota mixta: 5 motos y 2 furgonetas,,195,9,1.028178025925474,0.26170296224301964,1992479.6095246663,9300000.0,7307520.390475334,2065.0646377581165,299.5564754783473,95,10
C,Alta demanda con flota mixta: 5 motos y 2 furgonetas,,207,9,0.9454700455373013,0.2364918825598839,1992108.5738036493,9860000.0,7867891.426196351,2011.967960554237,330.73365448133217,97,11
C,Alta demanda con flota mixta: 5 motos y 2 furgonetas,,191,7,1.1254944821037167,0.30785184916996833,2021037.6181678036,8180000.0,6158962.381832196,2138.8144422537557,291.30555591076325,91,10
C,Alta demanda con flota mixta: 5 motos y 2 furgonetas,,218,0,1.0124133764518755,0.2476435274088384,2038103.116279043,10090000.0,8051896.883720957,2098.1477008185634,336.87124810530975,98,12
C,Alta demanda con flota mixta: 5 motos y 2 furgonetas,,229,3,1.0772889085629003,0.25052394048153864,2067473.805966678,10570000.0,8502526.194033321,2106.166352610761,368.8061953787352,99,13
C,Alta demanda con flota mixta: 5 motos y 2 furgonetas,,191,5,0.968772108701732,0.23407578624107303,1970249.0205178603,8880000.0,6909750.979482139,2057.3946721374823,276.3388676077463,91,10
C,Alta demanda con flota mixta: 5 motos y 2 furgonetas,,213,2,1.0086753119781617,0.24066205753495426,2040331.7067650848,10390000.0,8349668.2932349155,2072.3435484846596,355.03400314053937,93,12
C,Alta demanda con flota mixta: 5 motos y 2 furgonetas,,151,3,1.0131142143177077,0.3165595479353705,1887813.747740424,6680000.0,4792186.252259576,2063.8295897544053,169.4601287915558,91,6
C,Alta demanda con flota mixta: 5 motos y 2 furgonetas,,182,8,1.0348308908675532,0.2815496615274113,1989152.1632514605,8610000.0,6620847.8367485395,2086.5703064959157,282.5816708151285,92,9
C,Alta demanda con flota mixta: 5 motos y 2 furgonetas,,196,5,1.0417801762305121,0.2587236279793511,1974798.060769843,8280000.0,6305201.939230157,2069.2134726801264,274.98219694435653,96,10
C,Alta demanda con flota mixta: 5 motos y 2 furgonetas,,195,9,1.0353243742200566,0.23431869555865578,2026944.069104417,8500000.0,6473055.930895583,2122.253616961146,308.5574223837113,95,10
C,Alta demanda con flota mixta: 5 motos y 2 furgonetas,,219,1,0.9665135764168681,0.22891120943576115,2051702.8607633405,9220000.0,7168297.13923666,2157.2376579464308,318.6584846337205,99,12
C,Alta demanda con flota mixta: 5 motos y 2 furgonetas,,194,10,0.9967066861107267,0.254296819975776,2000780.6172586237,8470000.0,6469219.382741377,2130.3980682605975,270.99972724148404,94,10
C,Alta demanda con flota mixta: 5 motos y 2 furgonetas,,185,4,0.9720915770629625,0.31319858586089383,1910307.1355843476,8350000.0,6439692.864415652,1983.418620721147,245.49476518049337,95,9
C,Alta demanda con flota mixta: 5 motos y 2 furgonetas,,192,7,0.9210294792405208,0.2737457371794245,1925744.8925198382,8160000.0,6234255.107480162,2054.225271185715,222.59739325488937,102,9
C,Alta demanda con flota mixta: 5 motos y 2 furgonetas,,213,9,0.9892728952774739,0.21621935180814808,2023352.3667621505,9640000.0,7616647.63323785,2127.8444551160633,300.736144113884,103,11
C,Alta demanda con flota mixta: 5 motos y 2 furgonetas,,213,8,0.8873395073934758,0.23137938540823924,1990329.322331853,9440000.0,7449670.677668147,2027.2835977739494,319.3828104768956,93,12
C,Alta demanda con flota mixta: 5 motos y 2 furgonetas,,194,7,0.9774860175679669,0.23703573062972016,1970067.4182042915,8820000.0,6849932.581795708,2038.3082041581374,287.4857295655268,94,10
C,Alta demanda con flota mixta: 5 motos y 2 furgonetas,,197,6,0.9481456709060783,0.24850728371655995,2002654.4490298473,8610000.0,6607345.550970153,2090.510672086687,297.1114149279992,97,10
C,Alta demanda con flota mixta: 5 motos y 2 furgonetas,,192,5,0.9528464151310767,0.23055579217346409,1906944.4648062326,8310000.0,6403055.535193767,1929.7419082474246,273.2780506298463,92,10
C,Alta demanda con flota mixta: 5 motos y 2 furgonetas,,178,6,0.924427623851724,0.21318097779041667,1957258.6838457754,8190000.0,6232741.316154225,2119.8535515713365,222.88091977701345,98,8
C,Alta demanda con flota mixta: 5 motos y 2 furgonetas,,203,9,0.9606960917512087,0.2331295032702698,2024225.7577843152,9390000.0,7365774.242215685,2085.763810493825,326.9042650300398,93,11
C,Alta demanda con flota mixta: 5 motos y 2 furgonetas,,187,3,0.9678302241731768,0.2466736994647094,1947122.7100594502,8360000.0,6412877.28994055,2036.1767017260627,260.0750333275285,97,9
C,Alta demanda con flota mixta: 5 motos y 2 furgonetas,,199,3,1.0235802807651515,0.2622853484063131,2067258.3336162786,8820000.0,6752741.666383721,2209.1893242115234,307.14417837669833,99,10
C,Alta demanda con flota mixta: 5 motos y 2 furgonetas,,193,4,0.9726700837236917,0.23499841198223365,1960164.2873765184,8540000.0,6579835.712623482,2057.052798755946,263.93667780254253,93,10
C,Alta demanda con flota mixta: 5 motos y 2 furgonetas,,202,8,0.9144651892359165,0.24680899616410745,2041573.9465976355,9010000.0,6968426.053402364,2165.704355733185,300.95193088174136,102,10
C,Alta demanda con flota mixta: 5 motos y 2 furgonetas,,195,7,1.0833221896393912,0.28675091622402277,1999548.017552471,8800000.0,6800451.982447529,2125.9070481652516,272.13523262136175,105,9
C,Alta demanda con flota mixta: 5 motos y 2 furgonetas,,179,5,0.9001068545248894,0.2516279301924835,1951062.6931480302,8470000.0,6518937.30685197,2079.6539222219876,239.09139302947472,99,8
C,Alta demanda con flota mixta: 5 motos y 2 furgonetas,,183,4,1.023065023118031,0.2471080891090044,2011403.8729791504,8440000.0,6428596.12702085,2157.4467337053743,268.1601590452821,93,9
C,Alta demanda con flota mixta: 5 motos y 2 furgonetas,,199,5,0.9431125256649565,0.25935716782426005,2012018.030432192,8420000.0,6407981.969567808,2142.916198482752,277.58678343243537,99,10
C,Alta demanda con flota mixta: 5 motos y 2 furgonetas,,194,2,1.0218568299654902,0.2760392869255665,1979664.9715885704,8770000.0,6790335.028411429,2043.5139299930795,296.38051419926137,94,10
C,Alta demanda con flota mixta: 5 motos y 2 furgonetas,,173,10,1.0170155479886323,0.30250158467534344,1952187.8744287684,7640000.0,5687812.125571231,2122.233986522597,215.123877062862,103,7
C,Alta demanda con flota mixta: 5 motos y 2 furgonetas,,198,2,1.0292968791905863,0.24856722785102991,1965168.4125400742,9340000.0,7374831.587459926,2041.866941925789,279.2412761652899,98,10
C,Alta demanda con flota mixta: 5 motos y 2 furgonetas,,209,7,0.9597105577865527,0.25433778798133677,2001652.8448181371,9720000.0,7718347.155181862,2072.7606066523867,306.43689553147914,99,11
C,Alta demanda con flota mixta: 5 motos y 2 furgonetas,,193,5,0.913814966318076,0.2680995351372274,1972721.742438266,8540000.0,6567278.257561734,2064.4357771211185,275.2338875346932,93,10
C,Alta demanda con flota mixta: 5 motos y 2 furgonetas,,202,4,1.0128446154949369,0.23118398656909342,2028561.0375127387,8510000.0,6481438.962487262,2106.958644795535,319.69309799475184,92,11
C,Alta demanda con flota mixta: 5 motos y 2 furgonetas,,211,8,0.9941158742256804,0.22820829043136065,2002854.2688174392,9180000.0,7177145.73118256,2006.9697687884448,347.14425819920257,91,12
C,Alta demanda con flota mixta: 5 motos y 2 furgonetas,,178,0,1.0212647421686976,0.300035171955484,1947808.905438221,7940000.0,5992191.094561779,2147.8806782113897,194.36698166368043,108,7
C,Alta demanda con flota mixta: 5 motos y 2 furgonetas,,187,6,0.8693671109120658,0.2334505203737273,1921265.5631656738,8810000.0,6888734.436834326,2040.6244041131563,225.1031582615585,97,9
C,Alta demanda con flota mixta: 5 motos y 2 furgonetas,,182,10,0.9096807969214956,0.25748364720601036,1996748.8866925796,8160000.0,6163251.11330742,2148.5656490498777,255.1337755468388,92,9
C,Alta demanda con flota mixta: 5 motos y 2 furgonetas,,197,6,1.0265351295110214,0.2655663074793387,1948272.8523136645,8860000.0,6911727.147686335,1992.641821666205,287.4556903589661,97,10
C,Alta demanda con flota mixta: 5 motos y 2 furgonetas,,201,2,0.9665694483226065,0.2737829359665684,2009670.4358119208,9230000.0,7220329.564188079,2163.409970003227,262.43979553590054,91,11
C,Alta demanda con flota mixta: 5 motos y 2 furgonetas,,236,6,1.0865551379846698,0.24372545421507635,2073638.9617674262,11230000.0,9156361.038232574,2086.5970532342953,388.17423024434925,96,14
C,Alta demanda con flota mixta: 5 motos y 2 furgonetas,,219,9,1.0269134933534838,0.24184620216425673,2027974.746402119,10170000.0,8142025.253597881,2110.6263369150506,316.774610526306,99,12
C,Alta demanda con flota mixta: 5 motos y 2 furgonetas,,206,0,0.9895523123920588,0.2588277792803108,2049253.5697883388,9030000.0,6980746.430211661,2156.2457727642836,316.18794769357527,96,11
C,Alta demanda con flota mixta: 5 motos y 2 furgonetas,,178,6,0.9176899578770507,0.23794134014136412,1886850.7459239326,7990000.0,6103149.254076067,1988.629084862766,213.06929739218083,98,8
C,Alta demanda con flota mixta: 5 motos y 2 furgonetas,,213,0,1.0249329002719672,0.271586264225224,2049838.4042737859,9590000.0,7540161.595726214,2078.2551277536118,363.3945910453047,93,12
C,Alta demanda con flota mixta: 5 motos y 2 furgonetas,,200,7,1.1216574153081704,0.30710851140122375,2017098.6465644403,9200000.0,7182901.353435559,2138.773799346678,286.40606102291974,100,10
C,Alta demanda con flota mixta: 5 motos y 2 furgonetas,,197,5,0.932914336112802,0.30236895717306245,1982910.5853446987,8910000.0,6927089.414655302,2136.262820443703,245.1673082137635,107,9
C,Alta demanda con flota mixta: 5 motos y 2 furgonetas,,184,5,0.9102257185935423,0.2527299082173289,1965819.5091502126,8320000.0,6354180.490849787,2132.452364491868,226.07416130305475,104,8
C,Alta demanda con flota mixta: 5 motos y 2 furgonetas,,212,2,1.0418900967770763,0.25570443174478674,2022968.1190047588,9160000.0,7137031.880995241,2082.304538199686,327.39364015657543,92,12
C,Alta demanda con flota mixta: 5 motos y 2 furgonetas,,184,5,1.0561996953176636,0.3105103304824891,1986292.09923416,7870000.0,5883707.90076584,2087.7544880378446,278.3009222103951,94,9
C,Alta demanda con flota mixta: 5 motos y 2 furgonetas,,194,6,1.0518950467211736,0.2487105995609779,1985694.6412623394,8520000.0,6534305.358737661,2081.5407628230428,281.2569362726865,94,10
C,Alta demanda con flota mixta: 5 motos y 2 furgonetas,,211,2,0.9836026488702618,0.24013207313019738,2053749.1479997844,9230000.0,7176250.852000216,2155.173605388124,322.4463383994286,101,11
C,Alta demanda con flota mixta: 5 motos y 2 furgonetas,,202,10,0.9930885748955145,0.22445015277832986,2010442.9244380705,9060000.0,7049557.0755619295,2069.549155127945,319.338239162955,92,11
C,Alta demanda con flota mixta: 5 motos y 2 furgonetas,,220,10,0.9902155984730756,0.21432173169506324,2013997.124962873,9800000.0,7786002.875037127,1964.7710822210518,386.2195531900871,90,13
C,Alta demanda con flota mixta: 5 motos y 2 furgonetas,,192,0,0.9637068255347282,0.21500467908406404,1980807.7742387317,8010000.0,6029192.225761268,2107.965724009888,259.4013878099197,102,9
C,Alta demanda con flota mixta: 5 motos y 2 furgonetas,,179,3,1.0072239058247092,0.2630387320795665,1944793.7851930729,7620000.0,5675206.214806927,2046.618001677831,250.94177608704842,89,9
C,Alta demanda con flota mixta: 5 motos y 2 furgonetas,,198,8,0.9968981943774092,0.27235478374118194,1992320.802309831,8490000.0,6497679.197690169,2077.6840224652815,291.83791737049495,98,10
C,Alta demanda con flota mixta: 5 motos y 2 furgonetas,,209,4,1.0619903585618005,0.2538333495507224,2079332.647565715,9720000.0,7640667.352434285,2168.158967740469,346.6875731140484,99,11
C,Alta demanda con flota mixta: 5 motos y 2 furgonetas,,175,7,0.9321997849831759,0.25040983409667394,1881605.5624886793,7200000.0,5318394.437511321,1960.4481288232678,223.30620206400346,95,8
C,Alta demanda con flota mixta: 5 motos y 2 furgonetas,,178,5,1.053911442347883,0.3029323554886446,1960260.5957881499,8190000.0,6229739.40421185,2113.201445159119,230.5973830673503,98,8
C,Alta demanda con flota mixta: 5 motos y 2 furgonetas,,181,3,0.9354762474286009,0.26026240961142605,1935976.5706794455,7930000.0,5994023.429320554,2020.2384284235377,255.6401753919127,91,9
C,Alta demanda con flota mixta: 5 motos y 2 furgonetas,,199,6,0.9953466130005826,0.25075226624696473,1982024.468204578,8520000.0,6537975.531795422,2054.672982806235,292.6800659097494,99,10
C,Alta demanda con flota mixta: 5 motos y 2 furgonetas,,198,9,0.9428080258896014,0.2436519671865242,2026256.9064040957,9040000.0,7013743.093595904,2167.9817879161988,280.4484803340546,98,10
C,Alta demanda con flota mixta: 5 motos y 2 furgonetas,,209,4,0.8704502419455437,0.23404986096495584,2002702.604240944,9620000.0,7617297.395759056,2106.3347818211532,287.74182414972904,99,11
C,Alta demanda con flota mixta: 5 motos y 2 furgonetas,,198,1,0.9080756438450145,0.21538865900421716,1952393.2113725394,9040000.0,7087606.788627461,2041.909173792347,263.24710820869217,98,10
C,Alta demanda con flota mixta: 5 motos y 2 furgonetas,,200,4,1.0262907565946924,0.27250970643806316,1979764.041646124,9400000.0,7420235.958353876,2063.1658904045394,284.79350291250836,100,10
C,Alta demanda con flota mixta: 5 motos y 2 furgonetas,,204,4,0.9417194123626981,0.22693065874424326,1972842.867181494,9270000.0,7297157.132818506,2040.1849534868782,289.8366624026656,94,11
C,Alta demanda con flota mixta: 5 motos y 2 furgonetas,,185,5,0.9755030412576188,0.229757657906887,2007370.511359356,8200000.0,6192629.488640644,2182.72001849289,248.0577906995982,95,9
C,Alta demanda con flota mixta: 5 motos y 2 furgonetas,,204,0,1.0631031251524985,0.23201560558054476,2043682.790222738,9220000.0,7176317.209777262,2144.3377609724953,316.3206063134485,94,11
C,Alta demanda con flota mixta: 5 motos y 2 furgonetas,,203,6,0.9033923406048965,0.23289696131178844,1958688.9322412151,9440000.0,7481311.067758785,2035.5003115570746,274.9358804113105,103,10
C,Alta demanda con flota mixta: 5 motos y 2 furgonetas,,182,0,1.01575457400818,0.2991067933830666,1920687.3212664195,8310000.0,6389312.678733581,1982.5602618953876,258.9815040368369,92,9
C,Alta demanda con flota mixta: 5 motos y 2 furgonetas,,199,2,0.9815386235351242,0.22648043045462377,2012539.8473833734,9470000.0,7457460.152616627,2131.905137297664,284.8006836198715,99,10
C,Alta demanda con flota mixta: 5 motos y 2 furgonetas,,196,2,1.0546798998843483,0.24542664707888504,1985441.9595393639,8580000.0,6594558.040460636,2032.4806481406004,310.17661970966714,86,11
C,Alta demanda con flota mixta: 5 motos y 2 furgonetas,,204,8,0.972421335795152,0.24344333149712472,2021488.8502893422,9570000.0,7548511.149710658,2122.0947754017147,301.83305453565237,94,11
C,Alta demanda con flota mixta: 5 motos y 2 furgonetas,,176,4,0.9615890671072009,0.25310436772482103,1964952.851812483,7730000.0,5765047.148187517,2063.1086486679005,266.31362668684255,96,8
C,Alta demanda con flota mixta: 5 motos y 2 furgonetas,,214,2,0.9900105297558617,0.23238444774805464,1989373.0159968473,9320000.0,7330626.984003153,1980.351535606075,346.154830054752,94,12
C,Alta demanda con flota mixta: 5 motos y 2 furgonetas,,184,1,1.0785779738138557,0.3163150097041049,1955291.3705774865,8720000.0,6764708.629422514,2048.265890211728,263.08176044161127,94,9
C,Alta demanda con flota mixta: 5 motos y 2 furgonetas,,205,0,1.0275362273742514,0.24986887509029368,2027294.7455901145,9550000.0,7522705.254409885,2081.1200151008134,333.507795509427,95,11
C,Alta demanda con flota mixta: 5 motos y 2 furgonetas,,185,1,0.9759646179556575,0.21853328365950683,1965730.2328858532,8250000.0,6284269.767114147,2072.7932316138554,261.5141889937742,95,9
C,Alta demanda con flota mixta: 5 motos y 2 furgonetas,,187,4,1.0738747920250995,0.2538073925302059,1943325.9916104174,8910000.0,6966674.008389583,1987.052303173195,284.60297841887393,87,10
C,Alta demanda con flota mixta: 5 motos y 2 furgonetas,,185,1,1.057025071629342,0.27941938716910175,2002970.9446632217,8550000.0,6547029.055336778,2144.241747917346,265.48801474378064,95,9
C,Alta demanda con flota mixta: 5 motos y 2 furgonetas,,191,2,0.8886277215894846,0.22157778853975013,2018350.4165483643,8480000.0,6461649.583451636,2190.438533556751,257.18311257786604,101,9
C,Alta demanda con flota mixta: 5 motos y 2 furgonetas,,187,5,0.9660749197056941,0.25060935784568855,1968750.7496269173,8510000.0,6541249.250373082,2062.7526205619793,271.2731605535536,97,9
C,Alta demanda con flota mixta: 5 motos y 2 furgonetas,,193,6,1.031892945319328,0.24539238545949965,2005628.9497553597,8940000.0,6934371.050244641,2060.1856138030953,318.9006221293099,83,11
C,Alta demanda con flota mixta: 5 motos y 2 furgonetas,,183,5,1.0569321412319423,0.24479645700428782,1948984.790597785,8490000.0,6541015.209402215,2016.9290624546413,273.87254283777696,93,9
C,Alta demanda con flota mixta: 5 motos y 2 furgonetas,,190,10,1.0621993261461442,0.25681674234239094,1937104.3538931531,8450000.0,6512895.646106847,1978.3824456246377,281.99240775869737,90,10
C,Alta demanda con flota mixta: 5 motos y 2 furgonetas,,190,7,1.092252946099195,0.22943878619253663,1997064.5006327576,8650000.0,6652935.499367243,2077.1774785277207,298.0693961383444,90,10
C,Alta demanda con flota mixta: 5 motos y 2 furgonetas,,205,1,0.9918662597501484,0.23900205220873247,2029446.9740237482,9450000.0,7420553.025976252,2088.9610012993103,331.525539363457,95,11
C,Alta demanda con flota mixta: 5 motos y 2 furgonetas,,220,7,0.9465510976211435,0.2231792831412791,2025903.5207825082,10150000.0,8124096.479217492,2078.069046541064,333.5868748017807,100,12
C,Alta demanda con flota mixta: 5 motos y 2 furgonetas,,192,9,0.9305253030374834,0.21590870909325802,1902152.7110024183,8460000.0,6557847.288997581,1970.5955439073266,242.94316621489625,102,9
C,Alta demanda con flota mixta: 5 motos y 2 furgonetas,,194,2,0.923272379695909,0.2409613340691894,1953281.69252227,9470000.0,7516718.30747773,2092.347230342428,234.30104127195344,104,9
C,Alta demanda con flota mixta: 5 motos y 2 furgonetas,,182,10,0.9529254420419552,0.24930908253296555,1961278.3467596567,8260000.0,6298721.653240344,2096.567085181215,241.78219482206805,92,9
C,Alta demanda con flota mixta: 5 motos y 2 furgonetas,,211,5,1.0009640600941974,0.260150002930651,1992938.7698518333,9530000.0,7537061.230148166,2028.6075547985058,321.85565733647394,91,12
C,Alta demanda con flota mixta: 5 motos y 2 furgonetas,,211,0,1.089147361541765,0.2524377625138694,2026931.8439664983,9280000.0,7253068.156033502,2041.16805415778,356.8620414053744,91,12
C,Alta demanda con flota mixta: 5 motos y 2 furgonetas,,209,4,1.037749420624343,0.25061949222943514,2031354.0569271361,9920000.0,7888645.943072864,2101.1949428253834,326.6190343130375,99,11
C,Alta demanda con flota mixta: 5 motos y 2 furgonetas,,194,7,0.9119717436248564,0.2461554196474587,1972360.2607713325,8670000.0,6697639.739228668,2128.643150007876,236.5200593556448,104,9
C,Alta demanda con flota mixta: 5 motos y 2 furgonetas,,219,5,0.9341248280764236,0.2348336003892901,2028965.8050101385,10070000.0,8041034.194989862,2098.405013936851,325.2962729155765,99,12
C,Alta demanda con flota mixta: 5 motos y 2 furgonetas,,215,6,1.1025914652225641,0.2801238584717338,2077491.746603344,10100000.0,8022508.253396656,2152.2918493714956,353.8418610861366,95,12
C,Alta demanda con flota mixta: 5 motos y 2 furgonetas,,194,7,0.9771738235438655,0.24447491773556573,1936609.5449653328,8920000.0,6983390.455034668,2003.1883857248517,266.591726818954,94,10
C,Alta demanda con flota mixta: 5 motos y 2 furgonetas,,173,4,1.0477227806893756,0.2693404232056434,1937713.4606054712,8040000.0,6102286.539394529,2048.4499966843773,240.99966162820851,93,8
C,Alta demanda con flota mixta: 5 motos y 2 furgonetas,,188,8,1.0435529613976071,0.2590915663975459,1968972.493052102,8590000.0,6621027.506947898,2049.7798025457696,279.2810042511206,98,9
C,Alta demanda con flota mixta: 5 motos y 2 furgonetas,,188,4,1.0173654429836099,0.2562823893638614,1993821.443499334,8640000.0,6646178.556500666,2140.7782214397303,256.1150970110133,98,9
C,Alta demanda con flota mixta: 5 motos y 2 furgonetas,,201,6,1.0307202851559498,0.2758694395190605,2032384.3546148494,8480000.0,6447615.645385151,2185.259226144701,277.8119491891554,101,10
C,Alta demanda con flota mixta: 5 motos y 2 furgonetas,,212,2,1.1031336161019907,0.26940673496900364,2011000.487599654,9560000.0,7548999.512400346,2020.2814353240085,349.39444319259604,92,12
C,Alta demanda con flota mixta: 5 motos y 2 furgonetas,,207,2,0.9784304467781796,0.19229795204181394,2012945.3179753546,9460000.0,7447054.682024646,1983.196070784486,373.9251134583807,87,12
C,Alta demanda con flota mixta: 5 motos y 2 furgonetas,,220,7,1.161670636230137,0.2555241606978151,2092841.746278788,10000000.0,7907158.253721212,2176.2705203358237,358.7401709194122,100,12
C,Alta demanda con flota mixta: 5 motos y 2 furgonetas,,225,1,1.0087504302894421,0.24243473240162025,2029620.156384194,9850000.0,7820379.843615806,2051.061438403077,354.3268405884172,95,13
C,Alta demanda con flota mixta: 5 motos y 2 furgonetas,,194,5,0.9775579886868724,0.2751232408633428,2028063.3533486866,8720000.0,6691936.646651314,2162.910398818669,285.72864317037846,94,10
C,Alta demanda con flota mixta: 5 motos y 2 furgonetas,,178,7,0.8874484287792482,0.2569363302650982,1954847.6297059092,8190000.0,6235152.37029409,2128.92672653732,214.46028372526254,98,8
C,Alta demanda con flota mixta: 5 motos y 2 furgonetas,,208,1,0.9354958883653707,0.24381199786612415,2001601.0099128797,9140000.0,7138398.99008712,2091.8413723914914,295.0016350864046,98,11
C,Alta demanda con flota mixta: 5 motos y 2 furgonetas,,225,0,0.946210341304,0.19918025604079687,2033623.3548133178,10000000.0,7966376.645186682,2034.9602950546937,368.9257112104148,95,13
C,Alta demanda con flota mixta: 5 motos y 2 furgonetas,,179,4,0.9356174554587879,0.2565547251578271,1940465.441322932,8320000.0,6379534.558677068,2050.23271239296,243.37729495034282,89,9
C,Alta demanda con flota mixta: 5 motos y 2 furgonetas,,217,4,1.0658181353595386,0.26682890042173146,2021774.331888632,9860000.0,7838225.668111368,2090.4098139784032,321.0713711089329,97,12
C,Alta demanda con flota mixta: 5 motos y 2 furgonetas,,193,1,1.0119843540626865,0.24464563823588187,1995486.1757274715,8240000.0,6244513.824272528,2078.452612332698,295.3366218331794,93,10
C,Alta demanda con flota mixta: 5 motos y 2 furgonetas,,181,3,0.9589832620933205,0.2573069771009006,1936526.1734825666,8680000.0,6743473.826517433,2000.3507721904557,268.1784818408112,91,9
C,Alta demanda con flota mixta: 5 motos y 2 furgonetas,,209,11,0.9968668233618834,0.2480728840531465,1990942.104274016,9470000.0,7479057.895725984,2034.7882108470162,315.676695166695,99,11
C,Alta demanda con flota mixta: 5 motos y 2 furgonetas,,206,2,1.0119007662504238,0.24705463141880088,2051560.894789932,8730000.0,6678439.105210068,2149.4073573167775,323.14720119092914,96,11
C,Alta demanda con flota mixta: 5 motos y 2 furgonetas,,160,8,1.0267030898399967,0.29488790881218063,1907943.0577821182,7400000.0,5492056.942217882,2103.992387945806,170.68825286644017,100,6
C,Alta demanda con flota mixta: 5 motos y 2 furgonetas,,177,5,1.0767950629897372,0.28809507926258,1913865.021516131,7760000.0,5846134.978483869,2031.7143545148695,221.16209113086978,97,8
C,Alta demanda con flota mixta: 5 motos y 2 furgonetas,,230,9,0.9943729735249349,0.2358450068999775,2116980.7160128513,9750000.0,7633019.283987149,2163.586583927994,396.47239934162076,100,13
C,Alta demanda con flota mixta: 5 motos y 2 furgonetas,,197,8,0.8365404228698058,0.2231622634731041,1996716.8077635108,9410000.0,7413283.192236489,2148.258801479771,255.27653118812236,107,9
C,Alta demanda con flota mixta: 5 motos y 2 furgonetas,,175,2,0.9463808374485853,0.2857428926157816,1896696.303226294,7700000.0,5803303.696773706,2005.7049582315558,215.20051763125372,95,8
C,Alta demanda con flota mixta: 5 motos y 2 furgonetas,,181,1,1.1586071926248518,0.31898585536291596,1978089.6137029293,7780000.0,5801910.38629707,2044.2954066130003,293.9456251559395,91,9
C,Alta demanda con flota mixta: 5 motos y 2 furgonetas,,191,5,0.9436424568754074,0.2937866093595253,2012629.4431555984,8980000.0,6967370.556844402,2172.9187617339753,260.47214686324907,101,9
C,Alta demanda con flota mixta: 5 motos y 2 furgonetas,,210,1,0.9120105739295632,0.24082464317221408,2022710.4118501414,9350000.0,7327289.588149859,2111.327527567588,309.77634406160524,100,11
C,Alta demanda con flota mixta: 5 motos y 2 furgonetas,,208,1,1.002756771162257,0.24449737739566857,2042894.621633623,9440000.0,7397105.378366377,2202.752979336343,280.525036763809,108,10
C,Alta demanda con flota mixta: 5 motos y 2 furgonetas,,192,1,0.9539419532403309,0.24038476775772755,1999927.7505200303,8310000.0,6310072.24947997,2143.458412221881,262.1508215974147,102,9
C,Alta demanda con flota mixta: 5 motos y 2 furgonetas,,185,5,0.8602515559352207,0.2569736631283552,1935240.6105041248,8150000.0,6214759.389495876,2034.1112422556937,246.45324200000792,95,9
C,Alta demanda con flota mixta: 5 motos y 2 furgonetas,,200,6,0.8474431607867227,0.21403839762351318,1945052.6960250395,8950000.0,7004947.30397496,2059.8003975687557,243.40986013565677,110,9
C,Alta demanda con flota mixta: 5 motos y 2 furgonetas,,191,4,0.9753750627370237,0.25893182509576657,1945637.0185090401,8780000.0,6834362.98149096,2084.9538525721014,229.15100498597434,101,9
C,Alta demanda con flota mixta: 5 motos y 2 furgonetas,,205,7,0.9966674734487705,0.2360626914152343,2022067.4996771624,9300000.0,7277932.500322837,2094.896362729482,318.76424036196954,95,11
C,Alta demanda con flota mixta: 5 motos y 2 furgonetas,,207,7,0.9364092518724489,0.20999867671892505,1975778.4368380131,8960000.0,6984221.563161987,1954.11470962743,344.79645866720836,87,12
C,Alta demanda con flota mixta: 5 motos y 2 furgonetas,,195,6,0.9404157918115221,0.2454547140939702,1977151.6014869171,8650000.0,6672848.398513082,2085.0717625201914,268.47396969638004,95,10
C,Alta demanda con flota mixta: 5 motos y 2 furgonetas,,198,8,0.9948491237430129,0.2514468989699104,2007533.145421376,9290000.0,7282466.854578624,2097.263540740731,299.1856665756075,98,10
C,Alta demanda con flota mixta: 5 motos y 2 furgonetas,,202,6,1.0771540444983074,0.2413837496851087,1977852.5818058245,9310000.0,7332147.418194176,2035.4604644481467,298.9141877573728,92,11
C,Alta demanda con flota mixta: 5 motos y 2 furgonetas,,196,7,0.9051004979132883,0.21882871038982007,1989574.9504053185,9080000.0,7090425.049594682,2073.821037764677,290.7076033602535,96,10
C,Alta demanda con flota mixta: 5 motos y 2 furgonetas,,184,7,1.0008655089440273,0.2507819552321551,1940651.7807930745,8320000.0,6379348.2192069255,2018.3084949526894,262.6342595133966,94,9
C,Alta demanda con flota mixta: 5 motos y 2 furgonetas,,209,2,1.052093711505948,0.23712862318925126,2041879.5898729155,9520000.0,7478120.410127085,2120.708995244432,328.1472827330953,99,11
C,Alta demanda con flota mixta: 5 motos y 2 furgonetas,,218,11,0.9765980248700727,0.22505886337391912,2085542.2833643272,9990000.0,7904457.716635672,2154.4434619692365,362.6228591952127,98,12
C,Alta demanda con flota mixta: 5 motos y 2 furgonetas,,198,9,1.0294647343582641,0.22983478164937216,1981443.5600979028,8490000.0,6508556.439902097,2059.7995231162135,288.89896132393505,98,10
C,Alta demanda con flota mixta: 5 motos y 2 furgonetas,,218,2,1.0752840746528616,0.26092652483537954,2060255.8160154058,9840000.0,7779744.183984594,2098.9973987838225,364.0557771370407,98,12
C,Alta demanda con flota mixta: 5 motos y 2 furgonetas,,192,4,1.0670272952363777,0.2619206502532835,1975775.6089621317,8310000.0,6334224.391037868,2039.1832524643266,294.0995157890655,92,10
C,Alta demanda con flota mixta: 5 motos y 2 furgonetas,,183,2,0.8593693139965458,0.2533855238116931,1951838.4631098292,8190000.0,6238161.536890171,2100.064411339647,227.89823988539692,103,8
C,Alta demanda con flota mixta: 5 motos y 2 furgonetas,,244,10,0.9817485218722969,0.23154263024395927,2108568.464071063,10870000.0,8761431.535928937,2086.320058775386,432.0011725843899,94,15
C,Alta demanda con flota mixta: 5 motos y 2 furgonetas,,220,7,1.0215169229062886,0.2381711693374299,2019689.9491170233,9950000.0,7930310.0508829765,2051.2878002965795,341.77918962259105,100,12
C,Alta demanda con flota mixta: 5 motos y 2 furgonetas,,234,6,0.9638039523693196,0.22288645368828236,2044647.400432864,10820000.0,8775352.599567136,2034.5311363806477,382.9615092531959,94,14
C,Alta demanda con flota mixta: 5 motos y 2 furgonetas,,191,3,1.0107453723313349,0.24703921209853877,1988432.503142592,8080000.0,6091567.496857408,2101.9844910022994,272.49659045437943,101,9
C,Alta demanda con flota mixta: 5 motos y 2 furgonetas,,197,0,0.9788251474083158,0.2852467021200521,2008468.2866101293,8610000.0,6601531.713389871,2156.577906480298,265.008421087768,97,10
C,Alta demanda con flota mixta: 5 motos y 2 furgonetas,,192,2,0.9815444139724266,0.2720311060670297,2019226.6173856957,8160000.0,6140773.382614304,2169.2278835569496,270.91805509253834,102,9
C,Alta demanda con flota mixta: 5 motos y 2 furgonetas,,214,8,0.9426164056909369,0.21075124428505992,2027865.117621125,9720000.0,7692134.882378875,2049.0369254852512,353.33947468872395,94,12
C,Alta demanda con flota mixta: 5 motos y 2 furgonetas,,198,0,0.9057105706393253,0.24921386350244698,1972968.4717781548,8740000.0,6767031.528221846,2092.611605293504,258.75197100377653,98,10
C,Alta demanda con flota mixta: 5 motos y 2 furgonetas,,202,9,0.9025950888641138,0.1902638667537382,1989550.0394408854,8760000.0,6770449.960559115,2056.9261475592425,300.7443409142566,92,11
C,Alta demanda con flota mixta: 5 motos y 2 furgonetas,,203,9,1.0875837234131436,0.28134781145409077,2028156.1781484294,8990000.0,6961843.82185157,2104.824346309305,320.45887893604214,93,11
C,Alta demanda con flota mixta: 5 motos y 2 furgonetas,,206,11,0.9250519590791634,0.25797966303288006,2014686.0983269494,9430000.0,7415313.901673051,2083.4812273411376,316.3399105413094,96,11
C,Alta demanda con flota mixta: 5 motos y 2 furgonetas,,210,0,0.9520828121624221,0.25406464465739126,2003781.437103841,9800000.0,7796218.562896159,2077.2267783642765,306.43618833834734,100,11
C,Alta demanda con flota mixta: 5 motos y 2 furgonetas,,192,4,0.9637231206548046,0.25684394426884477,1972818.290400192,8360000.0,6387181.709599808,2038.6608212482408,290.714190878695,92,10
C,Alta demanda con flota mixta: 5 motos y 2 furgonetas,,212,5,1.034575445111555,0.25503978970633706,1995298.7123378476,9910000.0,7914701.287662152,1977.8082475192225,355.07752764306036,92,12
C,Alta demanda con flota mixta: 5 motos y 2 furgonetas,,219,1,1.0310516957234892,0.238582769109417,2068962.7486372034,9370000.0,7301037.251362797,2128.6535707304583,357.2669593491396,99,12
C,Alta demanda con flota mixta: 5 motos y 2 furgonetas,,203,1,1.040962736892286,0.23697369606700677,2025234.2196725085,8690000.0,6664765.780327491,2119.7933152774976,307.8862351208824,93,11
C,Alta demanda con flota mixta: 5 motos y 2 furgonetas,,193,5,1.058588562404155,0.23027046356369357,2005650.5191770445,8540000.0,6534349.480822955,2111.059862244832,288.61098333187886,93,10
C,Alta demanda con flota mixta: 5 motos y 2 furgonetas,,191,9,0.9976350063987157,0.21119297113668922,1942106.1585307566,8980000.0,7037893.841469243,1964.9136038786796,296.27091471264043,91,10
C,Alta demanda con flota mixta: 5 motos y 2 furgonetas,,203,8,0.9629002942210048,0.20443779215394323,1999502.1542081241,9190000.0,7190497.845791876,2085.620397220754,296.08522232189085,93,11
C,Alta demanda con flota mixta: 5 motos y 2 furgonetas,,190,1,0.9675831179813593,0.22878943000002736,1949896.7805327596,8550000.0,6600103.21946724,2062.751565588971,247.7063278574601,100,9
C,Alta demanda con flota mixta: 5 motos y 2 furgonetas,,172,5,0.938949643286633,0.25721885370078346,1885238.3367981494,7310000.0,5424761.663201851,1970.3266239578702,221.9604512189405,92,8
C,Alta demanda con flota mixta: 5 motos y 2 furgonetas,,170,2,1.048435095174006,0.27091758624094275,1944250.8173966447,7650000.0,5705749.1826033555,2102.1851589731928,217.14990271974153,100,7
C,Alta demanda con flota mixta: 5 motos y 2 furgonetas,,195,4,0.8910043850862859,0.2584997515281206,1977411.6313573986,8500000.0,6522588.368642601,2142.806959965356,234.39388118694058,105,9
C,Alta demanda con flota mixta: 5 motos y 2 furgonetas,,193,5,1.0189608198431142,0.23167264483401856,1987315.168372685,8640000.0,6652684.831627315,2040.7262523400009,307.604472138844,93,10
C,Alta demanda con flota mixta: 5 motos y 2 furgonetas,,214,1,1.1231450331135595,0.2749994097473964,2009167.0788870626,8820000.0,6810832.921112938,1995.1190217449246,362.0972790838023,94,12
C,Alta demanda con flota mixta: 5 motos y 2 furgonetas,,194,9,0.9209812235798684,0.2559051581760197,1962089.2776756664,8670000.0,6707910.722324334,2044.2670929274404,273.9620776010079,94,10
C,Alta demanda con flota mixta: 5 motos y 2 furgonetas,,182,3,0.9672662716490326,0.26060571660407134,1934140.8316721038,8260000.0,6325859.168327896,2043.9340765226525,239.22496873487182,92,9
C,Alta demanda con flota mixta: 5 motos y 2 furgonetas,,192,7,0.92542365547405,0.23277794597346058,1917421.2884803086,8560000.0,6642578.711519691,1964.7980323215309,265.4836976851304,92,10
C,Alta demanda con flota mixta: 5 motos y 2 furgonetas,,221,9,1.0597662837924635,0.24199663452124048,2033669.0813499466,10980000.0,8946330.918650053,2041.5535979490887,365.0538377701446,91,13
C,Alta demanda con flota mixta: 5 motos y 2 furgonetas,,214,3,1.1107779372269804,0.2915357369596032,2028910.173923073,9370000.0,7341089.826076927,2068.1914329996566,343.23138460698135,94,12
C,Alta demanda con flota mixta: 5 motos y 2 furgonetas,,180,10,1.0547312858234752,0.27874579368590696,1981310.5195518553,8100000.0,6118689.4804481445,2151.9415472089813,233.82407670919525,100,8
C,Alta demanda con flota mixta: 5 motos y 2 furgonetas,,207,0,1.061894088500703,0.24649207165405904,2031603.1642462811,8960000.0,6928396.835753718,2101.733374130963,326.60956051658167,97,11
C,Alta demanda con flota mixta: 5 motos y 2 furgonetas,,203,5,0.9241346991999966,0.23331810474146497,1989597.6544409813,9490000.0,7500402.345559019,2105.8959496474395,271.62214247749614,103,10
C,Alta demanda con flota mixta: 5 motos y 2 furgonetas,,184,7,1.1461355529234305,0.2995335225270615,1978920.2351353024,8220000.0,6241079.764864698,2093.379654834659,265.7339848780182,94,9
C,Alta demanda con flota mixta: 5 motos y 2 furgonetas,,206,8,1.004487026018174,0.28104299910319364,2011078.7796515469,8980000.0,6968921.220348453,2065.587264274003,322.49399846329925,96,11
C,Alta demanda con flota mixta: 5 motos y 2 furgonetas,,204,2,1.0169475132919188,0.25879539133165996,1995676.9056782788,9420000.0,7424323.094321721,2085.0848409160812,291.622806355994,94,11
C,Alta demanda con flota mixta: 5 motos y 2 furgonetas,,185,2,1.0304148783768499,0.277768180515149,1924764.359638345,8850000.0,6925235.6403616555,2040.2404056196565,229.70548335465574,105,8
C,Alta demanda con flota mixta: 5 motos y 2 furgonetas,,175,9,0.8977345431912501,0.2648267708946314,1872872.1248589896,8100000.0,6227127.875141011,1966.676210536001,208.67801328324973,95,8
C,Alta demanda con flota mixta: 5 motos y 2 furgonetas,,208,6,1.0169086949871926,0.2621856780452635,2028495.9010282676,9340000.0,7311504.098971732,2058.5280917091436,348.4720493552575,88,12
C,Alta demanda con flota mixta: 5 motos y 2 furgonetas,,213,3,0.9688676072360641,0.2619170543577616,2002493.324449883,9540000.0,7537506.675550117,2061.4727884595427,314.21404703000326,93,12
C,Alta demanda con flota mixta: 5 motos y 2 furgonetas,,202,7,1.0293619944528112,0.23709937944515458,1994795.7909511202,9210000.0,7215204.20904888,2033.8910563963493,321.02842906465975,92,11
C,Alta demanda con flota mixta: 5 motos y 2 furgonetas,,202,6,1.0198389252031024,0.2740519623748831,1977379.8857701677,8960000.0,6982620.114229832,2030.9723805523388,300.99782300736223,92,11
C,Alta demanda con flota mixta: 5 motos y 2 furgonetas,,174,8,0.9301520474424346,0.2672386553578044,1918844.9821241167,7870000.0,5951155.017875884,2035.251754757236,225.2790608689217,94,8
C,Alta demanda con flota mixta: 5 motos y 2 furgonetas,,196,3,1.0508256771097653,0.27772676359616316,2026208.6706141704,8830000.0,6803791.32938583,2166.4025098661036,281.3292971276749,106,9
C,Alta demanda con flota mixta: 5 motos y 2 furgonetas,,197,1,1.012824933991176,0.2825876608537245,2039660.9572357743,9010000.0,6970339.042764226,2212.9958403327983,270.3791073629465,97,10
C,Alta demanda con flota mixta: 5 motos y 2 furgonetas,,156,4,0.9408617193417027,0.26458400283631595,1929503.4000557733,7180000.0,5250496.599944226,2162.1381326232627,162.98890463340413,96,6
C,Alta demanda con flota mixta: 5 motos y 2 furgonetas,,187,6,0.9964358639330746,0.27666362072158984,1985994.4928230806,8610000.0,6624005.507176919,2105.380669519049,267.4252523246282,87,10
C,Alta demanda con flota mixta: 5 motos y 2 furgonetas,,212,6,0.9867585482808319,0.20984541777888355,2029085.8438869053,9760000.0,7730914.156113095,2105.634363375177,321.13826181437065,102,11
C,Alta demanda con flota mixta: 5 motos y 2 furgonetas,,197,5,0.9888692308645379,0.20190071040098762,1992797.1860622393,9460000.0,7467202.813937761,2046.780608645638,310.84912764880147,97,10
C,Alta demanda con flota mixta: 5 motos y 2 furgonetas,,203,6,1.0063548654022658,0.2586519652988389,2006528.122658763,8390000.0,6383471.877341237,2086.8888719647207,304.1117829293254,93,11
C,Alta demanda con flota mixta: 5 motos y 2 furgonetas,,179,7,1.1058385615571886,0.2784280038539639,1957724.0805757702,8020000.0,6062275.91942423,2059.0376562158217,259.7036179305503,89,9
C,Alta demanda con flota mixta: 5 motos y 2 furgonetas,,198,6,1.0096683149152124,0.2958605453568821,2026758.7239465495,8840000.0,6813241.276053451,2165.73997058631,282.41167923172065,98,10
C,Alta demanda con flota mixta: 5 motos y 2 furgonetas,,199,4,1.0323149625169799,0.24979602580145494,1997848.7092029597,8770000.0,6772151.29079704,2118.623817042788,274.3512656507373,99,10
C,Alta demanda con flota mixta: 5 motos y 2 furgonetas,,205,9,0.9794663239708035,0.23808423608103388,2001495.6066076087,9300000.0,7298504.3933923915,2069.600490890579,308.1235002522267,95,11
C,Alta demanda con flota mixta: 5 motos y 2 furgonetas,,213,5,0.9168677449135638,0.22142242597977688,2035403.154960037,9340000.0,7304596.845039963,2119.7232196206087,320.6391751084298,93,12
C,Alta demanda con flota mixta: 5 motos y 2 furgonetas,,189,1,0.9908552278110871,0.2462948254098854,1972579.8414785052,8470000.0,6497420.158521495,2057.700523217463,279.07013332685426,89,10
C,Alta demanda con flota mixta: 5 motos y 2 furgonetas,,188,3,0.9315633437280756,0.25172946764297216,1954605.9892194292,8240000.0,6285394.010780571,2072.912379335828,247.53788279387356,98,9
C,Alta demanda con flota mixta: 5 motos y 2 furgonetas,,205,1,1.0495288023249691,0.23317299373607958,2030791.1509223701,9050000.0,7019208.84907763,2103.601655433724,324.48121167986255,95,11
C,Alta demanda con flota mixta: 5 motos y 2 furgonetas,,206,4,1.1276771982169627,0.21930272661839592,2037838.0836398937,9330000.0,7292161.916360106,2102.546060019887,333.9189200788145,96,11
C,Alta demanda con flota mixta: 5 motos y 2 furgonetas,,217,6,0.9753763379767886,0.23459220199418582,2033444.525732915,9710000.0,7676555.474267085,2088.992429205008,336.5037507180629,97,12
C,Alta demanda con flota mixta: 5 motos y 2 furgonetas,,211,3,0.9433724893467286,0.20950005918096745,2025403.4692256541,9430000.0,7404596.530774346,2118.8708863314423,308.6474840016304,101,11
C,Alta demanda con flota mixta: 5 motos y 2 furgonetas,,193,4,0.9738764596493522,0.2644884991475665,1982925.7312251788,8690000.0,6707074.268774821,2115.962025827878,257.2837378358667,103,9
C,Alta demanda con flota mixta: 5 motos y 2 furgonetas,,209,5,1.0335155523195556,0.22188465396821216,2044929.9509190775,9370000.0,7325070.049080922,2073.5803613523835,360.0447760849925,89,12
C,Alta demanda con flota mixta: 5 motos y 2 furgonetas,,208,0,0.9792610676929224,0.2431292506711757,1994668.1251044874,9190000.0,7195331.874895513,2082.7603674304514,291.74701344475744,98,11
C,Alta demanda con flota mixta: 5 motos y 2 furgonetas,,179,8,0.9401156874441081,0.2721776189497464,1976153.4875524393,8420000.0,6443846.51244756,2128.818709108275,241.15697496961243,99,8
C,Alta demanda con flota mixta: 5 motos y 2 furgonetas,,187,5,0.9836475610027813,0.22694111169288286,1967808.1692522268,8660000.0,6692191.830747773,2045.238598624346,280.5317596831007,87,10
C,Alta demanda con flota mixta: 5 motos y 2 furgonetas,,238,5,1.033993324696068,0.2580192570956793,2145391.3131450727,10140000.0,7994608.686854927,2211.419138371769,403.4816286569221,98,14
C,Alta demanda con flota mixta: 5 motos y 2 furgonetas,,193,1,0.9252029039619132,0.25293608602101014,1946685.4925455314,8190000.0,6243314.507454469,2063.41019329739,243.29973338913152,103,9
C,Alta demanda con flota mixta: 5 motos y 2 furgonetas,,199,6,0.9903508110813293,0.2354110275256128,1993033.1984548755,8520000.0,6526966.8015451245,2083.1642604755148,289.4626702185266,99,10
C,Alta demanda con flota mixta: 5 motos y 2 furgonetas,,213,1,1.1054301446049193,0.23786913764721374,1994821.1592003116,9190000.0,7195178.840799688,1973.7613783277639,356.892166158195,83,13
C,Alta demanda con flota mixta: 5 motos y 2 furgonetas,,204,6,0.9722049892160282,0.25716288422731154,2005112.7674560775,9120000.0,7114887.232543923,2052.086176114738,323.0819504166707,94,11
C,Alta demanda con flota mixta: 5 motos y 2 furgonetas,,168,3,0.9279185699434158,0.26591349208567017,1952093.0470057062,7490000.0,5537906.9529942935,2135.9231220300544,206.84781582094686,98,7
C,Alta demanda con flota mixta: 5 motos y 2 furgonetas,,197,10,0.960225516140011,0.23217826689567375,1993209.7617845824,8560000.0,6566790.238215418,2095.247150199882,282.4830293577889,97,10
C,Alta demanda con flota mixta: 5 motos y 2 furgonetas,,184,3,0.9577827173105954,0.24659334271912786,1898782.2868081701,8770000.0,6871217.71319183,1994.7678992377555,224.32552727624127,104,8
C,Alta demanda con flota mixta: 5 motos y 2 furgonetas,,192,4,0.9980590219234013,0.26340575778750475,2008037.6242743058,8310000.0,6301962.375725694,2128.0436714835732,281.4740004804752,92,10
C,Alta demanda con flota mixta: 5 motos y 2 furgonetas,,222,4,1.067994872162776,0.22920531602167815,2027615.3302475086,10210000.0,8182384.669752492,1997.1088217809877,383.9718465703724,92,13
C,Alta demanda con flota mixta: 5 motos y 2 furgonetas,,198,3,0.9119115127222178,0.28331899891380435,2005950.2608375996,8590000.0,6584049.7391624,2201.5251035574934,235.07629229384284,108,9
C,Alta demanda con flota mixta: 5 motos y 2 furgonetas,,183,6,0.962189878532402,0.27403426031360706,1950211.1928027507,8240000.0,6289788.8071972495,2091.107695599768,231.20157086989013,103,8
C,Alta demanda con flota mixta: 5 motos y 2 furgonetas,,190,6,1.0096805854700988,0.27932344515393337,1998426.7417788396,8700000.0,6701573.258221161,2157.0394892874274,252.1814270841034,100,9
C,Alta demanda con flota mixta: 5 motos y 2 furgonetas,,205,1,1.0102076483433906,0.22748755822332742,1969553.3458052296,9200000.0,7230446.65419477,2030.9959342823897,291.20061208903104,95,11
C,Alta demanda con flota mixta: 5 motos y 2 furgonetas,,188,4,0.9788064780671465,0.2517444825671882,1946700.1951385895,7990000.0,6043299.8048614105,2026.1899796351731,265.4981022044397,98,9
C,Alta demanda con flota mixta: 5 motos y 2 furgonetas,,189,3,1.0348047478715439,0.2954680843909974,1967797.8954616531,8220000.0,6252202.104538347,2081.225506454194,259.07386923273043,99,9
C,Alta demanda con flota mixta: 5 motos y 2 furgonetas,,210,6,1.0624282681082862,0.2530853293353343,2074000.2093262014,9300000.0,7225999.790673799,2191.7432501359785,325.9678566316439,100,11
C,Alta demanda con flota mixta: 5 motos y 2 furgonetas,,212,4,1.0606356651514697,0.2457348452130684,2051690.3410267201,9560000.0,7508309.65897328,2103.1695701079825,350.862684356974,92,12
C,Alta demanda con flota mixta: 5 motos y 2 furgonetas,,191,10,1.1170497903789791,0.23270928183174958,1992668.7596379265,8430000.0,6437331.240362073,2081.2168656212602,290.167598633428,91,10
C,Alta demanda con flota mixta: 5 motos y 2 furgonetas,,212,2,1.0886417932907726,0.2499136169019043,2028674.1090012994,9360000.0,7331325.890998701,2053.552661776417,351.659730211334,92,12
C,Alta demanda con flota mixta: 5 motos y 2 furgonetas,,181,3,0.995021060534769,0.254106545675581,1942150.0074404762,7630000.0,5687849.992559524,2038.8747048198718,252.25138128517187,91,9
C,Alta demanda con flota mixta: 5 motos y 2 furgonetas,,194,7,1.1247525950333406,0.25734773729742505,2020724.992254011,8420000.0,6399275.007745989,2125.5093500253893,298.8434442910557,94,10
C,Alta demanda con flota mixta: 5 motos y 2 furgonetas,,197,0,0.9913354874909244,0.23768457687258762,1977846.2102796452,8760000.0,6782153.789720355,2072.2741740036145,276.96847365417625,97,10
C,Alta demanda con flota mixta: 5 motos y 2 furgonetas,,206,8,1.0443690783104769,0.27036617791750706,2040750.6060381408,8580000.0,6539249.393961859,2145.3568902749025,312.04806419228066,96,11
C,Alta demanda con flota mixta: 5 motos y 2 furgonetas,,164,1,0.9762388192928501,0.28214796296683536,1899109.8503574068,7370000.0,5470890.149642593,2043.451834393988,195.72361620399863,94,7
C,Alta demanda con flota mixta: 5 motos y 2 furgonetas,,192,4,1.0242120633160174,0.2762885425479905,2000652.6729295985,9160000.0,7159347.327070402,2133.899364948988,268.753330367382,92,10
C,Alta demanda con flota mixta: 5 motos y 2 furgonetas,,235,4,0.8706481711393512,0.2136826493750467,2095316.5007823098,10250000.0,8154683.49921769,2137.4771471416047,384.9510700524153,105,13
C,Alta demanda con flota mixta: 5 motos y 2 furgonetas,,196,7,1.0740758324681188,0.2578107642518804,2037755.1817758447,8880000.0,6842244.818224155,2149.6772636361734,305.7292193737636,96,10
C,Alta demanda con flota mixta: 5 motos y 2 furgonetas,,185,4,0.8045731851054684,0.2347845045182442,1900612.8588034012,8350000.0,6449387.141196599,2009.4915603140746,217.83972858913964,105,8
C,Alta demanda con flota mixta: 5 motos y 2 furgonetas,,179,9,0.8842848962436408,0.20712879432271217,1960802.91929368,7820000.0,5859197.08070632,2121.9279817096367,226.07503523710358,99,8
C,Alta demanda con flota mixta: 5 motos y 2 furgonetas,,195,8,1.042378642762711,0.2716423237255181,1973539.86207112,9300000.0,7326460.13792888,2060.5362768383907,278.5802980379912,95,10
C,Alta demanda con flota mixta: 5 motos y 2 furgonetas,,206,7,1.0034273756533776,0.23883873846016077,2037872.8229406374,9080000.0,7042127.177059363,2120.9378204868626,323.00246424546776,96,11
C,Alta demanda con flota mixta: 5 motos y 2 furgonetas,,209,5,0.9126810426308987,0.23032512587741746,2017041.6002425984,9470000.0,7452958.399757402,2119.4780105075465,297.8333548872196,99,11
C,Alta demanda con flota mixta: 5 motos y 2 furgonetas,,219,5,0.944329904061857,0.23491621361261503,2021109.5364418833,9820000.0,7798890.463558117,2017.2133079106443,363.85908972260097,99,12
C,Alta demanda con flota mixta: 5 motos y 2 furgonetas,,226,6,0.893412667092713,0.21282363768729723,2049007.9124064962,10380000.0,8330992.087593503,2151.7892983413417,318.5365447808329,106,12
C,Alta demanda con flota mixta: 5 motos y 2 furgonetas,,196,8,0.9532774273421449,0.24211405215405718,2050032.4032532687,8330000.0,6279967.596746732,2172.926275330018,307.2213695395347,96,10
C,Alta demanda con flota mixta: 5 motos y 2 furgonetas,,186,3,0.8590860774665248,0.23724283109147465,1960548.3423917787,8280000.0,6319451.657608221,2131.698096583778,219.93468052979046,106,8
C,Alta demanda con flota mixta: 5 motos y 2 furgonetas,,189,12,1.0887117949804264,0.2646124974397267,1998706.9357881858,8820000.0,6821293.064211814,2113.96267427528,278.2016821217116,99,9
C,Alta demanda con flota mixta: 5 motos y 2 furgonetas,,180,6,0.9174148602414265,0.2606069930283131,1903114.4337906123,8000000.0,6096885.566209388,2016.149857180536,216.9989349917175,100,8
C,Alta demanda con flota mixta: 5 motos y 2 furgonetas,,174,9,1.0026929416106898,0.2752498670457925,1909876.2867406178,7920000.0,6010123.713259382,2019.2388467178,223.6104837015999,94,8
C,Alta demanda con flota mixta: 5 motos y 2 furgonetas,,196,2,1.0082118672717093,0.24194705274689818,1970497.9592755008,8580000.0,6609502.040724499,2010.8550864943925,304.38356188433454,96,10
C,Alta demanda con flota mixta: 5 motos y 2 furgonetas,,210,1,0.8878375296598797,0.23562203788785566,1959736.1906916716,9300000.0,7340263.809308329,1963.852104787194,318.9410154911378,100,11
C,Alta demanda con flota mixta: 5 motos y 2 furgonetas,,194,1,0.9596099398910106,0.22404897883655225,1945523.7100896891,9120000.0,7174476.289910311,1981.8120231415305,290.4728748923315,94,10
C,Alta demanda con flota mixta: 5 motos y 2 furgonetas,,195,4,0.9563505767864143,0.25546813597972534,1987964.644756892,8300000.0,6312035.355243108,2083.389360875297,282.99283795406217,95,10
C,Alta demanda con flota mixta: 5 motos y 2 furgonetas,,232,8,1.1091862840892033,0.2708449003763224,2066155.6143705081,10610000.0,8543844.385629492,2119.0233983198127,359.4967816324269,102,13
C,Alta demanda con flota mixta: 5 motos y 2 furgonetas,,199,3,1.0044130844449763,0.22256422535053116,1960986.024290178,8720000.0,6759013.975709822,2013.1685353895575,291.11503003794144,99,10
C,Alta demanda con flota mixta: 5 motos y 2 furgonetas,,160,11,1.0544393566641344,0.29883039349934937,1901377.5582540513,7700000.0,5798622.441745949,2049.1181149816884,195.18164364408594,90,7
C,Alta demanda con flota mixta: 5 motos y 2 furgonetas,,217,3,0.9283882882850898,0.2496931450754308,1993089.0057871097,9910000.0,7916910.99421289,2035.6416288264347,317.8517596164024,97,12
C,Alta demanda con flota mixta: 5 motos y 2 furgonetas,,209,2,1.0829850699821537,0.21476780579554453,2027724.1119277165,10470000.0,8442275.888072284,2063.662245361023,344.4478066414934,99,11
C,Alta demanda con flota mixta: 5 motos y 2 furgonetas,,208,4,0.9231529317676266,0.24401551818223244,2079705.8935560158,9390000.0,7310294.106443984,2223.331925387031,314.27587547836936,98,11
C,Alta demanda con flota mixta: 5 motos y 2 furgonetas,,218,2,1.1008570667064665,0.2314210768921812,2044632.6850139773,10140000.0,8095367.314986022,2048.035896327977,374.8954597174745,88,13
C,Alta demanda con flota mixta: 5 motos y 2 furgonetas,,176,3,1.0193973930969547,0.2611557733819747,1935898.3150590137,8380000.0,6444101.684940986,2067.296759703038,227.49970802777727,96,8
C,Alta demanda con flota mixta: 5 motos y 2 furgonetas,,222,3,1.1001414932002784,0.23072780910037302,2028793.125236654,10210000.0,8181206.874763346,2040.560547757382,359.55066365089414,92,13
C,Alta demanda con flota mixta: 5 motos y 2 furgonetas,,211,6,0.9896551630577262,0.24706524750882977,2015323.6693676761,9480000.0,7464676.330632323,2072.781299618072,323.5130950214882,101,11
C,Alta demanda con flota mixta: 5 motos y 2 furgonetas,,192,6,1.0149121853709004,0.3098364786095182,1978905.3601913275,8510000.0,6531094.6398086725,2128.5205197517084,244.7745105331666,102,9
C,Alta demanda con flota mixta: 5 motos y 2 furgonetas,,213,9,1.0620152133046254,0.2454990296263659,2031853.8864025774,9290000.0,7258146.113597423,2063.952247631355,349.43720875714905,93,12
C,Alta demanda con flota mixta: 5 motos y 2 furgonetas,,199,7,0.9830246800430736,0.2209999530016791,1965798.2536015247,9370000.0,7404201.746398475,2027.8079721176298,288.4064933379062,99,10
C,Alta demanda con flota mixta: 5 motos y 2 furgonetas,,203,0,0.9556696980743783,0.24125120531925895,1976126.93894407,8840000.0,6863873.06105593,2026.288343773691,302.22291554159614,93,11
C,Alta demanda con flota mixta: 5 motos y 2 furgonetas,,209,4,1.0067021971329084,0.23862247890214652,1993306.1336979556,8920000.0,6926693.866302044,1970.4338724406598,356.98128663219705,89,12
C,Alta demanda con flota mixta: 5 motos y 2 furgonetas,,196,8,0.9776430198562593,0.2487134755871963,1966295.3573214128,9180000.0,7213704.642678587,2063.286338055445,267.885871245849,96,10
C,Alta demanda con flota mixta: 5 motos y 2 furgonetas,,208,7,1.0031923083789611,0.24836306081031884,2018642.668888324,9640000.0,7621357.331111676,2091.3818250346144,316.5775588200145,98,11
C,Alta demanda con flota mixta: 5 motos y 2 furgonetas,,183,7,0.9156399669600152,0.258482877519657,1887884.127209546,8090000.0,6202115.872790454,2011.7932121927806,200.55723097164966,103,8
C,Alta demanda con flota mixta: 5 motos y 2 furgonetas,,180,1,0.9695854051374024,0.32603046621397413,1969559.8877844207,7700000.0,5730440.1122155795,2161.649796345569,213.35051998629461,100,8
C,Alta demanda con flota mixta: 5 motos y 2 furgonetas,,189,7,0.9336786125130703,0.24165357959463177,1972383.0266110308,8820000.0,6847616.973388969,2094.209623383237,257.0678855899733,99,9
C,Alta demanda con flota mixta: 5 motos y 2 furgonetas,,193,4,0.9853108170108662,0.2756198892421671,2024328.7833359835,8090000.0,6065671.216664016,2188.382693452121,265.8811718787406,103,9
C,Alta demanda con flota mixta: 5 motos y 2 furgonetas,,192,2,1.0242174959774688,0.27916034390933114,1988017.5940424912,8610000.0,6621982.405957509,2077.7421674772304,286.42425769688674,92,10
C,Alta demanda con flota mixta: 5 motos y 2 furgonetas,,216,9,0.9529745058046044,0.2464403653765053,2026334.1579322072,9680000.0,7653665.842067793,2079.6455766663466,333.1856972306212,96,12
C,Alta demanda con flota mixta: 5 motos y 2 furgonetas,,210,11,0.992039086624832,0.21631557919262095,2047307.6586153551,9150000.0,7102692.341384645,2138.5773062329554,324.28441878919625,100,11
C,Alta demanda con flota mixta: 5 motos y 2 furgonetas,,172,1,0.9282490076405513,0.2878832122288446,1930503.2668374623,7960000.0,6029496.733162537,2051.772281182764,230.0071285570517,92,8
C,Alta demanda con flota mixta: 5 motos y 2 furgonetas,,208,6,0.9536833043391688,0.23530438574305215,1994092.396644041,9490000.0,7495907.603355959,2049.858460188216,310.6340106686877,98,11
C,Alta demanda con flota mixta: 5 motos y 2 furgonetas,,205,10,0.962429281059467,0.22395358810132757,2045598.5298700256,9950000.0,7904401.470129974,2127.7609364258774,328.5936178301938,95,11
C,Alta demanda con flota mixta: 5 motos y 2 furgonetas,,208,5,0.9823767089629046,0.24229232997417344,2053126.0506505799,9740000.0,7686873.94934942,2130.6727597696718,336.26782687752956,98,11
C,Alta demanda con flota mixta: 5 motos y 2 furgonetas,,209,2,1.0064084427736302,0.23422386135140433,2016295.7261728572,9670000.0,7653704.273827143,2080.966445214958,319.85053545246296,99,11
C,Alta demanda con flota mixta: 5 motos y 2 furgonetas,,191,2,0.938504935898734,0.2585491330751148,1970223.9782631344,8480000.0,6509776.021736866,2085.6299794003553,259.4817922500523,101,9
C,Alta demanda con flota mixta: 5 motos y 2 furgonetas,,218,0,0.9814416476401248,0.22404475566105356,2050374.398618449,9590000.0,7539625.6013815515,2170.889456947891,308.8626292801495,98,12
C,Alta demanda con flota mixta: 5 motos y 2 furgonetas,,193,6,0.9523680315751204,0.25915809359432423,2013783.0306417241,8940000.0,6926216.969358276,2150.2482578526883,275.4237678650633,93,10
C,Alta demanda con flota mixta: 5 motos y 2 furgonetas,,204,8,1.0358374012267646,0.2371965219336306,1995395.4635095766,9370000.0,7374604.536490424,2042.5024381906157,316.6463897092543,94,11
C,Alta demanda con flota mixta: 5 motos y 2 furgonetas,,202,2,1.0990253504507776,0.2835572704451907,2028264.652713752,9460000.0,7431735.347286249,2109.0521681716186,318.0750602471689,92,11
C,Alta demanda con flota mixta: 5 motos y 2 furgonetas,,188,8,1.0164248868448074,0.2663250929751999,1998713.3922552858,8590000.0,6591286.607744714,2161.018499380796,250.16859832739866,98,9
C,Alta demanda con flota mixta: 5 motos y 2 furgonetas,,189,7,0.9669804474002281,0.25079612891186526,1960789.8302305583,9170000.0,7209210.169769442,2073.552019035163,254.88651476545465,99,9
C,Alta demanda con flota mixta: 5 motos y 2 furgonetas,,213,7,1.0740247857686958,0.288909610318208,2047346.107896282,9340000.0,7292653.892103718,2127.9956839439055,330.6382013826781,93,12
C,Alta demanda con flota mixta: 5 motos y 2 furgonetas,,188,7,1.0675207966591578,0.23727623225826075,1980077.0215773853,8540000.0,6559922.978422615,2092.6219936777525,267.63146768478504,98,9
C,Alta demanda con flota mixta: 5 motos y 2 furgonetas,,211,0,0.9574768189810741,0.2335518328418797,2014067.0663821234,9130000.0,7115932.933617877,2096.5228571457174,307.7944503893551,101,11
C,Alta demanda con flota mixta: 5 motos y 2 furgonetas,,200,2,0.9756090527507806,0.24171910597229224,1993068.1817816999,9100000.0,7106931.8182183,2053.401514131678,307.24239195767973,100,10
C,Alta demanda con flota mixta: 5 motos y 2 furgonetas,,178,7,0.9874774129699447,0.29686029177273104,1932940.3798745482,8390000.0,6457059.620125452,2078.441830497641,217.1608020473068,98,8
C,Alta demanda con flota mixta: 5 motos y 2 furgonetas,,200,0,1.070552364938111,0.27683760509336863,2015571.8331311145,9200000.0,7184428.166868886,2104.762156876663,304.76550712467787,100,10
C,Alta demanda con flota mixta: 5 motos y 2 furgonetas,,189,1,0.992822666010738,0.23613996861262349,1980568.526463323,8270000.0,6289431.473536677,2067.8276928637165,283.0210825760524,89,10
C,Alta demanda con flota mixta: 5 motos y 2 furgonetas,,209,8,0.9313447658699743,0.23307062686699442,2018751.042151822,9720000.0,7701248.957848178,2092.792897526905,315.872149662825,99,11
C,Alta demanda con flota mixta: 5 motos y 2 furgonetas,,203,2,1.0036899244052742,0.2610659391071607,1957518.92580221,8890000.0,6932481.07419779,2025.4629349600912,279.4547705439053,103,10
C,Alta demanda con flota mixta: 5 motos y 2 furgonetas,,231,4,1.0131363767402668,0.2612951043531087,2095791.6247766202,10080000.0,7984208.37522338,2092.551659964437,412.31663442276624,91,14
C,Alta demanda con flota mixta: 5 motos y 2 furgonetas,,213,6,0.9713102512881797,0.2228029784890098,2003515.8745957576,9340000.0,7336484.125404242,2004.4020635775396,349.5013930535932,93,12
C,Alta demanda con flota mixta: 5 motos y 2 furgonetas,,179,7,0.9921941303756369,0.26904850759055554,1916417.1731321178,8470000.0,6553582.826867882,1997.9563813624663,244.46907882703448,99,8
C,Alta demanda con flota mixta: 5 motos y 2 furgonetas,,193,5,0.9579343421534603,0.2197734368939796,1952234.0191945073,8890000.0,6937765.980805493,2000.2302813815543,287.8850909598967,93,10
C,Alta demanda con flota mixta: 5 motos y 2 furgonetas,,209,7,1.0262860770024655,0.23809260252521233,2029448.79988616,9470000.0,7440551.20011384,2117.656888007251,314.4275841036249,99,11
C,Alta demanda con flota mixta: 5 motos y 2 furgonetas,,189,4,0.8964247227990303,0.21422412160589308,1925048.753650689,7820000.0,5894951.2463493105,2037.2049181971847,231.8698607687306,99,9
C,Alta demanda con flota mixta: 5 motos y 2 furgonetas,,225,1,1.0108933654811358,0.22276766760803862,2053852.437735442,9500000.0,7446147.562264558,2108.8593341965448,350.1747037004519,95,13
C,Alta demanda con flota mixta: 5 motos y 2 furgonetas,,177,7,1.125564082663629,0.22212686445528804,1888993.602684119,7360000.0,5471006.397315881,1926.7456167179787,252.62500055324443,87,9
C,Alta demanda con flota mixta: 5 motos y 2 furgonetas,,193,7,1.020436150402535,0.2669911234737279,1942715.8905695323,8440000.0,6497284.109430468,2024.6036329041997,261.4630453394385,103,9
C,Alta demanda con flota mixta: 5 motos y 2 furgonetas,,187,7,1.0161341650392723,0.2961994363789528,1984223.9231576317,8810000.0,6825776.076842369,2085.5955015078516,277.00226917528965,97,9
C,Alta demanda con flota mixta: 5 motos y 2 furgonetas,,196,7,1.027634848149659,0.25909915216383106,2000790.2238175066,9330000.0,7329209.776182493,2067.7850492763414,308.32361611554353,86,11
C,Alta demanda con flota mixta: 5 motos y 2 furgonetas,,195,5,1.0975418790158036,0.2504100865207068,2000007.1363430622,8250000.0,6249992.863656938,2053.8107652074336,315.67220732770227,95,10
C,Alta demanda con flota mixta: 5 motos y 2 furgonetas,,182,8,0.9944563038916276,0.2384999852037808,1922927.8599359079,8360000.0,6437072.140064092,2005.4254525398696,248.15652445376708,92,9
C,Alta demanda con flota mixta: 5 motos y 2 furgonetas,,195,2,0.9094526295448486,0.24024641358026963,1980703.2862054142,8700000.0,6719296.713794585,2104.515840334751,261.3266065738333,95,10
C,Alta demanda con flota mixta: 5 motos y 2 furgonetas,,189,5,0.9583036681468607,0.22456725323323776,1980510.7602227742,8720000.0,6739489.239777226,2027.887940723439,306.74947232265936,89,10
C,Alta demanda con flota mixta: 5 motos y 2 furgonetas,,180,9,0.9468210744263628,0.29399393773390864,1928111.05995287,8800000.0,6871888.94004713,2043.4270542220117,231.98989501256173,100,8
C,Alta demanda con flota mixta: 5 motos y 2 furgonetas,,186,5,0.9904590674296591,0.19472343090723776,1944882.2234045444,8480000.0,6535117.776595456,1993.3182477675336,282.8143134534586,96,9
C,Alta demanda con flota mixta: 5 motos y 2 furgonetas,,199,1,0.9074252197493926,0.2081087569099681,2032315.7289556025,9220000.0,7187684.271044398,2150.8540979953655,298.22861304338807,99,10
C,Alta demanda con flota mixta: 5 motos y 2 furgonetas,,190,3,0.9868901001366084,0.2224664725294891,2008966.016246461,8100000.0,6091033.983753539,2129.326579945987,281.86998925656206,90,10
C,Alta demanda con flota mixta: 5 motos y 2 furgonetas,,193,1,1.0187512136800854,0.2519801324585256,1942605.1464384678,9040000.0,7097394.853561532,2000.0928856623236,275.930875841384,93,10
C,Alta demanda con flota mixta: 5 motos y 2 furgonetas,,199,0,1.0367077822617774,0.2567383925296821,2012826.7800894552,8470000.0,6457173.219910545,2129.3065828470435,286.70786058152794,99,10
C,Alta demanda con flota mixta: 5 motos y 2 furgonetas,,187,7,1.1023637409666673,0.24803911098049705,1990366.7137124701,8510000.0,6519633.286287529,2053.954381412051,303.5360963479273,87,10
C,Alta demanda con flota mixta: 5 motos y 2 furgonetas,,222,7,0.9553370775715095,0.22760579999073224,2014902.277771713,10010000.0,7995097.722228287,2021.0675975142544,353.8031970314772,102,12
C,Alta demanda con flota mixta: 5 motos y 2 furgonetas,,191,5,0.9232310758207982,0.2229871278348338,1962665.5298898073,8730000.0,6767334.470110193,2050.2940791445612,271.0908364445744,91,10
C,Alta demanda con flota mixta: 5 motos y 2 furgonetas,,216,4,0.9628611109594479,0.25074801686482256,2038572.9881810083,10030000.0,7991427.011818992,2081.5856431174802,347.32812519256345,96,12
C,Alta demanda con flota mixta: 5 motos y 2 furgonetas,,201,8,0.8591811050953367,0.23807491977557205,1970139.5147496231,9180000.0,7209860.485250377,2054.5160971066234,277.91736424052687,101,10
C,Alta demanda con flota mixta: 5 motos y 2 furgonetas,,199,5,0.9375802704930875,0.22436075073257103,1978929.5497732533,8820000.0,6841070.4502267465,2083.2574429509327,271.77758076461606,99,10
C,Alta demanda con flota mixta: 5 motos y 2 furgonetas,,207,0,1.0009708532487633,0.25460295062410215,2043944.143137831,9310000.0,7266055.856862169,2126.2380508285146,327.4331409784901,97,11
C,Alta demanda con flota mixta: 5 motos y 2 furgonetas,,182,8,1.0182414940930289,0.26254436554879196,1919262.5046393175,7810000.0,5890737.495360683,1960.8210538357575,270.15514907579393,92,9
C,Alta demanda con flota mixta: 5 motos y 2 furgonetas,,195,5,0.9885579475437775,0.23339608140378923,1992936.6976427934,8750000.0,6757063.302357206,2095.504371191337,281.9884179764815,95,10
C,Alta demanda con flota mixta: 5 motos y 2 furgonetas,,177,10,1.0164162229641747,0.24475598248887395,1987142.9881106305,7460000.0,5472857.011889369,2135.082705307042,251.1610570325525,97,8
C,Alta demanda con flota mixta: 5 motos y 2 furgonetas,,206,6,1.0200028092276707,0.2593372483433692,2014333.4010918161,9580000.0,7565666.598908184,2092.313994331743,310.635482738103,96,11
C,Alta demanda con flota mixta: 5 motos y 2 furgonetas,,187,6,1.0246184058483843,0.27403589304653625,1991952.2394997466,8510000.0,6518047.760500253,2132.444209881538,258.7449336742003,97,9
C,Alta demanda con flota mixta: 5 motos y 2 furgonetas,,194,3,0.9772946911559477,0.2509199229275534,1981055.3397541333,8670000.0,6688944.6602458665,2117.9869793340986,253.73905339078564,104,9
C,Alta demanda con flota mixta: 5 motos y 2 furgonetas,,199,9,1.0277512502905077,0.23138388666494203,1998936.0841705601,8620000.0,6621063.91582944,2017.6531848110255,335.88014624004836,89,11
C,Alta demanda con flota mixta: 5 motos y 2 furgonetas,,173,7,0.964692809204262,0.30700309827012584,1990145.9595799649,7190000.0,5199854.040420035,2203.3805426900603,214.21523634971396,103,7
C,Alta demanda con flota mixta: 5 motos y 2 furgonetas,,184,6,0.932872915405562,0.21530067093884755,1923444.5930798869,8520000.0,6596555.406920113,2026.3157561216037,236.35364785059141,94,9
C,Alta demanda con flota mixta: 5 motos y 2 furgonetas,,184,10,0.940756008113571,0.23462220893842559,1966689.7068910818,8370000.0,6403310.293108918,2101.11843352275,245.83418961777556,94,9
C,Alta demanda con flota mixta: 5 motos y 2 furgonetas,,164,1,0.9969658220356259,0.26885683634998775,1881378.8129240961,7020000.0,5138621.187075904,1987.5119451105875,206.89509868495446,94,7
C,Alta demanda con flota mixta: 5 motos y 2 furgonetas,,198,9,0.9278915346233946,0.21240456772780142,1979779.2075161666,8890000.0,6910220.792483834,2030.503400208076,304.27644643926203,98,10
C,Alta demanda con flota mixta: 5 motos y 2 furgonetas,,189,4,0.9216974971757212,0.2532901598156143,2010801.0977555988,8320000.0,6309198.902244401,2114.123135154567,293.2237639372504,89,10
C,Alta demanda con flota mixta: 5 motos y 2 furgonetas,,177,4,1.0782669599645713,0.3212466103093414,1926574.2394086649,7910000.0,5983425.760591336,2054.9220604638585,223.21885142521043,107,7
C,Alta demanda con flota mixta: 5 motos y 2 furgonetas,,183,3,1.0416117642268907,0.28532062171963046,1968996.4606319652,8290000.0,6321003.539368035,2050.9122049956663,278.6361509510252,93,9
C,Alta demanda con flota mixta: 5 motos y 2 furgonetas,,187,2,0.8673686324286738,0.2411578407180763,1933114.6690717689,8860000.0,6926885.330928231,2024.072674773088,249.7779230545412,97,9
C,Alta demanda con flota mixta: 5 motos y 2 furgonetas,,206,5,1.1394649717595189,0.22899980114338236,2051649.5637315726,9680000.0,7628350.436268427,2119.6338868127264,341.00042060972396,96,11
C,Alta demanda con flota mixta: 5 motos y 2 furgonetas,,181,4,1.0236750045185194,0.26509522240114075,1991079.1770159649,8430000.0,6438920.822984035,2153.8924213088503,244.8723482772943,101,8
C,Alta demanda con flota mixta: 5 motos y 2 furgonetas,,193,2,0.9983084509309257,0.2825578538632097,1955479.768540499,8790000.0,6834520.231459501,2041.9915805370013,267.0561974594165,93,10
C,Alta demanda con flota mixta: 5 motos y 2 furgonetas,,199,5,1.0617310220006866,0.2580713015676775,1977868.632376124,8220000.0,6242131.367623876,2033.1729148842353,300.2974303497514,89,11
C,Alta demanda con flota mixta: 5 motos y 2 furgonetas,,224,2,1.0574863427098582,0.2580098480785206,2085694.8290747246,10170000.0,8084305.170925275,2151.3551473299162,364.6539066307167,94,13
C,Alta demanda con flota mixta: 5 motos y 2 furgonetas,,198,4,0.9801843760062294,0.23449441510222396,1964352.267972899,9190000.0,7225647.732027101,1998.8960089525233,303.82801155175116,88,11
C,Alta demanda con flota mixta: 5 motos y 2 furgonetas,,192,2,1.0938910459621594,0.23355104620214276,1994620.6611170073,8610000.0,6615379.338882993,2086.0888826962073,289.7041796071025,92,10
C,Alta demanda con flota mixta: 5 motos y 2 furgonetas,,238,0,1.0478539999738412,0.23571833914945306,2069645.803339715,10940000.0,8870354.196660284,2039.5012478565081,411.24776133190085,98,14
C,Alta demanda con flota mixta: 5 motos y 2 furgonetas,,201,6,0.9098778762293214,0.2539957634488495,1991959.9168409538,9130000.0,7138040.083159046,2092.171970683028,282.7532610920885,91,11
C,Alta demanda con flota mixta: 5 motos y 2 furgonetas,,208,5,1.0044013917725136,0.27821404149841844,2001725.4079641749,9140000.0,7138274.592035825,2098.510207068172,291.18309070625367,108,10
C,Alta demanda con flota mixta: 5 motos y 2 furgonetas,,208,6,0.8254932718606871,0.20138356413530772,1971779.766493511,9440000.0,7468220.23350649,2050.3635789379914,282.4422164035495,98,11
C,Alta demanda con flota mixta: 5 motos y 2 furgonetas,,190,4,0.9173881965540194,0.2810299196489154,1975231.1545401043,8450000.0,6474768.845459895,2108.920899929904,251.86141191619953,100,9
C,Alta demanda con flota mixta: 5 motos y 2 furgonetas,,194,10,1.0057346863588528,0.25238061324504535,1972370.0648694308,8670000.0,6697629.935130569,2026.243585125279,297.5534951863692,94,10
C,Alta demanda con flota mixta: 5 motos y 2 furgonetas,,183,8,0.9632584777375012,0.25107625490980956,2001435.203691956,8190000.0,6188564.796308044,2164.739130082906,251.35369227996318,93,9
C,Alta demanda con flota mixta: 5 motos y 2 furgonetas,,184,3,0.9343561768291069,0.2504743390315574,1950296.3161440054,8570000.0,6619703.683855995,2033.29834248443,265.7572911848013,94,9
C,Alta demanda con flota mixta: 5 motos y 2 furgonetas,,211,5,0.9631607127209965,0.22136598457883497,2024602.3965569392,9230000.0,7205397.603443061,2073.4782309318493,334.6961939265462,91,12
C,Alta demanda con flota mixta: 5 motos y 2 furgonetas,,203,7,0.9564810463924119,0.24157832236385196,1943165.4751923229,8840000.0,6896834.524807677,1978.3183148086318,289.6070257375533,93,11
C,Alta demanda con flota mixta: 5 motos y 2 furgonetas,,186,4,1.0196161209686827,0.2568431484674568,2000073.2196457435,8180000.0,6179926.780354257,2131.590001841057,269.4051921056176,96,9
C,Alta demanda con flota mixta: 5 motos y 2 furgonetas,,185,6,1.0257979997572468,0.2656384762748186,1995845.8437062337,7950000.0,5954154.156293767,2136.377895383463,261.2678065706435,95,9
C,Alta demanda con flota mixta: 5 motos y 2 furgonetas,,186,10,0.8839781469986179,0.22804323598497234,1979062.6470932162,8130000.0,6150937.352906784,2130.6772442307492,243.6859000844119,96,9
C,Alta demanda con flota mixta: 5 motos y 2 furgonetas,,215,10,1.0104558464659439,0.25868081885343863,2024320.8928078501,9550000.0,7525679.107192149,2106.714126661357,314.5386285262754,95,12
C,Alta demanda con flota mixta: 5 motos y 2 furgonetas,,203,2,0.9842265190861466,0.24004117961728866,2043753.179723829,9190000.0,7146246.820276171,2158.674857412462,307.8649382075308,93,11
C,Alta demanda con flota mixta: 5 motos y 2 furgonetas,,205,2,0.9460125899994375,0.2391509097097784,1996887.983249551,9350000.0,7353112.016750449,2083.097499736332,294.32093477085965,95,11
C,Alta demanda con flota mixta: 5 motos y 2 furgonetas,,206,4,0.9514261548850744,0.24060832621073158,2031910.0097657556,9130000.0,7098089.990234245,2157.0467688803756,294.0311740673158,96,11
C,Alta demanda con flota mixta: 5 motos y 2 furgonetas,,204,4,0.9608801749065411,0.2580696398377652,2011933.4035873003,9520000.0,7508066.5964127,2099.1429758246295,303.56601042357937,94,11
C,Alta demanda con flota mixta: 5 motos y 2 furgonetas,,191,2,0.9799807652856933,0.2765588622468818,1998105.5511767152,8430000.0,6431894.448823284,2087.9496598953147,292.9514317890745,91,10
C,Alta demanda con flota mixta: 5 motos y 2 furgonetas,,197,4,1.0150807734891938,0.2817233803818562,2009743.9425837002,9010000.0,7000256.057416299,2121.964531314713,287.22953398309414,97,10
C,Alta demanda con flota mixta: 5 motos y 2 furgonetas,,189,0,0.9456590679135215,0.2507674282853557,1938752.853970996,8570000.0,6631247.146029004,2017.5257560757414,260.7270448668097,99,9
